[0.185s] DEBUG:colcon:Command line arguments: ['/usr/bin/colcon', 'build']
[0.185s] DEBUG:colcon:Parsed command line arguments: Namespace(log_base=None, log_level=None, verb_name='build', build_base='build', install_base='install', merge_install=False, symlink_install=False, test_result_base=None, continue_on_error=False, executor='parallel', parallel_workers=8, event_handlers=None, ignore_user_meta=False, metas=['./colcon.meta'], base_paths=['.'], packages_ignore=None, packages_ignore_regex=None, paths=None, packages_up_to=None, packages_up_to_regex=None, packages_above=None, packages_above_and_dependencies=None, packages_above_depth=None, packages_select_by_dep=None, packages_skip_by_dep=None, packages_skip_up_to=None, packages_select_build_failed=False, packages_skip_build_finished=False, packages_select_test_failures=False, packages_skip_test_passed=False, packages_select=None, packages_skip=None, packages_select_regex=None, packages_skip_regex=None, packages_start=None, packages_end=None, allow_overriding=[], cmake_args=None, cmake_target=None, cmake_target_skip_unavailable=False, cmake_clean_cache=False, cmake_clean_first=False, cmake_force_configure=False, ament_cmake_args=None, catkin_cmake_args=None, catkin_skip_building_tests=False, verb_parser=<colcon_defaults.argument_parser.defaults.DefaultArgumentsDecorator object at 0x74c8ac414b80>, verb_extension=<colcon_core.verb.build.BuildVerb object at 0x74c8ac4145e0>, main=<bound method BuildVerb.main of <colcon_core.verb.build.BuildVerb object at 0x74c8ac4145e0>>)
[0.422s] Level 1:colcon.colcon_core.package_discovery:discover_packages(colcon_meta) check parameters
[0.422s] Level 1:colcon.colcon_core.package_discovery:discover_packages(recursive) check parameters
[0.422s] Level 1:colcon.colcon_core.package_discovery:discover_packages(ignore) check parameters
[0.422s] Level 1:colcon.colcon_core.package_discovery:discover_packages(path) check parameters
[0.422s] Level 1:colcon.colcon_core.package_discovery:discover_packages(colcon_meta) discover
[0.422s] Level 1:colcon.colcon_core.package_discovery:discover_packages(recursive) discover
[0.422s] INFO:colcon.colcon_core.package_discovery:Crawling recursively for packages in '/home/utec/humanoid_ws'
[0.422s] Level 1:colcon.colcon_core.package_identification:_identify(.) by extensions ['ignore', 'ignore_ament_install']
[0.422s] Level 1:colcon.colcon_core.package_identification:_identify(.) by extension 'ignore'
[0.422s] Level 1:colcon.colcon_core.package_identification:_identify(.) by extension 'ignore_ament_install'
[0.422s] Level 1:colcon.colcon_core.package_identification:_identify(.) by extensions ['colcon_pkg']
[0.422s] Level 1:colcon.colcon_core.package_identification:_identify(.) by extension 'colcon_pkg'
[0.422s] Level 1:colcon.colcon_core.package_identification:_identify(.) by extensions ['colcon_meta']
[0.422s] Level 1:colcon.colcon_core.package_identification:_identify(.) by extension 'colcon_meta'
[0.422s] Level 1:colcon.colcon_core.package_identification:_identify(.) by extensions ['ros']
[0.422s] Level 1:colcon.colcon_core.package_identification:_identify(.) by extension 'ros'
[0.433s] Level 1:colcon.colcon_core.package_identification:_identify(.) by extensions ['cmake', 'python']
[0.433s] Level 1:colcon.colcon_core.package_identification:_identify(.) by extension 'cmake'
[0.433s] Level 1:colcon.colcon_core.package_identification:_identify(.) by extension 'python'
[0.433s] Level 1:colcon.colcon_core.package_identification:_identify(.) by extensions ['python_setup_py']
[0.433s] Level 1:colcon.colcon_core.package_identification:_identify(.) by extension 'python_setup_py'
[0.433s] Level 1:colcon.colcon_core.package_identification:_identify(build) by extensions ['ignore', 'ignore_ament_install']
[0.433s] Level 1:colcon.colcon_core.package_identification:_identify(build) by extension 'ignore'
[0.433s] Level 1:colcon.colcon_core.package_identification:_identify(build) ignored
[0.433s] Level 1:colcon.colcon_core.package_identification:_identify(install) by extensions ['ignore', 'ignore_ament_install']
[0.433s] Level 1:colcon.colcon_core.package_identification:_identify(install) by extension 'ignore'
[0.433s] Level 1:colcon.colcon_core.package_identification:_identify(install) ignored
[0.434s] Level 1:colcon.colcon_core.package_identification:_identify(log) by extensions ['ignore', 'ignore_ament_install']
[0.434s] Level 1:colcon.colcon_core.package_identification:_identify(log) by extension 'ignore'
[0.434s] Level 1:colcon.colcon_core.package_identification:_identify(log) ignored
[0.434s] Level 1:colcon.colcon_core.package_identification:_identify(src) by extensions ['ignore', 'ignore_ament_install']
[0.434s] Level 1:colcon.colcon_core.package_identification:_identify(src) by extension 'ignore'
[0.434s] Level 1:colcon.colcon_core.package_identification:_identify(src) by extension 'ignore_ament_install'
[0.434s] Level 1:colcon.colcon_core.package_identification:_identify(src) by extensions ['colcon_pkg']
[0.434s] Level 1:colcon.colcon_core.package_identification:_identify(src) by extension 'colcon_pkg'
[0.434s] Level 1:colcon.colcon_core.package_identification:_identify(src) by extensions ['colcon_meta']
[0.434s] Level 1:colcon.colcon_core.package_identification:_identify(src) by extension 'colcon_meta'
[0.434s] Level 1:colcon.colcon_core.package_identification:_identify(src) by extensions ['ros']
[0.434s] Level 1:colcon.colcon_core.package_identification:_identify(src) by extension 'ros'
[0.434s] Level 1:colcon.colcon_core.package_identification:_identify(src) by extensions ['cmake', 'python']
[0.434s] Level 1:colcon.colcon_core.package_identification:_identify(src) by extension 'cmake'
[0.434s] Level 1:colcon.colcon_core.package_identification:_identify(src) by extension 'python'
[0.434s] Level 1:colcon.colcon_core.package_identification:_identify(src) by extensions ['python_setup_py']
[0.434s] Level 1:colcon.colcon_core.package_identification:_identify(src) by extension 'python_setup_py'
[0.434s] Level 1:colcon.colcon_core.package_identification:_identify(src/h1_2_utec) by extensions ['ignore', 'ignore_ament_install']
[0.434s] Level 1:colcon.colcon_core.package_identification:_identify(src/h1_2_utec) by extension 'ignore'
[0.434s] Level 1:colcon.colcon_core.package_identification:_identify(src/h1_2_utec) by extension 'ignore_ament_install'
[0.434s] Level 1:colcon.colcon_core.package_identification:_identify(src/h1_2_utec) by extensions ['colcon_pkg']
[0.434s] Level 1:colcon.colcon_core.package_identification:_identify(src/h1_2_utec) by extension 'colcon_pkg'
[0.434s] Level 1:colcon.colcon_core.package_identification:_identify(src/h1_2_utec) by extensions ['colcon_meta']
[0.434s] Level 1:colcon.colcon_core.package_identification:_identify(src/h1_2_utec) by extension 'colcon_meta'
[0.434s] Level 1:colcon.colcon_core.package_identification:_identify(src/h1_2_utec) by extensions ['ros']
[0.434s] Level 1:colcon.colcon_core.package_identification:_identify(src/h1_2_utec) by extension 'ros'
[0.435s] Level 1:colcon.colcon_core.package_identification:_identify(src/h1_2_utec) by extensions ['cmake', 'python']
[0.435s] Level 1:colcon.colcon_core.package_identification:_identify(src/h1_2_utec) by extension 'cmake'
[0.435s] Level 1:colcon.colcon_core.package_identification:_identify(src/h1_2_utec) by extension 'python'
[0.435s] Level 1:colcon.colcon_core.package_identification:_identify(src/h1_2_utec) by extensions ['python_setup_py']
[0.435s] Level 1:colcon.colcon_core.package_identification:_identify(src/h1_2_utec) by extension 'python_setup_py'
[0.435s] Level 1:colcon.colcon_core.package_identification:_identify(src/h1_2_utec/h1_2_description) by extensions ['ignore', 'ignore_ament_install']
[0.435s] Level 1:colcon.colcon_core.package_identification:_identify(src/h1_2_utec/h1_2_description) by extension 'ignore'
[0.435s] Level 1:colcon.colcon_core.package_identification:_identify(src/h1_2_utec/h1_2_description) by extension 'ignore_ament_install'
[0.435s] Level 1:colcon.colcon_core.package_identification:_identify(src/h1_2_utec/h1_2_description) by extensions ['colcon_pkg']
[0.435s] Level 1:colcon.colcon_core.package_identification:_identify(src/h1_2_utec/h1_2_description) by extension 'colcon_pkg'
[0.435s] Level 1:colcon.colcon_core.package_identification:_identify(src/h1_2_utec/h1_2_description) by extensions ['colcon_meta']
[0.435s] Level 1:colcon.colcon_core.package_identification:_identify(src/h1_2_utec/h1_2_description) by extension 'colcon_meta'
[0.435s] Level 1:colcon.colcon_core.package_identification:_identify(src/h1_2_utec/h1_2_description) by extensions ['ros']
[0.435s] Level 1:colcon.colcon_core.package_identification:_identify(src/h1_2_utec/h1_2_description) by extension 'ros'
[0.438s] DEBUG:colcon.colcon_core.package_identification:Package 'src/h1_2_utec/h1_2_description' with type 'ros.ament_cmake' and name 'h1_2_description'
[0.438s] Level 1:colcon.colcon_core.package_identification:_identify(src/h1_2_utec/h1_2_interface) by extensions ['ignore', 'ignore_ament_install']
[0.438s] Level 1:colcon.colcon_core.package_identification:_identify(src/h1_2_utec/h1_2_interface) by extension 'ignore'
[0.438s] Level 1:colcon.colcon_core.package_identification:_identify(src/h1_2_utec/h1_2_interface) by extension 'ignore_ament_install'
[0.438s] Level 1:colcon.colcon_core.package_identification:_identify(src/h1_2_utec/h1_2_interface) by extensions ['colcon_pkg']
[0.438s] Level 1:colcon.colcon_core.package_identification:_identify(src/h1_2_utec/h1_2_interface) by extension 'colcon_pkg'
[0.438s] Level 1:colcon.colcon_core.package_identification:_identify(src/h1_2_utec/h1_2_interface) by extensions ['colcon_meta']
[0.438s] Level 1:colcon.colcon_core.package_identification:_identify(src/h1_2_utec/h1_2_interface) by extension 'colcon_meta'
[0.438s] Level 1:colcon.colcon_core.package_identification:_identify(src/h1_2_utec/h1_2_interface) by extensions ['ros']
[0.438s] Level 1:colcon.colcon_core.package_identification:_identify(src/h1_2_utec/h1_2_interface) by extension 'ros'
[0.439s] DEBUG:colcon.colcon_core.package_identification:Package 'src/h1_2_utec/h1_2_interface' with type 'ros.ament_cmake' and name 'h1_2_interface'
[0.439s] Level 1:colcon.colcon_core.package_identification:_identify(src/h1_2_utec/h1_2_model) by extensions ['ignore', 'ignore_ament_install']
[0.439s] Level 1:colcon.colcon_core.package_identification:_identify(src/h1_2_utec/h1_2_model) by extension 'ignore'
[0.439s] Level 1:colcon.colcon_core.package_identification:_identify(src/h1_2_utec/h1_2_model) by extension 'ignore_ament_install'
[0.439s] Level 1:colcon.colcon_core.package_identification:_identify(src/h1_2_utec/h1_2_model) by extensions ['colcon_pkg']
[0.439s] Level 1:colcon.colcon_core.package_identification:_identify(src/h1_2_utec/h1_2_model) by extension 'colcon_pkg'
[0.440s] Level 1:colcon.colcon_core.package_identification:_identify(src/h1_2_utec/h1_2_model) by extensions ['colcon_meta']
[0.440s] Level 1:colcon.colcon_core.package_identification:_identify(src/h1_2_utec/h1_2_model) by extension 'colcon_meta'
[0.440s] Level 1:colcon.colcon_core.package_identification:_identify(src/h1_2_utec/h1_2_model) by extensions ['ros']
[0.440s] Level 1:colcon.colcon_core.package_identification:_identify(src/h1_2_utec/h1_2_model) by extension 'ros'
[0.441s] DEBUG:colcon.colcon_core.package_identification:Package 'src/h1_2_utec/h1_2_model' with type 'ros.ament_python' and name 'h1_2_model'
[0.441s] Level 1:colcon.colcon_core.package_identification:_identify(src/pycodes_h1) by extensions ['ignore', 'ignore_ament_install']
[0.441s] Level 1:colcon.colcon_core.package_identification:_identify(src/pycodes_h1) by extension 'ignore'
[0.441s] Level 1:colcon.colcon_core.package_identification:_identify(src/pycodes_h1) by extension 'ignore_ament_install'
[0.441s] Level 1:colcon.colcon_core.package_identification:_identify(src/pycodes_h1) by extensions ['colcon_pkg']
[0.441s] Level 1:colcon.colcon_core.package_identification:_identify(src/pycodes_h1) by extension 'colcon_pkg'
[0.441s] Level 1:colcon.colcon_core.package_identification:_identify(src/pycodes_h1) by extensions ['colcon_meta']
[0.441s] Level 1:colcon.colcon_core.package_identification:_identify(src/pycodes_h1) by extension 'colcon_meta'
[0.441s] Level 1:colcon.colcon_core.package_identification:_identify(src/pycodes_h1) by extensions ['ros']
[0.441s] Level 1:colcon.colcon_core.package_identification:_identify(src/pycodes_h1) by extension 'ros'
[0.443s] DEBUG:colcon.colcon_core.package_identification:Package 'src/pycodes_h1' with type 'ros.ament_python' and name 'pycodes_h1'
[0.443s] Level 1:colcon.colcon_core.package_identification:_identify(src/unitree_ros2) by extensions ['ignore', 'ignore_ament_install']
[0.443s] Level 1:colcon.colcon_core.package_identification:_identify(src/unitree_ros2) by extension 'ignore'
[0.443s] Level 1:colcon.colcon_core.package_identification:_identify(src/unitree_ros2) by extension 'ignore_ament_install'
[0.443s] Level 1:colcon.colcon_core.package_identification:_identify(src/unitree_ros2) by extensions ['colcon_pkg']
[0.443s] Level 1:colcon.colcon_core.package_identification:_identify(src/unitree_ros2) by extension 'colcon_pkg'
[0.443s] Level 1:colcon.colcon_core.package_identification:_identify(src/unitree_ros2) by extensions ['colcon_meta']
[0.443s] Level 1:colcon.colcon_core.package_identification:_identify(src/unitree_ros2) by extension 'colcon_meta'
[0.443s] Level 1:colcon.colcon_core.package_identification:_identify(src/unitree_ros2) by extensions ['ros']
[0.443s] Level 1:colcon.colcon_core.package_identification:_identify(src/unitree_ros2) by extension 'ros'
[0.443s] Level 1:colcon.colcon_core.package_identification:_identify(src/unitree_ros2) by extensions ['cmake', 'python']
[0.443s] Level 1:colcon.colcon_core.package_identification:_identify(src/unitree_ros2) by extension 'cmake'
[0.443s] Level 1:colcon.colcon_core.package_identification:_identify(src/unitree_ros2) by extension 'python'
[0.443s] Level 1:colcon.colcon_core.package_identification:_identify(src/unitree_ros2) by extensions ['python_setup_py']
[0.443s] Level 1:colcon.colcon_core.package_identification:_identify(src/unitree_ros2) by extension 'python_setup_py'
[0.444s] Level 1:colcon.colcon_core.package_identification:_identify(src/unitree_ros2/build) by extensions ['ignore', 'ignore_ament_install']
[0.444s] Level 1:colcon.colcon_core.package_identification:_identify(src/unitree_ros2/build) by extension 'ignore'
[0.444s] Level 1:colcon.colcon_core.package_identification:_identify(src/unitree_ros2/build) ignored
[0.444s] Level 1:colcon.colcon_core.package_identification:_identify(src/unitree_ros2/cyclonedds_ws) by extensions ['ignore', 'ignore_ament_install']
[0.444s] Level 1:colcon.colcon_core.package_identification:_identify(src/unitree_ros2/cyclonedds_ws) by extension 'ignore'
[0.444s] Level 1:colcon.colcon_core.package_identification:_identify(src/unitree_ros2/cyclonedds_ws) by extension 'ignore_ament_install'
[0.444s] Level 1:colcon.colcon_core.package_identification:_identify(src/unitree_ros2/cyclonedds_ws) by extensions ['colcon_pkg']
[0.444s] Level 1:colcon.colcon_core.package_identification:_identify(src/unitree_ros2/cyclonedds_ws) by extension 'colcon_pkg'
[0.444s] Level 1:colcon.colcon_core.package_identification:_identify(src/unitree_ros2/cyclonedds_ws) by extensions ['colcon_meta']
[0.444s] Level 1:colcon.colcon_core.package_identification:_identify(src/unitree_ros2/cyclonedds_ws) by extension 'colcon_meta'
[0.444s] Level 1:colcon.colcon_core.package_identification:_identify(src/unitree_ros2/cyclonedds_ws) by extensions ['ros']
[0.444s] Level 1:colcon.colcon_core.package_identification:_identify(src/unitree_ros2/cyclonedds_ws) by extension 'ros'
[0.444s] Level 1:colcon.colcon_core.package_identification:_identify(src/unitree_ros2/cyclonedds_ws) by extensions ['cmake', 'python']
[0.444s] Level 1:colcon.colcon_core.package_identification:_identify(src/unitree_ros2/cyclonedds_ws) by extension 'cmake'
[0.444s] Level 1:colcon.colcon_core.package_identification:_identify(src/unitree_ros2/cyclonedds_ws) by extension 'python'
[0.444s] Level 1:colcon.colcon_core.package_identification:_identify(src/unitree_ros2/cyclonedds_ws) by extensions ['python_setup_py']
[0.444s] Level 1:colcon.colcon_core.package_identification:_identify(src/unitree_ros2/cyclonedds_ws) by extension 'python_setup_py'
[0.444s] Level 1:colcon.colcon_core.package_identification:_identify(src/unitree_ros2/cyclonedds_ws/build) by extensions ['ignore', 'ignore_ament_install']
[0.444s] Level 1:colcon.colcon_core.package_identification:_identify(src/unitree_ros2/cyclonedds_ws/build) by extension 'ignore'
[0.444s] Level 1:colcon.colcon_core.package_identification:_identify(src/unitree_ros2/cyclonedds_ws/build) ignored
[0.445s] Level 1:colcon.colcon_core.package_identification:_identify(src/unitree_ros2/cyclonedds_ws/install) by extensions ['ignore', 'ignore_ament_install']
[0.445s] Level 1:colcon.colcon_core.package_identification:_identify(src/unitree_ros2/cyclonedds_ws/install) by extension 'ignore'
[0.445s] Level 1:colcon.colcon_core.package_identification:_identify(src/unitree_ros2/cyclonedds_ws/install) ignored
[0.445s] Level 1:colcon.colcon_core.package_identification:_identify(src/unitree_ros2/cyclonedds_ws/log) by extensions ['ignore', 'ignore_ament_install']
[0.445s] Level 1:colcon.colcon_core.package_identification:_identify(src/unitree_ros2/cyclonedds_ws/log) by extension 'ignore'
[0.445s] Level 1:colcon.colcon_core.package_identification:_identify(src/unitree_ros2/cyclonedds_ws/log) ignored
[0.445s] Level 1:colcon.colcon_core.package_identification:_identify(src/unitree_ros2/cyclonedds_ws/src) by extensions ['ignore', 'ignore_ament_install']
[0.445s] Level 1:colcon.colcon_core.package_identification:_identify(src/unitree_ros2/cyclonedds_ws/src) by extension 'ignore'
[0.445s] Level 1:colcon.colcon_core.package_identification:_identify(src/unitree_ros2/cyclonedds_ws/src) by extension 'ignore_ament_install'
[0.445s] Level 1:colcon.colcon_core.package_identification:_identify(src/unitree_ros2/cyclonedds_ws/src) by extensions ['colcon_pkg']
[0.445s] Level 1:colcon.colcon_core.package_identification:_identify(src/unitree_ros2/cyclonedds_ws/src) by extension 'colcon_pkg'
[0.445s] Level 1:colcon.colcon_core.package_identification:_identify(src/unitree_ros2/cyclonedds_ws/src) by extensions ['colcon_meta']
[0.445s] Level 1:colcon.colcon_core.package_identification:_identify(src/unitree_ros2/cyclonedds_ws/src) by extension 'colcon_meta'
[0.445s] Level 1:colcon.colcon_core.package_identification:_identify(src/unitree_ros2/cyclonedds_ws/src) by extensions ['ros']
[0.445s] Level 1:colcon.colcon_core.package_identification:_identify(src/unitree_ros2/cyclonedds_ws/src) by extension 'ros'
[0.445s] Level 1:colcon.colcon_core.package_identification:_identify(src/unitree_ros2/cyclonedds_ws/src) by extensions ['cmake', 'python']
[0.445s] Level 1:colcon.colcon_core.package_identification:_identify(src/unitree_ros2/cyclonedds_ws/src) by extension 'cmake'
[0.445s] Level 1:colcon.colcon_core.package_identification:_identify(src/unitree_ros2/cyclonedds_ws/src) by extension 'python'
[0.445s] Level 1:colcon.colcon_core.package_identification:_identify(src/unitree_ros2/cyclonedds_ws/src) by extensions ['python_setup_py']
[0.445s] Level 1:colcon.colcon_core.package_identification:_identify(src/unitree_ros2/cyclonedds_ws/src) by extension 'python_setup_py'
[0.445s] Level 1:colcon.colcon_core.package_identification:_identify(src/unitree_ros2/cyclonedds_ws/src/unitree) by extensions ['ignore', 'ignore_ament_install']
[0.445s] Level 1:colcon.colcon_core.package_identification:_identify(src/unitree_ros2/cyclonedds_ws/src/unitree) by extension 'ignore'
[0.445s] Level 1:colcon.colcon_core.package_identification:_identify(src/unitree_ros2/cyclonedds_ws/src/unitree) by extension 'ignore_ament_install'
[0.445s] Level 1:colcon.colcon_core.package_identification:_identify(src/unitree_ros2/cyclonedds_ws/src/unitree) by extensions ['colcon_pkg']
[0.446s] Level 1:colcon.colcon_core.package_identification:_identify(src/unitree_ros2/cyclonedds_ws/src/unitree) by extension 'colcon_pkg'
[0.446s] Level 1:colcon.colcon_core.package_identification:_identify(src/unitree_ros2/cyclonedds_ws/src/unitree) by extensions ['colcon_meta']
[0.446s] Level 1:colcon.colcon_core.package_identification:_identify(src/unitree_ros2/cyclonedds_ws/src/unitree) by extension 'colcon_meta'
[0.446s] Level 1:colcon.colcon_core.package_identification:_identify(src/unitree_ros2/cyclonedds_ws/src/unitree) by extensions ['ros']
[0.446s] Level 1:colcon.colcon_core.package_identification:_identify(src/unitree_ros2/cyclonedds_ws/src/unitree) by extension 'ros'
[0.446s] Level 1:colcon.colcon_core.package_identification:_identify(src/unitree_ros2/cyclonedds_ws/src/unitree) by extensions ['cmake', 'python']
[0.446s] Level 1:colcon.colcon_core.package_identification:_identify(src/unitree_ros2/cyclonedds_ws/src/unitree) by extension 'cmake'
[0.446s] Level 1:colcon.colcon_core.package_identification:_identify(src/unitree_ros2/cyclonedds_ws/src/unitree) by extension 'python'
[0.446s] Level 1:colcon.colcon_core.package_identification:_identify(src/unitree_ros2/cyclonedds_ws/src/unitree) by extensions ['python_setup_py']
[0.446s] Level 1:colcon.colcon_core.package_identification:_identify(src/unitree_ros2/cyclonedds_ws/src/unitree) by extension 'python_setup_py'
[0.446s] Level 1:colcon.colcon_core.package_identification:_identify(src/unitree_ros2/cyclonedds_ws/src/unitree/unitree_api) by extensions ['ignore', 'ignore_ament_install']
[0.446s] Level 1:colcon.colcon_core.package_identification:_identify(src/unitree_ros2/cyclonedds_ws/src/unitree/unitree_api) by extension 'ignore'
[0.446s] Level 1:colcon.colcon_core.package_identification:_identify(src/unitree_ros2/cyclonedds_ws/src/unitree/unitree_api) by extension 'ignore_ament_install'
[0.446s] Level 1:colcon.colcon_core.package_identification:_identify(src/unitree_ros2/cyclonedds_ws/src/unitree/unitree_api) by extensions ['colcon_pkg']
[0.446s] Level 1:colcon.colcon_core.package_identification:_identify(src/unitree_ros2/cyclonedds_ws/src/unitree/unitree_api) by extension 'colcon_pkg'
[0.446s] Level 1:colcon.colcon_core.package_identification:_identify(src/unitree_ros2/cyclonedds_ws/src/unitree/unitree_api) by extensions ['colcon_meta']
[0.446s] Level 1:colcon.colcon_core.package_identification:_identify(src/unitree_ros2/cyclonedds_ws/src/unitree/unitree_api) by extension 'colcon_meta'
[0.446s] Level 1:colcon.colcon_core.package_identification:_identify(src/unitree_ros2/cyclonedds_ws/src/unitree/unitree_api) by extensions ['ros']
[0.446s] Level 1:colcon.colcon_core.package_identification:_identify(src/unitree_ros2/cyclonedds_ws/src/unitree/unitree_api) by extension 'ros'
[0.447s] DEBUG:colcon.colcon_core.package_identification:Package 'src/unitree_ros2/cyclonedds_ws/src/unitree/unitree_api' with type 'ros.ament_cmake' and name 'unitree_api'
[0.447s] Level 1:colcon.colcon_core.package_identification:_identify(src/unitree_ros2/cyclonedds_ws/src/unitree/unitree_go) by extensions ['ignore', 'ignore_ament_install']
[0.447s] Level 1:colcon.colcon_core.package_identification:_identify(src/unitree_ros2/cyclonedds_ws/src/unitree/unitree_go) by extension 'ignore'
[0.447s] Level 1:colcon.colcon_core.package_identification:_identify(src/unitree_ros2/cyclonedds_ws/src/unitree/unitree_go) by extension 'ignore_ament_install'
[0.447s] Level 1:colcon.colcon_core.package_identification:_identify(src/unitree_ros2/cyclonedds_ws/src/unitree/unitree_go) by extensions ['colcon_pkg']
[0.447s] Level 1:colcon.colcon_core.package_identification:_identify(src/unitree_ros2/cyclonedds_ws/src/unitree/unitree_go) by extension 'colcon_pkg'
[0.447s] Level 1:colcon.colcon_core.package_identification:_identify(src/unitree_ros2/cyclonedds_ws/src/unitree/unitree_go) by extensions ['colcon_meta']
[0.447s] Level 1:colcon.colcon_core.package_identification:_identify(src/unitree_ros2/cyclonedds_ws/src/unitree/unitree_go) by extension 'colcon_meta'
[0.447s] Level 1:colcon.colcon_core.package_identification:_identify(src/unitree_ros2/cyclonedds_ws/src/unitree/unitree_go) by extensions ['ros']
[0.447s] Level 1:colcon.colcon_core.package_identification:_identify(src/unitree_ros2/cyclonedds_ws/src/unitree/unitree_go) by extension 'ros'
[0.448s] DEBUG:colcon.colcon_core.package_identification:Package 'src/unitree_ros2/cyclonedds_ws/src/unitree/unitree_go' with type 'ros.ament_cmake' and name 'unitree_go'
[0.448s] Level 1:colcon.colcon_core.package_identification:_identify(src/unitree_ros2/cyclonedds_ws/src/unitree/unitree_hg) by extensions ['ignore', 'ignore_ament_install']
[0.448s] Level 1:colcon.colcon_core.package_identification:_identify(src/unitree_ros2/cyclonedds_ws/src/unitree/unitree_hg) by extension 'ignore'
[0.448s] Level 1:colcon.colcon_core.package_identification:_identify(src/unitree_ros2/cyclonedds_ws/src/unitree/unitree_hg) by extension 'ignore_ament_install'
[0.448s] Level 1:colcon.colcon_core.package_identification:_identify(src/unitree_ros2/cyclonedds_ws/src/unitree/unitree_hg) by extensions ['colcon_pkg']
[0.448s] Level 1:colcon.colcon_core.package_identification:_identify(src/unitree_ros2/cyclonedds_ws/src/unitree/unitree_hg) by extension 'colcon_pkg'
[0.448s] Level 1:colcon.colcon_core.package_identification:_identify(src/unitree_ros2/cyclonedds_ws/src/unitree/unitree_hg) by extensions ['colcon_meta']
[0.448s] Level 1:colcon.colcon_core.package_identification:_identify(src/unitree_ros2/cyclonedds_ws/src/unitree/unitree_hg) by extension 'colcon_meta'
[0.448s] Level 1:colcon.colcon_core.package_identification:_identify(src/unitree_ros2/cyclonedds_ws/src/unitree/unitree_hg) by extensions ['ros']
[0.448s] Level 1:colcon.colcon_core.package_identification:_identify(src/unitree_ros2/cyclonedds_ws/src/unitree/unitree_hg) by extension 'ros'
[0.449s] DEBUG:colcon.colcon_core.package_identification:Package 'src/unitree_ros2/cyclonedds_ws/src/unitree/unitree_hg' with type 'ros.ament_cmake' and name 'unitree_hg'
[0.449s] Level 1:colcon.colcon_core.package_identification:_identify(src/unitree_ros2/docs) by extensions ['ignore', 'ignore_ament_install']
[0.449s] Level 1:colcon.colcon_core.package_identification:_identify(src/unitree_ros2/docs) by extension 'ignore'
[0.449s] Level 1:colcon.colcon_core.package_identification:_identify(src/unitree_ros2/docs) by extension 'ignore_ament_install'
[0.449s] Level 1:colcon.colcon_core.package_identification:_identify(src/unitree_ros2/docs) by extensions ['colcon_pkg']
[0.449s] Level 1:colcon.colcon_core.package_identification:_identify(src/unitree_ros2/docs) by extension 'colcon_pkg'
[0.449s] Level 1:colcon.colcon_core.package_identification:_identify(src/unitree_ros2/docs) by extensions ['colcon_meta']
[0.449s] Level 1:colcon.colcon_core.package_identification:_identify(src/unitree_ros2/docs) by extension 'colcon_meta'
[0.449s] Level 1:colcon.colcon_core.package_identification:_identify(src/unitree_ros2/docs) by extensions ['ros']
[0.449s] Level 1:colcon.colcon_core.package_identification:_identify(src/unitree_ros2/docs) by extension 'ros'
[0.449s] Level 1:colcon.colcon_core.package_identification:_identify(src/unitree_ros2/docs) by extensions ['cmake', 'python']
[0.449s] Level 1:colcon.colcon_core.package_identification:_identify(src/unitree_ros2/docs) by extension 'cmake'
[0.449s] Level 1:colcon.colcon_core.package_identification:_identify(src/unitree_ros2/docs) by extension 'python'
[0.449s] Level 1:colcon.colcon_core.package_identification:_identify(src/unitree_ros2/docs) by extensions ['python_setup_py']
[0.449s] Level 1:colcon.colcon_core.package_identification:_identify(src/unitree_ros2/docs) by extension 'python_setup_py'
[0.450s] Level 1:colcon.colcon_core.package_identification:_identify(src/unitree_ros2/docs/image) by extensions ['ignore', 'ignore_ament_install']
[0.450s] Level 1:colcon.colcon_core.package_identification:_identify(src/unitree_ros2/docs/image) by extension 'ignore'
[0.450s] Level 1:colcon.colcon_core.package_identification:_identify(src/unitree_ros2/docs/image) by extension 'ignore_ament_install'
[0.450s] Level 1:colcon.colcon_core.package_identification:_identify(src/unitree_ros2/docs/image) by extensions ['colcon_pkg']
[0.450s] Level 1:colcon.colcon_core.package_identification:_identify(src/unitree_ros2/docs/image) by extension 'colcon_pkg'
[0.450s] Level 1:colcon.colcon_core.package_identification:_identify(src/unitree_ros2/docs/image) by extensions ['colcon_meta']
[0.450s] Level 1:colcon.colcon_core.package_identification:_identify(src/unitree_ros2/docs/image) by extension 'colcon_meta'
[0.450s] Level 1:colcon.colcon_core.package_identification:_identify(src/unitree_ros2/docs/image) by extensions ['ros']
[0.450s] Level 1:colcon.colcon_core.package_identification:_identify(src/unitree_ros2/docs/image) by extension 'ros'
[0.450s] Level 1:colcon.colcon_core.package_identification:_identify(src/unitree_ros2/docs/image) by extensions ['cmake', 'python']
[0.450s] Level 1:colcon.colcon_core.package_identification:_identify(src/unitree_ros2/docs/image) by extension 'cmake'
[0.450s] Level 1:colcon.colcon_core.package_identification:_identify(src/unitree_ros2/docs/image) by extension 'python'
[0.450s] Level 1:colcon.colcon_core.package_identification:_identify(src/unitree_ros2/docs/image) by extensions ['python_setup_py']
[0.450s] Level 1:colcon.colcon_core.package_identification:_identify(src/unitree_ros2/docs/image) by extension 'python_setup_py'
[0.450s] Level 1:colcon.colcon_core.package_identification:_identify(src/unitree_ros2/example) by extensions ['ignore', 'ignore_ament_install']
[0.450s] Level 1:colcon.colcon_core.package_identification:_identify(src/unitree_ros2/example) by extension 'ignore'
[0.450s] Level 1:colcon.colcon_core.package_identification:_identify(src/unitree_ros2/example) by extension 'ignore_ament_install'
[0.450s] Level 1:colcon.colcon_core.package_identification:_identify(src/unitree_ros2/example) by extensions ['colcon_pkg']
[0.450s] Level 1:colcon.colcon_core.package_identification:_identify(src/unitree_ros2/example) by extension 'colcon_pkg'
[0.450s] Level 1:colcon.colcon_core.package_identification:_identify(src/unitree_ros2/example) by extensions ['colcon_meta']
[0.450s] Level 1:colcon.colcon_core.package_identification:_identify(src/unitree_ros2/example) by extension 'colcon_meta'
[0.450s] Level 1:colcon.colcon_core.package_identification:_identify(src/unitree_ros2/example) by extensions ['ros']
[0.450s] Level 1:colcon.colcon_core.package_identification:_identify(src/unitree_ros2/example) by extension 'ros'
[0.450s] Level 1:colcon.colcon_core.package_identification:_identify(src/unitree_ros2/example) by extensions ['cmake', 'python']
[0.450s] Level 1:colcon.colcon_core.package_identification:_identify(src/unitree_ros2/example) by extension 'cmake'
[0.450s] Level 1:colcon.colcon_core.package_identification:_identify(src/unitree_ros2/example) by extension 'python'
[0.450s] Level 1:colcon.colcon_core.package_identification:_identify(src/unitree_ros2/example) by extensions ['python_setup_py']
[0.450s] Level 1:colcon.colcon_core.package_identification:_identify(src/unitree_ros2/example) by extension 'python_setup_py'
[0.450s] Level 1:colcon.colcon_core.package_identification:_identify(src/unitree_ros2/example/build) by extensions ['ignore', 'ignore_ament_install']
[0.451s] Level 1:colcon.colcon_core.package_identification:_identify(src/unitree_ros2/example/build) by extension 'ignore'
[0.451s] Level 1:colcon.colcon_core.package_identification:_identify(src/unitree_ros2/example/build) ignored
[0.451s] Level 1:colcon.colcon_core.package_identification:_identify(src/unitree_ros2/example/install) by extensions ['ignore', 'ignore_ament_install']
[0.451s] Level 1:colcon.colcon_core.package_identification:_identify(src/unitree_ros2/example/install) by extension 'ignore'
[0.451s] Level 1:colcon.colcon_core.package_identification:_identify(src/unitree_ros2/example/install) ignored
[0.451s] Level 1:colcon.colcon_core.package_identification:_identify(src/unitree_ros2/example/log) by extensions ['ignore', 'ignore_ament_install']
[0.451s] Level 1:colcon.colcon_core.package_identification:_identify(src/unitree_ros2/example/log) by extension 'ignore'
[0.451s] Level 1:colcon.colcon_core.package_identification:_identify(src/unitree_ros2/example/log) ignored
[0.451s] Level 1:colcon.colcon_core.package_identification:_identify(src/unitree_ros2/example/src) by extensions ['ignore', 'ignore_ament_install']
[0.451s] Level 1:colcon.colcon_core.package_identification:_identify(src/unitree_ros2/example/src) by extension 'ignore'
[0.451s] Level 1:colcon.colcon_core.package_identification:_identify(src/unitree_ros2/example/src) by extension 'ignore_ament_install'
[0.451s] Level 1:colcon.colcon_core.package_identification:_identify(src/unitree_ros2/example/src) by extensions ['colcon_pkg']
[0.451s] Level 1:colcon.colcon_core.package_identification:_identify(src/unitree_ros2/example/src) by extension 'colcon_pkg'
[0.451s] Level 1:colcon.colcon_core.package_identification:_identify(src/unitree_ros2/example/src) by extensions ['colcon_meta']
[0.451s] Level 1:colcon.colcon_core.package_identification:_identify(src/unitree_ros2/example/src) by extension 'colcon_meta'
[0.451s] Level 1:colcon.colcon_core.package_identification:_identify(src/unitree_ros2/example/src) by extensions ['ros']
[0.451s] Level 1:colcon.colcon_core.package_identification:_identify(src/unitree_ros2/example/src) by extension 'ros'
[0.452s] DEBUG:colcon.colcon_core.package_identification:Package 'src/unitree_ros2/example/src' with type 'ros.ament_cmake' and name 'unitree_ros2_example'
[0.452s] Level 1:colcon.colcon_core.package_identification:_identify(src/unitree_ros2/install) by extensions ['ignore', 'ignore_ament_install']
[0.452s] Level 1:colcon.colcon_core.package_identification:_identify(src/unitree_ros2/install) by extension 'ignore'
[0.452s] Level 1:colcon.colcon_core.package_identification:_identify(src/unitree_ros2/install) ignored
[0.452s] Level 1:colcon.colcon_core.package_identification:_identify(src/unitree_ros2/log) by extensions ['ignore', 'ignore_ament_install']
[0.452s] Level 1:colcon.colcon_core.package_identification:_identify(src/unitree_ros2/log) by extension 'ignore'
[0.452s] Level 1:colcon.colcon_core.package_identification:_identify(src/unitree_ros2/log) ignored
[0.453s] Level 1:colcon.colcon_core.package_discovery:discover_packages(recursive) using defaults
[0.453s] Level 1:colcon.colcon_core.package_discovery:discover_packages(ignore) discover
[0.453s] Level 1:colcon.colcon_core.package_discovery:discover_packages(ignore) using defaults
[0.453s] Level 1:colcon.colcon_core.package_discovery:discover_packages(path) discover
[0.453s] Level 1:colcon.colcon_core.package_discovery:discover_packages(path) using defaults
[0.487s] Level 1:colcon.colcon_core.package_discovery:discover_packages(prefix_path) check parameters
[0.487s] Level 1:colcon.colcon_core.package_discovery:discover_packages(prefix_path) discover
[0.490s] DEBUG:colcon.colcon_installed_package_information.package_discovery:Found 433 installed packages in /opt/ros/humble
[0.492s] Level 1:colcon.colcon_core.package_discovery:discover_packages(prefix_path) using defaults
[0.535s] Level 5:colcon.colcon_core.verb:set package 'h1_2_description' build argument 'cmake_args' from command line to 'None'
[0.535s] Level 5:colcon.colcon_core.verb:set package 'h1_2_description' build argument 'cmake_target' from command line to 'None'
[0.535s] Level 5:colcon.colcon_core.verb:set package 'h1_2_description' build argument 'cmake_target_skip_unavailable' from command line to 'False'
[0.535s] Level 5:colcon.colcon_core.verb:set package 'h1_2_description' build argument 'cmake_clean_cache' from command line to 'False'
[0.535s] Level 5:colcon.colcon_core.verb:set package 'h1_2_description' build argument 'cmake_clean_first' from command line to 'False'
[0.535s] Level 5:colcon.colcon_core.verb:set package 'h1_2_description' build argument 'cmake_force_configure' from command line to 'False'
[0.535s] Level 5:colcon.colcon_core.verb:set package 'h1_2_description' build argument 'ament_cmake_args' from command line to 'None'
[0.535s] Level 5:colcon.colcon_core.verb:set package 'h1_2_description' build argument 'catkin_cmake_args' from command line to 'None'
[0.535s] Level 5:colcon.colcon_core.verb:set package 'h1_2_description' build argument 'catkin_skip_building_tests' from command line to 'False'
[0.535s] DEBUG:colcon.colcon_core.verb:Building package 'h1_2_description' with the following arguments: {'ament_cmake_args': None, 'build_base': '/home/utec/humanoid_ws/build/h1_2_description', 'catkin_cmake_args': None, 'catkin_skip_building_tests': False, 'cmake_args': None, 'cmake_clean_cache': False, 'cmake_clean_first': False, 'cmake_force_configure': False, 'cmake_target': None, 'cmake_target_skip_unavailable': False, 'install_base': '/home/utec/humanoid_ws/install/h1_2_description', 'merge_install': False, 'path': '/home/utec/humanoid_ws/src/h1_2_utec/h1_2_description', 'symlink_install': False, 'test_result_base': None}
[0.536s] Level 5:colcon.colcon_core.verb:set package 'unitree_api' build argument 'cmake_args' from command line to 'None'
[0.536s] Level 5:colcon.colcon_core.verb:set package 'unitree_api' build argument 'cmake_target' from command line to 'None'
[0.536s] Level 5:colcon.colcon_core.verb:set package 'unitree_api' build argument 'cmake_target_skip_unavailable' from command line to 'False'
[0.536s] Level 5:colcon.colcon_core.verb:set package 'unitree_api' build argument 'cmake_clean_cache' from command line to 'False'
[0.536s] Level 5:colcon.colcon_core.verb:set package 'unitree_api' build argument 'cmake_clean_first' from command line to 'False'
[0.536s] Level 5:colcon.colcon_core.verb:set package 'unitree_api' build argument 'cmake_force_configure' from command line to 'False'
[0.536s] Level 5:colcon.colcon_core.verb:set package 'unitree_api' build argument 'ament_cmake_args' from command line to 'None'
[0.536s] Level 5:colcon.colcon_core.verb:set package 'unitree_api' build argument 'catkin_cmake_args' from command line to 'None'
[0.536s] Level 5:colcon.colcon_core.verb:set package 'unitree_api' build argument 'catkin_skip_building_tests' from command line to 'False'
[0.536s] DEBUG:colcon.colcon_core.verb:Building package 'unitree_api' with the following arguments: {'ament_cmake_args': None, 'build_base': '/home/utec/humanoid_ws/build/unitree_api', 'catkin_cmake_args': None, 'catkin_skip_building_tests': False, 'cmake_args': None, 'cmake_clean_cache': False, 'cmake_clean_first': False, 'cmake_force_configure': False, 'cmake_target': None, 'cmake_target_skip_unavailable': False, 'install_base': '/home/utec/humanoid_ws/install/unitree_api', 'merge_install': False, 'path': '/home/utec/humanoid_ws/src/unitree_ros2/cyclonedds_ws/src/unitree/unitree_api', 'symlink_install': False, 'test_result_base': None}
[0.536s] Level 5:colcon.colcon_core.verb:set package 'unitree_go' build argument 'cmake_args' from command line to 'None'
[0.536s] Level 5:colcon.colcon_core.verb:set package 'unitree_go' build argument 'cmake_target' from command line to 'None'
[0.536s] Level 5:colcon.colcon_core.verb:set package 'unitree_go' build argument 'cmake_target_skip_unavailable' from command line to 'False'
[0.536s] Level 5:colcon.colcon_core.verb:set package 'unitree_go' build argument 'cmake_clean_cache' from command line to 'False'
[0.536s] Level 5:colcon.colcon_core.verb:set package 'unitree_go' build argument 'cmake_clean_first' from command line to 'False'
[0.536s] Level 5:colcon.colcon_core.verb:set package 'unitree_go' build argument 'cmake_force_configure' from command line to 'False'
[0.536s] Level 5:colcon.colcon_core.verb:set package 'unitree_go' build argument 'ament_cmake_args' from command line to 'None'
[0.536s] Level 5:colcon.colcon_core.verb:set package 'unitree_go' build argument 'catkin_cmake_args' from command line to 'None'
[0.536s] Level 5:colcon.colcon_core.verb:set package 'unitree_go' build argument 'catkin_skip_building_tests' from command line to 'False'
[0.536s] DEBUG:colcon.colcon_core.verb:Building package 'unitree_go' with the following arguments: {'ament_cmake_args': None, 'build_base': '/home/utec/humanoid_ws/build/unitree_go', 'catkin_cmake_args': None, 'catkin_skip_building_tests': False, 'cmake_args': None, 'cmake_clean_cache': False, 'cmake_clean_first': False, 'cmake_force_configure': False, 'cmake_target': None, 'cmake_target_skip_unavailable': False, 'install_base': '/home/utec/humanoid_ws/install/unitree_go', 'merge_install': False, 'path': '/home/utec/humanoid_ws/src/unitree_ros2/cyclonedds_ws/src/unitree/unitree_go', 'symlink_install': False, 'test_result_base': None}
[0.537s] Level 5:colcon.colcon_core.verb:set package 'unitree_hg' build argument 'cmake_args' from command line to 'None'
[0.537s] Level 5:colcon.colcon_core.verb:set package 'unitree_hg' build argument 'cmake_target' from command line to 'None'
[0.537s] Level 5:colcon.colcon_core.verb:set package 'unitree_hg' build argument 'cmake_target_skip_unavailable' from command line to 'False'
[0.537s] Level 5:colcon.colcon_core.verb:set package 'unitree_hg' build argument 'cmake_clean_cache' from command line to 'False'
[0.537s] Level 5:colcon.colcon_core.verb:set package 'unitree_hg' build argument 'cmake_clean_first' from command line to 'False'
[0.537s] Level 5:colcon.colcon_core.verb:set package 'unitree_hg' build argument 'cmake_force_configure' from command line to 'False'
[0.537s] Level 5:colcon.colcon_core.verb:set package 'unitree_hg' build argument 'ament_cmake_args' from command line to 'None'
[0.537s] Level 5:colcon.colcon_core.verb:set package 'unitree_hg' build argument 'catkin_cmake_args' from command line to 'None'
[0.537s] Level 5:colcon.colcon_core.verb:set package 'unitree_hg' build argument 'catkin_skip_building_tests' from command line to 'False'
[0.537s] DEBUG:colcon.colcon_core.verb:Building package 'unitree_hg' with the following arguments: {'ament_cmake_args': None, 'build_base': '/home/utec/humanoid_ws/build/unitree_hg', 'catkin_cmake_args': None, 'catkin_skip_building_tests': False, 'cmake_args': None, 'cmake_clean_cache': False, 'cmake_clean_first': False, 'cmake_force_configure': False, 'cmake_target': None, 'cmake_target_skip_unavailable': False, 'install_base': '/home/utec/humanoid_ws/install/unitree_hg', 'merge_install': False, 'path': '/home/utec/humanoid_ws/src/unitree_ros2/cyclonedds_ws/src/unitree/unitree_hg', 'symlink_install': False, 'test_result_base': None}
[0.537s] Level 5:colcon.colcon_core.verb:set package 'h1_2_interface' build argument 'cmake_args' from command line to 'None'
[0.537s] Level 5:colcon.colcon_core.verb:set package 'h1_2_interface' build argument 'cmake_target' from command line to 'None'
[0.537s] Level 5:colcon.colcon_core.verb:set package 'h1_2_interface' build argument 'cmake_target_skip_unavailable' from command line to 'False'
[0.537s] Level 5:colcon.colcon_core.verb:set package 'h1_2_interface' build argument 'cmake_clean_cache' from command line to 'False'
[0.537s] Level 5:colcon.colcon_core.verb:set package 'h1_2_interface' build argument 'cmake_clean_first' from command line to 'False'
[0.537s] Level 5:colcon.colcon_core.verb:set package 'h1_2_interface' build argument 'cmake_force_configure' from command line to 'False'
[0.537s] Level 5:colcon.colcon_core.verb:set package 'h1_2_interface' build argument 'ament_cmake_args' from command line to 'None'
[0.537s] Level 5:colcon.colcon_core.verb:set package 'h1_2_interface' build argument 'catkin_cmake_args' from command line to 'None'
[0.537s] Level 5:colcon.colcon_core.verb:set package 'h1_2_interface' build argument 'catkin_skip_building_tests' from command line to 'False'
[0.537s] DEBUG:colcon.colcon_core.verb:Building package 'h1_2_interface' with the following arguments: {'ament_cmake_args': None, 'build_base': '/home/utec/humanoid_ws/build/h1_2_interface', 'catkin_cmake_args': None, 'catkin_skip_building_tests': False, 'cmake_args': None, 'cmake_clean_cache': False, 'cmake_clean_first': False, 'cmake_force_configure': False, 'cmake_target': None, 'cmake_target_skip_unavailable': False, 'install_base': '/home/utec/humanoid_ws/install/h1_2_interface', 'merge_install': False, 'path': '/home/utec/humanoid_ws/src/h1_2_utec/h1_2_interface', 'symlink_install': False, 'test_result_base': None}
[0.538s] Level 5:colcon.colcon_core.verb:set package 'h1_2_model' build argument 'cmake_args' from command line to 'None'
[0.538s] Level 5:colcon.colcon_core.verb:set package 'h1_2_model' build argument 'cmake_target' from command line to 'None'
[0.538s] Level 5:colcon.colcon_core.verb:set package 'h1_2_model' build argument 'cmake_target_skip_unavailable' from command line to 'False'
[0.538s] Level 5:colcon.colcon_core.verb:set package 'h1_2_model' build argument 'cmake_clean_cache' from command line to 'False'
[0.538s] Level 5:colcon.colcon_core.verb:set package 'h1_2_model' build argument 'cmake_clean_first' from command line to 'False'
[0.538s] Level 5:colcon.colcon_core.verb:set package 'h1_2_model' build argument 'cmake_force_configure' from command line to 'False'
[0.538s] Level 5:colcon.colcon_core.verb:set package 'h1_2_model' build argument 'ament_cmake_args' from command line to 'None'
[0.538s] Level 5:colcon.colcon_core.verb:set package 'h1_2_model' build argument 'catkin_cmake_args' from command line to 'None'
[0.538s] Level 5:colcon.colcon_core.verb:set package 'h1_2_model' build argument 'catkin_skip_building_tests' from command line to 'False'
[0.538s] DEBUG:colcon.colcon_core.verb:Building package 'h1_2_model' with the following arguments: {'ament_cmake_args': None, 'build_base': '/home/utec/humanoid_ws/build/h1_2_model', 'catkin_cmake_args': None, 'catkin_skip_building_tests': False, 'cmake_args': None, 'cmake_clean_cache': False, 'cmake_clean_first': False, 'cmake_force_configure': False, 'cmake_target': None, 'cmake_target_skip_unavailable': False, 'install_base': '/home/utec/humanoid_ws/install/h1_2_model', 'merge_install': False, 'path': '/home/utec/humanoid_ws/src/h1_2_utec/h1_2_model', 'symlink_install': False, 'test_result_base': None}
[0.538s] Level 5:colcon.colcon_core.verb:set package 'pycodes_h1' build argument 'cmake_args' from command line to 'None'
[0.538s] Level 5:colcon.colcon_core.verb:set package 'pycodes_h1' build argument 'cmake_target' from command line to 'None'
[0.538s] Level 5:colcon.colcon_core.verb:set package 'pycodes_h1' build argument 'cmake_target_skip_unavailable' from command line to 'False'
[0.538s] Level 5:colcon.colcon_core.verb:set package 'pycodes_h1' build argument 'cmake_clean_cache' from command line to 'False'
[0.538s] Level 5:colcon.colcon_core.verb:set package 'pycodes_h1' build argument 'cmake_clean_first' from command line to 'False'
[0.538s] Level 5:colcon.colcon_core.verb:set package 'pycodes_h1' build argument 'cmake_force_configure' from command line to 'False'
[0.538s] Level 5:colcon.colcon_core.verb:set package 'pycodes_h1' build argument 'ament_cmake_args' from command line to 'None'
[0.539s] Level 5:colcon.colcon_core.verb:set package 'pycodes_h1' build argument 'catkin_cmake_args' from command line to 'None'
[0.539s] Level 5:colcon.colcon_core.verb:set package 'pycodes_h1' build argument 'catkin_skip_building_tests' from command line to 'False'
[0.539s] DEBUG:colcon.colcon_core.verb:Building package 'pycodes_h1' with the following arguments: {'ament_cmake_args': None, 'build_base': '/home/utec/humanoid_ws/build/pycodes_h1', 'catkin_cmake_args': None, 'catkin_skip_building_tests': False, 'cmake_args': None, 'cmake_clean_cache': False, 'cmake_clean_first': False, 'cmake_force_configure': False, 'cmake_target': None, 'cmake_target_skip_unavailable': False, 'install_base': '/home/utec/humanoid_ws/install/pycodes_h1', 'merge_install': False, 'path': '/home/utec/humanoid_ws/src/pycodes_h1', 'symlink_install': False, 'test_result_base': None}
[0.539s] Level 5:colcon.colcon_core.verb:set package 'unitree_ros2_example' build argument 'cmake_args' from command line to 'None'
[0.539s] Level 5:colcon.colcon_core.verb:set package 'unitree_ros2_example' build argument 'cmake_target' from command line to 'None'
[0.539s] Level 5:colcon.colcon_core.verb:set package 'unitree_ros2_example' build argument 'cmake_target_skip_unavailable' from command line to 'False'
[0.539s] Level 5:colcon.colcon_core.verb:set package 'unitree_ros2_example' build argument 'cmake_clean_cache' from command line to 'False'
[0.539s] Level 5:colcon.colcon_core.verb:set package 'unitree_ros2_example' build argument 'cmake_clean_first' from command line to 'False'
[0.539s] Level 5:colcon.colcon_core.verb:set package 'unitree_ros2_example' build argument 'cmake_force_configure' from command line to 'False'
[0.539s] Level 5:colcon.colcon_core.verb:set package 'unitree_ros2_example' build argument 'ament_cmake_args' from command line to 'None'
[0.539s] Level 5:colcon.colcon_core.verb:set package 'unitree_ros2_example' build argument 'catkin_cmake_args' from command line to 'None'
[0.539s] Level 5:colcon.colcon_core.verb:set package 'unitree_ros2_example' build argument 'catkin_skip_building_tests' from command line to 'False'
[0.539s] DEBUG:colcon.colcon_core.verb:Building package 'unitree_ros2_example' with the following arguments: {'ament_cmake_args': None, 'build_base': '/home/utec/humanoid_ws/build/unitree_ros2_example', 'catkin_cmake_args': None, 'catkin_skip_building_tests': False, 'cmake_args': None, 'cmake_clean_cache': False, 'cmake_clean_first': False, 'cmake_force_configure': False, 'cmake_target': None, 'cmake_target_skip_unavailable': False, 'install_base': '/home/utec/humanoid_ws/install/unitree_ros2_example', 'merge_install': False, 'path': '/home/utec/humanoid_ws/src/unitree_ros2/example/src', 'symlink_install': False, 'test_result_base': None}
[0.539s] INFO:colcon.colcon_core.executor:Executing jobs using 'parallel' executor
[0.541s] DEBUG:colcon.colcon_parallel_executor.executor.parallel:run_until_complete
[0.541s] INFO:colcon.colcon_ros.task.ament_cmake.build:Building ROS package in '/home/utec/humanoid_ws/src/unitree_ros2/cyclonedds_ws/src/unitree/unitree_hg' with build type 'ament_cmake'
[0.541s] INFO:colcon.colcon_cmake.task.cmake.build:Building CMake package in '/home/utec/humanoid_ws/src/unitree_ros2/cyclonedds_ws/src/unitree/unitree_hg'
[0.545s] INFO:colcon.colcon_core.plugin_system:Skipping extension 'colcon_core.shell.bat': Not used on non-Windows systems
[0.545s] INFO:colcon.colcon_core.shell:Skip shell extension 'powershell' for command environment: Not usable outside of PowerShell
[0.545s] DEBUG:colcon.colcon_core.shell:Skip shell extension 'dsv' for command environment
[0.548s] INFO:colcon.colcon_ros.task.ament_cmake.build:Building ROS package in '/home/utec/humanoid_ws/src/h1_2_utec/h1_2_description' with build type 'ament_cmake'
[0.548s] INFO:colcon.colcon_cmake.task.cmake.build:Building CMake package in '/home/utec/humanoid_ws/src/h1_2_utec/h1_2_description'
[0.549s] INFO:colcon.colcon_core.shell:Skip shell extension 'powershell' for command environment: Not usable outside of PowerShell
[0.549s] DEBUG:colcon.colcon_core.shell:Skip shell extension 'dsv' for command environment
[0.551s] INFO:colcon.colcon_ros.task.ament_cmake.build:Building ROS package in '/home/utec/humanoid_ws/src/unitree_ros2/cyclonedds_ws/src/unitree/unitree_api' with build type 'ament_cmake'
[0.551s] INFO:colcon.colcon_cmake.task.cmake.build:Building CMake package in '/home/utec/humanoid_ws/src/unitree_ros2/cyclonedds_ws/src/unitree/unitree_api'
[0.551s] INFO:colcon.colcon_core.shell:Skip shell extension 'powershell' for command environment: Not usable outside of PowerShell
[0.551s] DEBUG:colcon.colcon_core.shell:Skip shell extension 'dsv' for command environment
[0.554s] INFO:colcon.colcon_ros.task.ament_cmake.build:Building ROS package in '/home/utec/humanoid_ws/src/unitree_ros2/cyclonedds_ws/src/unitree/unitree_go' with build type 'ament_cmake'
[0.554s] INFO:colcon.colcon_cmake.task.cmake.build:Building CMake package in '/home/utec/humanoid_ws/src/unitree_ros2/cyclonedds_ws/src/unitree/unitree_go'
[0.554s] INFO:colcon.colcon_core.shell:Skip shell extension 'powershell' for command environment: Not usable outside of PowerShell
[0.554s] DEBUG:colcon.colcon_core.shell:Skip shell extension 'dsv' for command environment
[0.561s] DEBUG:colcon.colcon_core.event_handler.log_command:Invoking command in '/home/utec/humanoid_ws/build/unitree_hg': CMAKE_PREFIX_PATH=/opt/ros/humble /usr/bin/cmake --build /home/utec/humanoid_ws/build/unitree_hg -- -j8 -l8
[0.565s] DEBUG:colcon.colcon_core.event_handler.log_command:Invoking command in '/home/utec/humanoid_ws/build/h1_2_description': CMAKE_PREFIX_PATH=/opt/ros/humble /usr/bin/cmake --build /home/utec/humanoid_ws/build/h1_2_description -- -j8 -l8
[0.569s] DEBUG:colcon.colcon_core.event_handler.log_command:Invoking command in '/home/utec/humanoid_ws/build/unitree_api': CMAKE_PREFIX_PATH=/opt/ros/humble /usr/bin/cmake --build /home/utec/humanoid_ws/build/unitree_api -- -j8 -l8
[0.575s] DEBUG:colcon.colcon_core.event_handler.log_command:Invoking command in '/home/utec/humanoid_ws/build/unitree_go': CMAKE_PREFIX_PATH=/opt/ros/humble /usr/bin/cmake --build /home/utec/humanoid_ws/build/unitree_go -- -j8 -l8
[0.638s] DEBUG:colcon.colcon_core.event_handler.log_command:Invoked command in '/home/utec/humanoid_ws/build/h1_2_description' returned '0': CMAKE_PREFIX_PATH=/opt/ros/humble /usr/bin/cmake --build /home/utec/humanoid_ws/build/h1_2_description -- -j8 -l8
[0.672s] DEBUG:colcon.colcon_core.event_handler.log_command:Invoking command in '/home/utec/humanoid_ws/build/h1_2_description': CMAKE_PREFIX_PATH=/opt/ros/humble /usr/bin/cmake --install /home/utec/humanoid_ws/build/h1_2_description
[0.725s] Level 1:colcon.colcon_core.environment:create_environment_scripts_only(h1_2_description)
[0.730s] DEBUG:colcon.colcon_core.event_handler.log_command:Invoked command in '/home/utec/humanoid_ws/build/h1_2_description' returned '0': CMAKE_PREFIX_PATH=/opt/ros/humble /usr/bin/cmake --install /home/utec/humanoid_ws/build/h1_2_description
[0.757s] Level 1:colcon.colcon_core.environment:checking '/home/utec/humanoid_ws/install/h1_2_description' for CMake module files
[0.761s] Level 1:colcon.colcon_core.environment:checking '/home/utec/humanoid_ws/install/h1_2_description' for CMake config files
[0.761s] Level 1:colcon.colcon_core.shell:create_environment_hook('h1_2_description', 'cmake_prefix_path')
[0.762s] INFO:colcon.colcon_core.shell:Creating environment hook '/home/utec/humanoid_ws/install/h1_2_description/share/h1_2_description/hook/cmake_prefix_path.ps1'
[0.771s] INFO:colcon.colcon_core.shell:Creating environment descriptor '/home/utec/humanoid_ws/install/h1_2_description/share/h1_2_description/hook/cmake_prefix_path.dsv'
[0.774s] INFO:colcon.colcon_core.shell:Creating environment hook '/home/utec/humanoid_ws/install/h1_2_description/share/h1_2_description/hook/cmake_prefix_path.sh'
[0.780s] Level 1:colcon.colcon_core.environment:checking '/home/utec/humanoid_ws/install/h1_2_description/bin'
[0.780s] Level 1:colcon.colcon_core.environment:checking '/home/utec/humanoid_ws/install/h1_2_description/lib/pkgconfig/h1_2_description.pc'
[0.781s] Level 1:colcon.colcon_core.environment:checking '/home/utec/humanoid_ws/install/h1_2_description/lib/python3.10/site-packages'
[0.781s] Level 1:colcon.colcon_core.environment:checking '/home/utec/humanoid_ws/install/h1_2_description/bin'
[0.782s] INFO:colcon.colcon_core.shell:Creating package script '/home/utec/humanoid_ws/install/h1_2_description/share/h1_2_description/package.ps1'
[0.784s] INFO:colcon.colcon_core.shell:Creating package descriptor '/home/utec/humanoid_ws/install/h1_2_description/share/h1_2_description/package.dsv'
[0.787s] INFO:colcon.colcon_core.shell:Creating package script '/home/utec/humanoid_ws/install/h1_2_description/share/h1_2_description/package.sh'
[0.791s] INFO:colcon.colcon_core.shell:Creating package script '/home/utec/humanoid_ws/install/h1_2_description/share/h1_2_description/package.bash'
[0.794s] INFO:colcon.colcon_core.shell:Creating package script '/home/utec/humanoid_ws/install/h1_2_description/share/h1_2_description/package.zsh'
[0.799s] Level 1:colcon.colcon_core.environment:create_file_with_runtime_dependencies(/home/utec/humanoid_ws/install/h1_2_description/share/colcon-core/packages/h1_2_description)
[0.800s] Level 1:colcon.colcon_core.environment:create_environment_scripts_only(h1_2_description)
[0.801s] Level 1:colcon.colcon_core.environment:checking '/home/utec/humanoid_ws/install/h1_2_description' for CMake module files
[0.806s] Level 1:colcon.colcon_core.environment:checking '/home/utec/humanoid_ws/install/h1_2_description' for CMake config files
[0.806s] Level 1:colcon.colcon_core.shell:create_environment_hook('h1_2_description', 'cmake_prefix_path')
[0.807s] INFO:colcon.colcon_core.shell:Creating environment hook '/home/utec/humanoid_ws/install/h1_2_description/share/h1_2_description/hook/cmake_prefix_path.ps1'
[0.807s] INFO:colcon.colcon_core.shell:Creating environment descriptor '/home/utec/humanoid_ws/install/h1_2_description/share/h1_2_description/hook/cmake_prefix_path.dsv'
[0.808s] INFO:colcon.colcon_core.shell:Creating environment hook '/home/utec/humanoid_ws/install/h1_2_description/share/h1_2_description/hook/cmake_prefix_path.sh'
[0.809s] Level 1:colcon.colcon_core.environment:checking '/home/utec/humanoid_ws/install/h1_2_description/bin'
[0.810s] Level 1:colcon.colcon_core.environment:checking '/home/utec/humanoid_ws/install/h1_2_description/lib/pkgconfig/h1_2_description.pc'
[0.810s] Level 1:colcon.colcon_core.environment:checking '/home/utec/humanoid_ws/install/h1_2_description/lib/python3.10/site-packages'
[0.811s] Level 1:colcon.colcon_core.environment:checking '/home/utec/humanoid_ws/install/h1_2_description/bin'
[0.811s] INFO:colcon.colcon_core.shell:Creating package script '/home/utec/humanoid_ws/install/h1_2_description/share/h1_2_description/package.ps1'
[0.812s] INFO:colcon.colcon_core.shell:Creating package descriptor '/home/utec/humanoid_ws/install/h1_2_description/share/h1_2_description/package.dsv'
[0.813s] INFO:colcon.colcon_core.shell:Creating package script '/home/utec/humanoid_ws/install/h1_2_description/share/h1_2_description/package.sh'
[0.813s] INFO:colcon.colcon_core.shell:Creating package script '/home/utec/humanoid_ws/install/h1_2_description/share/h1_2_description/package.bash'
[0.814s] INFO:colcon.colcon_core.shell:Creating package script '/home/utec/humanoid_ws/install/h1_2_description/share/h1_2_description/package.zsh'
[0.816s] Level 1:colcon.colcon_core.environment:create_file_with_runtime_dependencies(/home/utec/humanoid_ws/install/h1_2_description/share/colcon-core/packages/h1_2_description)
[0.821s] INFO:colcon.colcon_ros.task.ament_python.build:Building ROS package in '/home/utec/humanoid_ws/src/h1_2_utec/h1_2_model' with build type 'ament_python'
[0.821s] Level 1:colcon.colcon_core.shell:create_environment_hook('h1_2_model', 'ament_prefix_path')
[0.821s] INFO:colcon.colcon_core.shell:Creating environment hook '/home/utec/humanoid_ws/install/h1_2_model/share/h1_2_model/hook/ament_prefix_path.ps1'
[0.822s] INFO:colcon.colcon_core.shell:Creating environment descriptor '/home/utec/humanoid_ws/install/h1_2_model/share/h1_2_model/hook/ament_prefix_path.dsv'
[0.823s] INFO:colcon.colcon_core.shell:Creating environment hook '/home/utec/humanoid_ws/install/h1_2_model/share/h1_2_model/hook/ament_prefix_path.sh'
[0.825s] INFO:colcon.colcon_core.shell:Skip shell extension 'powershell' for command environment: Not usable outside of PowerShell
[0.825s] DEBUG:colcon.colcon_core.shell:Skip shell extension 'dsv' for command environment
[1.317s] INFO:colcon.colcon_core.task.python.build:Building Python package in '/home/utec/humanoid_ws/src/h1_2_utec/h1_2_model'
[1.317s] INFO:colcon.colcon_core.shell:Skip shell extension 'powershell' for command environment: Not usable outside of PowerShell
[1.317s] DEBUG:colcon.colcon_core.shell:Skip shell extension 'dsv' for command environment
[1.321s] DEBUG:colcon.colcon_core.event_handler.log_command:Invoked command in '/home/utec/humanoid_ws/build/unitree_api' returned '0': CMAKE_PREFIX_PATH=/opt/ros/humble /usr/bin/cmake --build /home/utec/humanoid_ws/build/unitree_api -- -j8 -l8
[1.323s] DEBUG:colcon.colcon_core.event_handler.log_command:Invoking command in '/home/utec/humanoid_ws/build/unitree_api': CMAKE_PREFIX_PATH=/opt/ros/humble /usr/bin/cmake --install /home/utec/humanoid_ws/build/unitree_api
[1.323s] DEBUG:colcon.colcon_core.event_handler.log_command:Invoked command in '/home/utec/humanoid_ws/build/unitree_hg' returned '0': CMAKE_PREFIX_PATH=/opt/ros/humble /usr/bin/cmake --build /home/utec/humanoid_ws/build/unitree_hg -- -j8 -l8
[1.325s] DEBUG:colcon.colcon_core.event_handler.log_command:Invoking command in '/home/utec/humanoid_ws/build/unitree_hg': CMAKE_PREFIX_PATH=/opt/ros/humble /usr/bin/cmake --install /home/utec/humanoid_ws/build/unitree_hg
[1.326s] DEBUG:colcon.colcon_core.event_handler.log_command:Invoked command in '/home/utec/humanoid_ws/build/unitree_go' returned '0': CMAKE_PREFIX_PATH=/opt/ros/humble /usr/bin/cmake --build /home/utec/humanoid_ws/build/unitree_go -- -j8 -l8
[1.328s] DEBUG:colcon.colcon_core.event_handler.log_command:Invoking command in '/home/utec/humanoid_ws/build/unitree_go': CMAKE_PREFIX_PATH=/opt/ros/humble /usr/bin/cmake --install /home/utec/humanoid_ws/build/unitree_go
[1.392s] Level 1:colcon.colcon_core.environment:create_environment_scripts_only(unitree_api)
[1.393s] Level 1:colcon.colcon_core.environment:checking '/home/utec/humanoid_ws/install/unitree_api' for CMake module files
[1.396s] Level 1:colcon.colcon_core.environment:checking '/home/utec/humanoid_ws/install/unitree_api' for CMake config files
[1.401s] Level 1:colcon.colcon_core.shell:create_environment_hook('unitree_api', 'cmake_prefix_path')
[1.402s] INFO:colcon.colcon_core.shell:Creating environment hook '/home/utec/humanoid_ws/install/unitree_api/share/unitree_api/hook/cmake_prefix_path.ps1'
[1.406s] INFO:colcon.colcon_core.shell:Creating environment descriptor '/home/utec/humanoid_ws/install/unitree_api/share/unitree_api/hook/cmake_prefix_path.dsv'
[1.408s] INFO:colcon.colcon_core.shell:Creating environment hook '/home/utec/humanoid_ws/install/unitree_api/share/unitree_api/hook/cmake_prefix_path.sh'
[1.412s] Level 1:colcon.colcon_core.environment:checking '/home/utec/humanoid_ws/install/unitree_api/lib'
[1.413s] Level 1:colcon.colcon_core.shell:create_environment_hook('unitree_api', 'ld_library_path_lib')
[1.413s] INFO:colcon.colcon_core.shell:Creating environment hook '/home/utec/humanoid_ws/install/unitree_api/share/unitree_api/hook/ld_library_path_lib.ps1'
[1.415s] INFO:colcon.colcon_core.shell:Creating environment descriptor '/home/utec/humanoid_ws/install/unitree_api/share/unitree_api/hook/ld_library_path_lib.dsv'
[1.418s] INFO:colcon.colcon_core.shell:Creating environment hook '/home/utec/humanoid_ws/install/unitree_api/share/unitree_api/hook/ld_library_path_lib.sh'
[1.422s] Level 1:colcon.colcon_core.environment:checking '/home/utec/humanoid_ws/install/unitree_api/bin'
[1.422s] Level 1:colcon.colcon_core.environment:checking '/home/utec/humanoid_ws/install/unitree_api/lib/pkgconfig/unitree_api.pc'
[1.423s] Level 1:colcon.colcon_core.environment:checking '/home/utec/humanoid_ws/install/unitree_api/lib/python3.10/site-packages'
[1.424s] Level 1:colcon.colcon_core.environment:checking '/home/utec/humanoid_ws/install/unitree_api/bin'
[1.424s] INFO:colcon.colcon_core.shell:Creating package script '/home/utec/humanoid_ws/install/unitree_api/share/unitree_api/package.ps1'
[1.427s] INFO:colcon.colcon_core.shell:Creating package descriptor '/home/utec/humanoid_ws/install/unitree_api/share/unitree_api/package.dsv'
[1.429s] INFO:colcon.colcon_core.shell:Creating package script '/home/utec/humanoid_ws/install/unitree_api/share/unitree_api/package.sh'
[1.432s] INFO:colcon.colcon_core.shell:Creating package script '/home/utec/humanoid_ws/install/unitree_api/share/unitree_api/package.bash'
[1.434s] DEBUG:colcon.colcon_core.event_handler.log_command:Invoked command in '/home/utec/humanoid_ws/build/unitree_api' returned '0': CMAKE_PREFIX_PATH=/opt/ros/humble /usr/bin/cmake --install /home/utec/humanoid_ws/build/unitree_api
[1.435s] INFO:colcon.colcon_core.shell:Creating package script '/home/utec/humanoid_ws/install/unitree_api/share/unitree_api/package.zsh'
[1.437s] Level 1:colcon.colcon_core.environment:create_file_with_runtime_dependencies(/home/utec/humanoid_ws/install/unitree_api/share/colcon-core/packages/unitree_api)
[1.446s] Level 1:colcon.colcon_core.environment:create_environment_scripts_only(unitree_api)
[1.446s] Level 1:colcon.colcon_core.environment:checking '/home/utec/humanoid_ws/install/unitree_api' for CMake module files
[1.446s] Level 1:colcon.colcon_core.environment:checking '/home/utec/humanoid_ws/install/unitree_api' for CMake config files
[1.447s] Level 1:colcon.colcon_core.shell:create_environment_hook('unitree_api', 'cmake_prefix_path')
[1.447s] INFO:colcon.colcon_core.shell:Creating environment hook '/home/utec/humanoid_ws/install/unitree_api/share/unitree_api/hook/cmake_prefix_path.ps1'
[1.447s] INFO:colcon.colcon_core.shell:Creating environment descriptor '/home/utec/humanoid_ws/install/unitree_api/share/unitree_api/hook/cmake_prefix_path.dsv'
[1.448s] INFO:colcon.colcon_core.shell:Creating environment hook '/home/utec/humanoid_ws/install/unitree_api/share/unitree_api/hook/cmake_prefix_path.sh'
[1.448s] Level 1:colcon.colcon_core.environment:checking '/home/utec/humanoid_ws/install/unitree_api/lib'
[1.448s] Level 1:colcon.colcon_core.shell:create_environment_hook('unitree_api', 'ld_library_path_lib')
[1.448s] INFO:colcon.colcon_core.shell:Creating environment hook '/home/utec/humanoid_ws/install/unitree_api/share/unitree_api/hook/ld_library_path_lib.ps1'
[1.449s] INFO:colcon.colcon_core.shell:Creating environment descriptor '/home/utec/humanoid_ws/install/unitree_api/share/unitree_api/hook/ld_library_path_lib.dsv'
[1.449s] INFO:colcon.colcon_core.shell:Creating environment hook '/home/utec/humanoid_ws/install/unitree_api/share/unitree_api/hook/ld_library_path_lib.sh'
[1.449s] Level 1:colcon.colcon_core.environment:checking '/home/utec/humanoid_ws/install/unitree_api/bin'
[1.449s] Level 1:colcon.colcon_core.environment:checking '/home/utec/humanoid_ws/install/unitree_api/lib/pkgconfig/unitree_api.pc'
[1.450s] Level 1:colcon.colcon_core.environment:checking '/home/utec/humanoid_ws/install/unitree_api/lib/python3.10/site-packages'
[1.450s] Level 1:colcon.colcon_core.environment:checking '/home/utec/humanoid_ws/install/unitree_api/bin'
[1.450s] INFO:colcon.colcon_core.shell:Creating package script '/home/utec/humanoid_ws/install/unitree_api/share/unitree_api/package.ps1'
[1.451s] INFO:colcon.colcon_core.shell:Creating package descriptor '/home/utec/humanoid_ws/install/unitree_api/share/unitree_api/package.dsv'
[1.451s] INFO:colcon.colcon_core.shell:Creating package script '/home/utec/humanoid_ws/install/unitree_api/share/unitree_api/package.sh'
[1.452s] INFO:colcon.colcon_core.shell:Creating package script '/home/utec/humanoid_ws/install/unitree_api/share/unitree_api/package.bash'
[1.452s] INFO:colcon.colcon_core.shell:Creating package script '/home/utec/humanoid_ws/install/unitree_api/share/unitree_api/package.zsh'
[1.452s] Level 1:colcon.colcon_core.environment:create_file_with_runtime_dependencies(/home/utec/humanoid_ws/install/unitree_api/share/colcon-core/packages/unitree_api)
[1.453s] Level 1:colcon.colcon_core.environment:create_environment_scripts_only(unitree_go)
[1.454s] Level 1:colcon.colcon_core.environment:checking '/home/utec/humanoid_ws/install/unitree_go' for CMake module files
[1.454s] DEBUG:colcon.colcon_core.event_handler.log_command:Invoked command in '/home/utec/humanoid_ws/build/unitree_go' returned '0': CMAKE_PREFIX_PATH=/opt/ros/humble /usr/bin/cmake --install /home/utec/humanoid_ws/build/unitree_go
[1.455s] Level 1:colcon.colcon_core.environment:checking '/home/utec/humanoid_ws/install/unitree_go' for CMake config files
[1.455s] Level 1:colcon.colcon_core.shell:create_environment_hook('unitree_go', 'cmake_prefix_path')
[1.455s] INFO:colcon.colcon_core.shell:Creating environment hook '/home/utec/humanoid_ws/install/unitree_go/share/unitree_go/hook/cmake_prefix_path.ps1'
[1.456s] INFO:colcon.colcon_core.shell:Creating environment descriptor '/home/utec/humanoid_ws/install/unitree_go/share/unitree_go/hook/cmake_prefix_path.dsv'
[1.456s] INFO:colcon.colcon_core.shell:Creating environment hook '/home/utec/humanoid_ws/install/unitree_go/share/unitree_go/hook/cmake_prefix_path.sh'
[1.457s] Level 1:colcon.colcon_core.environment:checking '/home/utec/humanoid_ws/install/unitree_go/lib'
[1.457s] Level 1:colcon.colcon_core.shell:create_environment_hook('unitree_go', 'ld_library_path_lib')
[1.457s] INFO:colcon.colcon_core.shell:Creating environment hook '/home/utec/humanoid_ws/install/unitree_go/share/unitree_go/hook/ld_library_path_lib.ps1'
[1.458s] INFO:colcon.colcon_core.shell:Creating environment descriptor '/home/utec/humanoid_ws/install/unitree_go/share/unitree_go/hook/ld_library_path_lib.dsv'
[1.458s] INFO:colcon.colcon_core.shell:Creating environment hook '/home/utec/humanoid_ws/install/unitree_go/share/unitree_go/hook/ld_library_path_lib.sh'
[1.459s] Level 1:colcon.colcon_core.environment:checking '/home/utec/humanoid_ws/install/unitree_go/bin'
[1.459s] Level 1:colcon.colcon_core.environment:checking '/home/utec/humanoid_ws/install/unitree_go/lib/pkgconfig/unitree_go.pc'
[1.459s] Level 1:colcon.colcon_core.environment:checking '/home/utec/humanoid_ws/install/unitree_go/lib/python3.10/site-packages'
[1.459s] Level 1:colcon.colcon_core.environment:checking '/home/utec/humanoid_ws/install/unitree_go/bin'
[1.460s] INFO:colcon.colcon_core.shell:Creating package script '/home/utec/humanoid_ws/install/unitree_go/share/unitree_go/package.ps1'
[1.460s] INFO:colcon.colcon_core.shell:Creating package descriptor '/home/utec/humanoid_ws/install/unitree_go/share/unitree_go/package.dsv'
[1.460s] INFO:colcon.colcon_core.shell:Creating package script '/home/utec/humanoid_ws/install/unitree_go/share/unitree_go/package.sh'
[1.461s] INFO:colcon.colcon_core.shell:Creating package script '/home/utec/humanoid_ws/install/unitree_go/share/unitree_go/package.bash'
[1.461s] INFO:colcon.colcon_core.shell:Creating package script '/home/utec/humanoid_ws/install/unitree_go/share/unitree_go/package.zsh'
[1.461s] Level 1:colcon.colcon_core.environment:create_file_with_runtime_dependencies(/home/utec/humanoid_ws/install/unitree_go/share/colcon-core/packages/unitree_go)
[1.462s] Level 1:colcon.colcon_core.environment:create_environment_scripts_only(unitree_go)
[1.462s] Level 1:colcon.colcon_core.environment:checking '/home/utec/humanoid_ws/install/unitree_go' for CMake module files
[1.463s] Level 1:colcon.colcon_core.environment:checking '/home/utec/humanoid_ws/install/unitree_go' for CMake config files
[1.463s] Level 1:colcon.colcon_core.shell:create_environment_hook('unitree_go', 'cmake_prefix_path')
[1.463s] INFO:colcon.colcon_core.shell:Creating environment hook '/home/utec/humanoid_ws/install/unitree_go/share/unitree_go/hook/cmake_prefix_path.ps1'
[1.463s] INFO:colcon.colcon_core.shell:Creating environment descriptor '/home/utec/humanoid_ws/install/unitree_go/share/unitree_go/hook/cmake_prefix_path.dsv'
[1.464s] INFO:colcon.colcon_core.shell:Creating environment hook '/home/utec/humanoid_ws/install/unitree_go/share/unitree_go/hook/cmake_prefix_path.sh'
[1.464s] Level 1:colcon.colcon_core.environment:checking '/home/utec/humanoid_ws/install/unitree_go/lib'
[1.464s] Level 1:colcon.colcon_core.shell:create_environment_hook('unitree_go', 'ld_library_path_lib')
[1.465s] INFO:colcon.colcon_core.shell:Creating environment hook '/home/utec/humanoid_ws/install/unitree_go/share/unitree_go/hook/ld_library_path_lib.ps1'
[1.465s] INFO:colcon.colcon_core.shell:Creating environment descriptor '/home/utec/humanoid_ws/install/unitree_go/share/unitree_go/hook/ld_library_path_lib.dsv'
[1.465s] INFO:colcon.colcon_core.shell:Creating environment hook '/home/utec/humanoid_ws/install/unitree_go/share/unitree_go/hook/ld_library_path_lib.sh'
[1.465s] Level 1:colcon.colcon_core.environment:checking '/home/utec/humanoid_ws/install/unitree_go/bin'
[1.465s] Level 1:colcon.colcon_core.environment:checking '/home/utec/humanoid_ws/install/unitree_go/lib/pkgconfig/unitree_go.pc'
[1.466s] Level 1:colcon.colcon_core.environment:checking '/home/utec/humanoid_ws/install/unitree_go/lib/python3.10/site-packages'
[1.466s] Level 1:colcon.colcon_core.environment:checking '/home/utec/humanoid_ws/install/unitree_go/bin'
[1.466s] INFO:colcon.colcon_core.shell:Creating package script '/home/utec/humanoid_ws/install/unitree_go/share/unitree_go/package.ps1'
[1.467s] INFO:colcon.colcon_core.shell:Creating package descriptor '/home/utec/humanoid_ws/install/unitree_go/share/unitree_go/package.dsv'
[1.467s] INFO:colcon.colcon_core.shell:Creating package script '/home/utec/humanoid_ws/install/unitree_go/share/unitree_go/package.sh'
[1.468s] INFO:colcon.colcon_core.shell:Creating package script '/home/utec/humanoid_ws/install/unitree_go/share/unitree_go/package.bash'
[1.468s] INFO:colcon.colcon_core.shell:Creating package script '/home/utec/humanoid_ws/install/unitree_go/share/unitree_go/package.zsh'
[1.469s] Level 1:colcon.colcon_core.environment:create_file_with_runtime_dependencies(/home/utec/humanoid_ws/install/unitree_go/share/colcon-core/packages/unitree_go)
[1.469s] Level 1:colcon.colcon_core.environment:create_environment_scripts_only(unitree_hg)
[1.469s] Level 1:colcon.colcon_core.environment:checking '/home/utec/humanoid_ws/install/unitree_hg' for CMake module files
[1.470s] Level 1:colcon.colcon_core.environment:checking '/home/utec/humanoid_ws/install/unitree_hg' for CMake config files
[1.471s] DEBUG:colcon.colcon_core.event_handler.log_command:Invoked command in '/home/utec/humanoid_ws/build/unitree_hg' returned '0': CMAKE_PREFIX_PATH=/opt/ros/humble /usr/bin/cmake --install /home/utec/humanoid_ws/build/unitree_hg
[1.471s] Level 1:colcon.colcon_core.shell:create_environment_hook('unitree_hg', 'cmake_prefix_path')
[1.471s] INFO:colcon.colcon_core.shell:Creating environment hook '/home/utec/humanoid_ws/install/unitree_hg/share/unitree_hg/hook/cmake_prefix_path.ps1'
[1.472s] INFO:colcon.colcon_core.shell:Creating environment descriptor '/home/utec/humanoid_ws/install/unitree_hg/share/unitree_hg/hook/cmake_prefix_path.dsv'
[1.472s] INFO:colcon.colcon_core.shell:Creating environment hook '/home/utec/humanoid_ws/install/unitree_hg/share/unitree_hg/hook/cmake_prefix_path.sh'
[1.473s] Level 1:colcon.colcon_core.environment:checking '/home/utec/humanoid_ws/install/unitree_hg/lib'
[1.473s] Level 1:colcon.colcon_core.shell:create_environment_hook('unitree_hg', 'ld_library_path_lib')
[1.474s] INFO:colcon.colcon_core.shell:Creating environment hook '/home/utec/humanoid_ws/install/unitree_hg/share/unitree_hg/hook/ld_library_path_lib.ps1'
[1.474s] INFO:colcon.colcon_core.shell:Creating environment descriptor '/home/utec/humanoid_ws/install/unitree_hg/share/unitree_hg/hook/ld_library_path_lib.dsv'
[1.475s] INFO:colcon.colcon_core.shell:Creating environment hook '/home/utec/humanoid_ws/install/unitree_hg/share/unitree_hg/hook/ld_library_path_lib.sh'
[1.475s] Level 1:colcon.colcon_core.environment:checking '/home/utec/humanoid_ws/install/unitree_hg/bin'
[1.476s] Level 1:colcon.colcon_core.environment:checking '/home/utec/humanoid_ws/install/unitree_hg/lib/pkgconfig/unitree_hg.pc'
[1.476s] Level 1:colcon.colcon_core.environment:checking '/home/utec/humanoid_ws/install/unitree_hg/lib/python3.10/site-packages'
[1.476s] Level 1:colcon.colcon_core.environment:checking '/home/utec/humanoid_ws/install/unitree_hg/bin'
[1.476s] INFO:colcon.colcon_core.shell:Creating package script '/home/utec/humanoid_ws/install/unitree_hg/share/unitree_hg/package.ps1'
[1.477s] INFO:colcon.colcon_core.shell:Creating package descriptor '/home/utec/humanoid_ws/install/unitree_hg/share/unitree_hg/package.dsv'
[1.477s] INFO:colcon.colcon_core.shell:Creating package script '/home/utec/humanoid_ws/install/unitree_hg/share/unitree_hg/package.sh'
[1.478s] INFO:colcon.colcon_core.shell:Creating package script '/home/utec/humanoid_ws/install/unitree_hg/share/unitree_hg/package.bash'
[1.478s] INFO:colcon.colcon_core.shell:Creating package script '/home/utec/humanoid_ws/install/unitree_hg/share/unitree_hg/package.zsh'
[1.478s] Level 1:colcon.colcon_core.environment:create_file_with_runtime_dependencies(/home/utec/humanoid_ws/install/unitree_hg/share/colcon-core/packages/unitree_hg)
[1.479s] Level 1:colcon.colcon_core.environment:create_environment_scripts_only(unitree_hg)
[1.479s] Level 1:colcon.colcon_core.environment:checking '/home/utec/humanoid_ws/install/unitree_hg' for CMake module files
[1.479s] Level 1:colcon.colcon_core.environment:checking '/home/utec/humanoid_ws/install/unitree_hg' for CMake config files
[1.480s] Level 1:colcon.colcon_core.shell:create_environment_hook('unitree_hg', 'cmake_prefix_path')
[1.480s] INFO:colcon.colcon_core.shell:Creating environment hook '/home/utec/humanoid_ws/install/unitree_hg/share/unitree_hg/hook/cmake_prefix_path.ps1'
[1.480s] INFO:colcon.colcon_core.shell:Creating environment descriptor '/home/utec/humanoid_ws/install/unitree_hg/share/unitree_hg/hook/cmake_prefix_path.dsv'
[1.480s] INFO:colcon.colcon_core.shell:Creating environment hook '/home/utec/humanoid_ws/install/unitree_hg/share/unitree_hg/hook/cmake_prefix_path.sh'
[1.481s] Level 1:colcon.colcon_core.environment:checking '/home/utec/humanoid_ws/install/unitree_hg/lib'
[1.481s] Level 1:colcon.colcon_core.shell:create_environment_hook('unitree_hg', 'ld_library_path_lib')
[1.481s] INFO:colcon.colcon_core.shell:Creating environment hook '/home/utec/humanoid_ws/install/unitree_hg/share/unitree_hg/hook/ld_library_path_lib.ps1'
[1.481s] INFO:colcon.colcon_core.shell:Creating environment descriptor '/home/utec/humanoid_ws/install/unitree_hg/share/unitree_hg/hook/ld_library_path_lib.dsv'
[1.482s] INFO:colcon.colcon_core.shell:Creating environment hook '/home/utec/humanoid_ws/install/unitree_hg/share/unitree_hg/hook/ld_library_path_lib.sh'
[1.482s] Level 1:colcon.colcon_core.environment:checking '/home/utec/humanoid_ws/install/unitree_hg/bin'
[1.482s] Level 1:colcon.colcon_core.environment:checking '/home/utec/humanoid_ws/install/unitree_hg/lib/pkgconfig/unitree_hg.pc'
[1.482s] Level 1:colcon.colcon_core.environment:checking '/home/utec/humanoid_ws/install/unitree_hg/lib/python3.10/site-packages'
[1.482s] Level 1:colcon.colcon_core.environment:checking '/home/utec/humanoid_ws/install/unitree_hg/bin'
[1.483s] INFO:colcon.colcon_core.shell:Creating package script '/home/utec/humanoid_ws/install/unitree_hg/share/unitree_hg/package.ps1'
[1.483s] INFO:colcon.colcon_core.shell:Creating package descriptor '/home/utec/humanoid_ws/install/unitree_hg/share/unitree_hg/package.dsv'
[1.484s] INFO:colcon.colcon_core.shell:Creating package script '/home/utec/humanoid_ws/install/unitree_hg/share/unitree_hg/package.sh'
[1.484s] INFO:colcon.colcon_core.shell:Creating package script '/home/utec/humanoid_ws/install/unitree_hg/share/unitree_hg/package.bash'
[1.484s] INFO:colcon.colcon_core.shell:Creating package script '/home/utec/humanoid_ws/install/unitree_hg/share/unitree_hg/package.zsh'
[1.485s] Level 1:colcon.colcon_core.environment:create_file_with_runtime_dependencies(/home/utec/humanoid_ws/install/unitree_hg/share/colcon-core/packages/unitree_hg)
[1.485s] INFO:colcon.colcon_ros.task.ament_cmake.build:Building ROS package in '/home/utec/humanoid_ws/src/h1_2_utec/h1_2_interface' with build type 'ament_cmake'
[1.485s] INFO:colcon.colcon_cmake.task.cmake.build:Building CMake package in '/home/utec/humanoid_ws/src/h1_2_utec/h1_2_interface'
[1.485s] INFO:colcon.colcon_core.shell:Skip shell extension 'powershell' for command environment: Not usable outside of PowerShell
[1.485s] DEBUG:colcon.colcon_core.shell:Skip shell extension 'dsv' for command environment
[1.489s] INFO:colcon.colcon_ros.task.ament_python.build:Building ROS package in '/home/utec/humanoid_ws/src/pycodes_h1' with build type 'ament_python'
[1.489s] Level 1:colcon.colcon_core.shell:create_environment_hook('pycodes_h1', 'ament_prefix_path')
[1.490s] INFO:colcon.colcon_core.shell:Creating environment hook '/home/utec/humanoid_ws/install/pycodes_h1/share/pycodes_h1/hook/ament_prefix_path.ps1'
[1.491s] INFO:colcon.colcon_core.shell:Creating environment descriptor '/home/utec/humanoid_ws/install/pycodes_h1/share/pycodes_h1/hook/ament_prefix_path.dsv'
[1.491s] INFO:colcon.colcon_core.shell:Creating environment hook '/home/utec/humanoid_ws/install/pycodes_h1/share/pycodes_h1/hook/ament_prefix_path.sh'
[1.492s] INFO:colcon.colcon_core.shell:Skip shell extension 'powershell' for command environment: Not usable outside of PowerShell
[1.492s] DEBUG:colcon.colcon_core.shell:Skip shell extension 'dsv' for command environment
[1.495s] INFO:colcon.colcon_ros.task.ament_cmake.build:Building ROS package in '/home/utec/humanoid_ws/src/unitree_ros2/example/src' with build type 'ament_cmake'
[1.495s] INFO:colcon.colcon_cmake.task.cmake.build:Building CMake package in '/home/utec/humanoid_ws/src/unitree_ros2/example/src'
[1.495s] INFO:colcon.colcon_core.shell:Skip shell extension 'powershell' for command environment: Not usable outside of PowerShell
[1.495s] DEBUG:colcon.colcon_core.shell:Skip shell extension 'dsv' for command environment
[1.502s] DEBUG:colcon.colcon_core.event_handler.log_command:Invoking command in '/home/utec/humanoid_ws/build/h1_2_interface': AMENT_PREFIX_PATH=/home/utec/humanoid_ws/install/unitree_hg:${AMENT_PREFIX_PATH} CMAKE_PREFIX_PATH=/home/utec/humanoid_ws/install/unitree_hg:/opt/ros/humble LD_LIBRARY_PATH=/home/utec/humanoid_ws/install/unitree_hg/lib:${LD_LIBRARY_PATH} PYTHONPATH=/home/utec/humanoid_ws/install/unitree_hg/local/lib/python3.10/dist-packages:${PYTHONPATH} /usr/bin/cmake --build /home/utec/humanoid_ws/build/h1_2_interface -- -j8 -l8
[1.801s] INFO:colcon.colcon_core.task.python.build:Building Python package in '/home/utec/humanoid_ws/src/pycodes_h1'
[1.801s] INFO:colcon.colcon_core.shell:Skip shell extension 'powershell' for command environment: Not usable outside of PowerShell
[1.801s] DEBUG:colcon.colcon_core.shell:Skip shell extension 'dsv' for command environment
[1.808s] DEBUG:colcon.colcon_core.event_handler.log_command:Invoking command in '/home/utec/humanoid_ws/build/unitree_ros2_example': AMENT_PREFIX_PATH=/home/utec/humanoid_ws/install/unitree_hg:/home/utec/humanoid_ws/install/unitree_go:/home/utec/humanoid_ws/install/unitree_api:${AMENT_PREFIX_PATH} CMAKE_PREFIX_PATH=/home/utec/humanoid_ws/install/unitree_hg:/home/utec/humanoid_ws/install/unitree_go:/home/utec/humanoid_ws/install/unitree_api:/opt/ros/humble LD_LIBRARY_PATH=/home/utec/humanoid_ws/install/unitree_hg/lib:/home/utec/humanoid_ws/install/unitree_go/lib:/home/utec/humanoid_ws/install/unitree_api/lib:${LD_LIBRARY_PATH} PYTHONPATH=/home/utec/humanoid_ws/install/unitree_hg/local/lib/python3.10/dist-packages:/home/utec/humanoid_ws/install/unitree_go/local/lib/python3.10/dist-packages:/home/utec/humanoid_ws/install/unitree_api/local/lib/python3.10/dist-packages:${PYTHONPATH} /usr/bin/cmake --build /home/utec/humanoid_ws/build/unitree_ros2_example -- -j8 -l8
[1.808s] DEBUG:colcon.colcon_core.event_handler.log_command:Invoked command in '/home/utec/humanoid_ws/build/h1_2_interface' returned '0': AMENT_PREFIX_PATH=/home/utec/humanoid_ws/install/unitree_hg:${AMENT_PREFIX_PATH} CMAKE_PREFIX_PATH=/home/utec/humanoid_ws/install/unitree_hg:/opt/ros/humble LD_LIBRARY_PATH=/home/utec/humanoid_ws/install/unitree_hg/lib:${LD_LIBRARY_PATH} PYTHONPATH=/home/utec/humanoid_ws/install/unitree_hg/local/lib/python3.10/dist-packages:${PYTHONPATH} /usr/bin/cmake --build /home/utec/humanoid_ws/build/h1_2_interface -- -j8 -l8
[1.810s] DEBUG:colcon.colcon_core.event_handler.log_command:Invoking command in '/home/utec/humanoid_ws/build/h1_2_interface': AMENT_PREFIX_PATH=/home/utec/humanoid_ws/install/unitree_hg:${AMENT_PREFIX_PATH} CMAKE_PREFIX_PATH=/home/utec/humanoid_ws/install/unitree_hg:/opt/ros/humble LD_LIBRARY_PATH=/home/utec/humanoid_ws/install/unitree_hg/lib:${LD_LIBRARY_PATH} PYTHONPATH=/home/utec/humanoid_ws/install/unitree_hg/local/lib/python3.10/dist-packages:${PYTHONPATH} /usr/bin/cmake --install /home/utec/humanoid_ws/build/h1_2_interface
[1.819s] Level 1:colcon.colcon_core.environment:create_environment_scripts_only(h1_2_interface)
[1.819s] Level 1:colcon.colcon_core.environment:checking '/home/utec/humanoid_ws/install/h1_2_interface' for CMake module files
[1.820s] DEBUG:colcon.colcon_core.event_handler.log_command:Invoked command in '/home/utec/humanoid_ws/build/h1_2_interface' returned '0': AMENT_PREFIX_PATH=/home/utec/humanoid_ws/install/unitree_hg:${AMENT_PREFIX_PATH} CMAKE_PREFIX_PATH=/home/utec/humanoid_ws/install/unitree_hg:/opt/ros/humble LD_LIBRARY_PATH=/home/utec/humanoid_ws/install/unitree_hg/lib:${LD_LIBRARY_PATH} PYTHONPATH=/home/utec/humanoid_ws/install/unitree_hg/local/lib/python3.10/dist-packages:${PYTHONPATH} /usr/bin/cmake --install /home/utec/humanoid_ws/build/h1_2_interface
[1.820s] Level 1:colcon.colcon_core.environment:checking '/home/utec/humanoid_ws/install/h1_2_interface' for CMake config files
[1.820s] Level 1:colcon.colcon_core.shell:create_environment_hook('h1_2_interface', 'cmake_prefix_path')
[1.820s] INFO:colcon.colcon_core.shell:Creating environment hook '/home/utec/humanoid_ws/install/h1_2_interface/share/h1_2_interface/hook/cmake_prefix_path.ps1'
[1.821s] INFO:colcon.colcon_core.shell:Creating environment descriptor '/home/utec/humanoid_ws/install/h1_2_interface/share/h1_2_interface/hook/cmake_prefix_path.dsv'
[1.821s] INFO:colcon.colcon_core.shell:Creating environment hook '/home/utec/humanoid_ws/install/h1_2_interface/share/h1_2_interface/hook/cmake_prefix_path.sh'
[1.821s] Level 1:colcon.colcon_core.environment:checking '/home/utec/humanoid_ws/install/h1_2_interface/lib'
[1.821s] Level 1:colcon.colcon_core.environment:checking '/home/utec/humanoid_ws/install/h1_2_interface/bin'
[1.822s] Level 1:colcon.colcon_core.environment:checking '/home/utec/humanoid_ws/install/h1_2_interface/lib/pkgconfig/h1_2_interface.pc'
[1.822s] Level 1:colcon.colcon_core.environment:checking '/home/utec/humanoid_ws/install/h1_2_interface/lib/python3.10/site-packages'
[1.822s] Level 1:colcon.colcon_core.environment:checking '/home/utec/humanoid_ws/install/h1_2_interface/bin'
[1.822s] INFO:colcon.colcon_core.shell:Creating package script '/home/utec/humanoid_ws/install/h1_2_interface/share/h1_2_interface/package.ps1'
[1.823s] INFO:colcon.colcon_core.shell:Creating package descriptor '/home/utec/humanoid_ws/install/h1_2_interface/share/h1_2_interface/package.dsv'
[1.823s] INFO:colcon.colcon_core.shell:Creating package script '/home/utec/humanoid_ws/install/h1_2_interface/share/h1_2_interface/package.sh'
[1.823s] INFO:colcon.colcon_core.shell:Creating package script '/home/utec/humanoid_ws/install/h1_2_interface/share/h1_2_interface/package.bash'
[1.824s] INFO:colcon.colcon_core.shell:Creating package script '/home/utec/humanoid_ws/install/h1_2_interface/share/h1_2_interface/package.zsh'
[1.824s] Level 1:colcon.colcon_core.environment:create_file_with_runtime_dependencies(/home/utec/humanoid_ws/install/h1_2_interface/share/colcon-core/packages/h1_2_interface)
[1.824s] Level 1:colcon.colcon_core.environment:create_environment_scripts_only(h1_2_interface)
[1.825s] Level 1:colcon.colcon_core.environment:checking '/home/utec/humanoid_ws/install/h1_2_interface' for CMake module files
[1.825s] Level 1:colcon.colcon_core.environment:checking '/home/utec/humanoid_ws/install/h1_2_interface' for CMake config files
[1.825s] Level 1:colcon.colcon_core.shell:create_environment_hook('h1_2_interface', 'cmake_prefix_path')
[1.825s] INFO:colcon.colcon_core.shell:Creating environment hook '/home/utec/humanoid_ws/install/h1_2_interface/share/h1_2_interface/hook/cmake_prefix_path.ps1'
[1.826s] INFO:colcon.colcon_core.shell:Creating environment descriptor '/home/utec/humanoid_ws/install/h1_2_interface/share/h1_2_interface/hook/cmake_prefix_path.dsv'
[1.826s] INFO:colcon.colcon_core.shell:Creating environment hook '/home/utec/humanoid_ws/install/h1_2_interface/share/h1_2_interface/hook/cmake_prefix_path.sh'
[1.826s] Level 1:colcon.colcon_core.environment:checking '/home/utec/humanoid_ws/install/h1_2_interface/lib'
[1.827s] Level 1:colcon.colcon_core.environment:checking '/home/utec/humanoid_ws/install/h1_2_interface/bin'
[1.827s] Level 1:colcon.colcon_core.environment:checking '/home/utec/humanoid_ws/install/h1_2_interface/lib/pkgconfig/h1_2_interface.pc'
[1.827s] Level 1:colcon.colcon_core.environment:checking '/home/utec/humanoid_ws/install/h1_2_interface/lib/python3.10/site-packages'
[1.827s] Level 1:colcon.colcon_core.environment:checking '/home/utec/humanoid_ws/install/h1_2_interface/bin'
[1.827s] INFO:colcon.colcon_core.shell:Creating package script '/home/utec/humanoid_ws/install/h1_2_interface/share/h1_2_interface/package.ps1'
[1.828s] INFO:colcon.colcon_core.shell:Creating package descriptor '/home/utec/humanoid_ws/install/h1_2_interface/share/h1_2_interface/package.dsv'
[1.828s] INFO:colcon.colcon_core.shell:Creating package script '/home/utec/humanoid_ws/install/h1_2_interface/share/h1_2_interface/package.sh'
[1.828s] INFO:colcon.colcon_core.shell:Creating package script '/home/utec/humanoid_ws/install/h1_2_interface/share/h1_2_interface/package.bash'
[1.829s] INFO:colcon.colcon_core.shell:Creating package script '/home/utec/humanoid_ws/install/h1_2_interface/share/h1_2_interface/package.zsh'
[1.829s] Level 1:colcon.colcon_core.environment:create_file_with_runtime_dependencies(/home/utec/humanoid_ws/install/h1_2_interface/share/colcon-core/packages/h1_2_interface)
[1.892s] DEBUG:colcon.colcon_core.event_handler.log_command:Invoking command in '/home/utec/humanoid_ws/src/h1_2_utec/h1_2_model': AMENT_PREFIX_PATH=/home/utec/humanoid_ws/install/h1_2_description:${AMENT_PREFIX_PATH} CMAKE_PREFIX_PATH=/home/utec/humanoid_ws/install/h1_2_description PYTHONPATH=/home/utec/humanoid_ws/build/h1_2_model/prefix_override:/usr/lib/python3/dist-packages/colcon_core/task/python/colcon_distutils_commands:/home/utec/humanoid_ws/install/h1_2_model/lib/python3.10/site-packages:${PYTHONPATH} /usr/bin/python3 -W ignore:setup.py install is deprecated -W ignore:easy_install command is deprecated setup.py egg_info --egg-base ../../../build/h1_2_model build --build-base /home/utec/humanoid_ws/build/h1_2_model/build install --record /home/utec/humanoid_ws/build/h1_2_model/install.log --single-version-externally-managed install_data
[2.072s] DEBUG:colcon.colcon_core.event_handler.log_command:Invoked command in '/home/utec/humanoid_ws/build/unitree_ros2_example' returned '0': AMENT_PREFIX_PATH=/home/utec/humanoid_ws/install/unitree_hg:/home/utec/humanoid_ws/install/unitree_go:/home/utec/humanoid_ws/install/unitree_api:${AMENT_PREFIX_PATH} CMAKE_PREFIX_PATH=/home/utec/humanoid_ws/install/unitree_hg:/home/utec/humanoid_ws/install/unitree_go:/home/utec/humanoid_ws/install/unitree_api:/opt/ros/humble LD_LIBRARY_PATH=/home/utec/humanoid_ws/install/unitree_hg/lib:/home/utec/humanoid_ws/install/unitree_go/lib:/home/utec/humanoid_ws/install/unitree_api/lib:${LD_LIBRARY_PATH} PYTHONPATH=/home/utec/humanoid_ws/install/unitree_hg/local/lib/python3.10/dist-packages:/home/utec/humanoid_ws/install/unitree_go/local/lib/python3.10/dist-packages:/home/utec/humanoid_ws/install/unitree_api/local/lib/python3.10/dist-packages:${PYTHONPATH} /usr/bin/cmake --build /home/utec/humanoid_ws/build/unitree_ros2_example -- -j8 -l8
[2.074s] DEBUG:colcon.colcon_core.event_handler.log_command:Invoking command in '/home/utec/humanoid_ws/build/unitree_ros2_example': AMENT_PREFIX_PATH=/home/utec/humanoid_ws/install/unitree_hg:/home/utec/humanoid_ws/install/unitree_go:/home/utec/humanoid_ws/install/unitree_api:${AMENT_PREFIX_PATH} CMAKE_PREFIX_PATH=/home/utec/humanoid_ws/install/unitree_hg:/home/utec/humanoid_ws/install/unitree_go:/home/utec/humanoid_ws/install/unitree_api:/opt/ros/humble LD_LIBRARY_PATH=/home/utec/humanoid_ws/install/unitree_hg/lib:/home/utec/humanoid_ws/install/unitree_go/lib:/home/utec/humanoid_ws/install/unitree_api/lib:${LD_LIBRARY_PATH} PYTHONPATH=/home/utec/humanoid_ws/install/unitree_hg/local/lib/python3.10/dist-packages:/home/utec/humanoid_ws/install/unitree_go/local/lib/python3.10/dist-packages:/home/utec/humanoid_ws/install/unitree_api/local/lib/python3.10/dist-packages:${PYTHONPATH} /usr/bin/cmake --install /home/utec/humanoid_ws/build/unitree_ros2_example
[2.102s] Level 1:colcon.colcon_core.environment:create_environment_scripts_only(unitree_ros2_example)
[2.103s] Level 1:colcon.colcon_core.environment:checking '/home/utec/humanoid_ws/install/unitree_ros2_example' for CMake module files
[2.104s] DEBUG:colcon.colcon_core.event_handler.log_command:Invoked command in '/home/utec/humanoid_ws/build/unitree_ros2_example' returned '0': AMENT_PREFIX_PATH=/home/utec/humanoid_ws/install/unitree_hg:/home/utec/humanoid_ws/install/unitree_go:/home/utec/humanoid_ws/install/unitree_api:${AMENT_PREFIX_PATH} CMAKE_PREFIX_PATH=/home/utec/humanoid_ws/install/unitree_hg:/home/utec/humanoid_ws/install/unitree_go:/home/utec/humanoid_ws/install/unitree_api:/opt/ros/humble LD_LIBRARY_PATH=/home/utec/humanoid_ws/install/unitree_hg/lib:/home/utec/humanoid_ws/install/unitree_go/lib:/home/utec/humanoid_ws/install/unitree_api/lib:${LD_LIBRARY_PATH} PYTHONPATH=/home/utec/humanoid_ws/install/unitree_hg/local/lib/python3.10/dist-packages:/home/utec/humanoid_ws/install/unitree_go/local/lib/python3.10/dist-packages:/home/utec/humanoid_ws/install/unitree_api/local/lib/python3.10/dist-packages:${PYTHONPATH} /usr/bin/cmake --install /home/utec/humanoid_ws/build/unitree_ros2_example
[2.105s] Level 1:colcon.colcon_core.environment:checking '/home/utec/humanoid_ws/install/unitree_ros2_example' for CMake config files
[2.105s] Level 1:colcon.colcon_core.shell:create_environment_hook('unitree_ros2_example', 'cmake_prefix_path')
[2.106s] INFO:colcon.colcon_core.shell:Creating environment hook '/home/utec/humanoid_ws/install/unitree_ros2_example/share/unitree_ros2_example/hook/cmake_prefix_path.ps1'
[2.106s] INFO:colcon.colcon_core.shell:Creating environment descriptor '/home/utec/humanoid_ws/install/unitree_ros2_example/share/unitree_ros2_example/hook/cmake_prefix_path.dsv'
[2.107s] INFO:colcon.colcon_core.shell:Creating environment hook '/home/utec/humanoid_ws/install/unitree_ros2_example/share/unitree_ros2_example/hook/cmake_prefix_path.sh'
[2.112s] Level 1:colcon.colcon_core.environment:checking '/home/utec/humanoid_ws/install/unitree_ros2_example/lib'
[2.112s] Level 1:colcon.colcon_core.environment:checking '/home/utec/humanoid_ws/install/unitree_ros2_example/bin'
[2.112s] Level 1:colcon.colcon_core.shell:create_environment_hook('unitree_ros2_example', 'path')
[2.112s] INFO:colcon.colcon_core.shell:Creating environment hook '/home/utec/humanoid_ws/install/unitree_ros2_example/share/unitree_ros2_example/hook/path.ps1'
[2.113s] INFO:colcon.colcon_core.shell:Creating environment descriptor '/home/utec/humanoid_ws/install/unitree_ros2_example/share/unitree_ros2_example/hook/path.dsv'
[2.113s] INFO:colcon.colcon_core.shell:Creating environment hook '/home/utec/humanoid_ws/install/unitree_ros2_example/share/unitree_ros2_example/hook/path.sh'
[2.114s] Level 1:colcon.colcon_core.environment:checking '/home/utec/humanoid_ws/install/unitree_ros2_example/lib/pkgconfig/unitree_ros2_example.pc'
[2.114s] Level 1:colcon.colcon_core.environment:checking '/home/utec/humanoid_ws/install/unitree_ros2_example/lib/python3.10/site-packages'
[2.115s] Level 1:colcon.colcon_core.environment:checking '/home/utec/humanoid_ws/install/unitree_ros2_example/bin'
[2.115s] Level 1:colcon.colcon_core.shell:create_environment_hook('unitree_ros2_example', 'pythonscriptspath')
[2.115s] INFO:colcon.colcon_core.shell:Creating environment hook '/home/utec/humanoid_ws/install/unitree_ros2_example/share/unitree_ros2_example/hook/pythonscriptspath.ps1'
[2.115s] INFO:colcon.colcon_core.shell:Creating environment descriptor '/home/utec/humanoid_ws/install/unitree_ros2_example/share/unitree_ros2_example/hook/pythonscriptspath.dsv'
[2.116s] INFO:colcon.colcon_core.shell:Creating environment hook '/home/utec/humanoid_ws/install/unitree_ros2_example/share/unitree_ros2_example/hook/pythonscriptspath.sh'
[2.116s] INFO:colcon.colcon_core.shell:Creating package script '/home/utec/humanoid_ws/install/unitree_ros2_example/share/unitree_ros2_example/package.ps1'
[2.117s] INFO:colcon.colcon_core.shell:Creating package descriptor '/home/utec/humanoid_ws/install/unitree_ros2_example/share/unitree_ros2_example/package.dsv'
[2.117s] INFO:colcon.colcon_core.shell:Creating package script '/home/utec/humanoid_ws/install/unitree_ros2_example/share/unitree_ros2_example/package.sh'
[2.118s] INFO:colcon.colcon_core.shell:Creating package script '/home/utec/humanoid_ws/install/unitree_ros2_example/share/unitree_ros2_example/package.bash'
[2.118s] INFO:colcon.colcon_core.shell:Creating package script '/home/utec/humanoid_ws/install/unitree_ros2_example/share/unitree_ros2_example/package.zsh'
[2.119s] Level 1:colcon.colcon_core.environment:create_file_with_runtime_dependencies(/home/utec/humanoid_ws/install/unitree_ros2_example/share/colcon-core/packages/unitree_ros2_example)
[2.119s] Level 1:colcon.colcon_core.environment:create_environment_scripts_only(unitree_ros2_example)
[2.119s] Level 1:colcon.colcon_core.environment:checking '/home/utec/humanoid_ws/install/unitree_ros2_example' for CMake module files
[2.120s] Level 1:colcon.colcon_core.environment:checking '/home/utec/humanoid_ws/install/unitree_ros2_example' for CMake config files
[2.120s] Level 1:colcon.colcon_core.shell:create_environment_hook('unitree_ros2_example', 'cmake_prefix_path')
[2.120s] INFO:colcon.colcon_core.shell:Creating environment hook '/home/utec/humanoid_ws/install/unitree_ros2_example/share/unitree_ros2_example/hook/cmake_prefix_path.ps1'
[2.121s] INFO:colcon.colcon_core.shell:Creating environment descriptor '/home/utec/humanoid_ws/install/unitree_ros2_example/share/unitree_ros2_example/hook/cmake_prefix_path.dsv'
[2.121s] INFO:colcon.colcon_core.shell:Creating environment hook '/home/utec/humanoid_ws/install/unitree_ros2_example/share/unitree_ros2_example/hook/cmake_prefix_path.sh'
[2.121s] Level 1:colcon.colcon_core.environment:checking '/home/utec/humanoid_ws/install/unitree_ros2_example/lib'
[2.122s] Level 1:colcon.colcon_core.environment:checking '/home/utec/humanoid_ws/install/unitree_ros2_example/bin'
[2.122s] Level 1:colcon.colcon_core.shell:create_environment_hook('unitree_ros2_example', 'path')
[2.122s] INFO:colcon.colcon_core.shell:Creating environment hook '/home/utec/humanoid_ws/install/unitree_ros2_example/share/unitree_ros2_example/hook/path.ps1'
[2.122s] INFO:colcon.colcon_core.shell:Creating environment descriptor '/home/utec/humanoid_ws/install/unitree_ros2_example/share/unitree_ros2_example/hook/path.dsv'
[2.123s] INFO:colcon.colcon_core.shell:Creating environment hook '/home/utec/humanoid_ws/install/unitree_ros2_example/share/unitree_ros2_example/hook/path.sh'
[2.123s] Level 1:colcon.colcon_core.environment:checking '/home/utec/humanoid_ws/install/unitree_ros2_example/lib/pkgconfig/unitree_ros2_example.pc'
[2.123s] Level 1:colcon.colcon_core.environment:checking '/home/utec/humanoid_ws/install/unitree_ros2_example/lib/python3.10/site-packages'
[2.124s] Level 1:colcon.colcon_core.environment:checking '/home/utec/humanoid_ws/install/unitree_ros2_example/bin'
[2.124s] Level 1:colcon.colcon_core.shell:create_environment_hook('unitree_ros2_example', 'pythonscriptspath')
[2.124s] INFO:colcon.colcon_core.shell:Creating environment hook '/home/utec/humanoid_ws/install/unitree_ros2_example/share/unitree_ros2_example/hook/pythonscriptspath.ps1'
[2.124s] INFO:colcon.colcon_core.shell:Creating environment descriptor '/home/utec/humanoid_ws/install/unitree_ros2_example/share/unitree_ros2_example/hook/pythonscriptspath.dsv'
[2.125s] INFO:colcon.colcon_core.shell:Creating environment hook '/home/utec/humanoid_ws/install/unitree_ros2_example/share/unitree_ros2_example/hook/pythonscriptspath.sh'
[2.126s] INFO:colcon.colcon_core.shell:Creating package script '/home/utec/humanoid_ws/install/unitree_ros2_example/share/unitree_ros2_example/package.ps1'
[2.126s] INFO:colcon.colcon_core.shell:Creating package descriptor '/home/utec/humanoid_ws/install/unitree_ros2_example/share/unitree_ros2_example/package.dsv'
[2.127s] INFO:colcon.colcon_core.shell:Creating package script '/home/utec/humanoid_ws/install/unitree_ros2_example/share/unitree_ros2_example/package.sh'
[2.127s] INFO:colcon.colcon_core.shell:Creating package script '/home/utec/humanoid_ws/install/unitree_ros2_example/share/unitree_ros2_example/package.bash'
[2.128s] INFO:colcon.colcon_core.shell:Creating package script '/home/utec/humanoid_ws/install/unitree_ros2_example/share/unitree_ros2_example/package.zsh'
[2.128s] Level 1:colcon.colcon_core.environment:create_file_with_runtime_dependencies(/home/utec/humanoid_ws/install/unitree_ros2_example/share/colcon-core/packages/unitree_ros2_example)
[2.326s] Level 1:colcon.colcon_core.environment:checking '/home/utec/humanoid_ws/install/h1_2_model' for CMake module files
[2.326s] DEBUG:colcon.colcon_core.event_handler.log_command:Invoked command in '/home/utec/humanoid_ws/src/h1_2_utec/h1_2_model' returned '0': AMENT_PREFIX_PATH=/home/utec/humanoid_ws/install/h1_2_description:${AMENT_PREFIX_PATH} CMAKE_PREFIX_PATH=/home/utec/humanoid_ws/install/h1_2_description PYTHONPATH=/home/utec/humanoid_ws/build/h1_2_model/prefix_override:/usr/lib/python3/dist-packages/colcon_core/task/python/colcon_distutils_commands:/home/utec/humanoid_ws/install/h1_2_model/lib/python3.10/site-packages:${PYTHONPATH} /usr/bin/python3 -W ignore:setup.py install is deprecated -W ignore:easy_install command is deprecated setup.py egg_info --egg-base ../../../build/h1_2_model build --build-base /home/utec/humanoid_ws/build/h1_2_model/build install --record /home/utec/humanoid_ws/build/h1_2_model/install.log --single-version-externally-managed install_data
[2.327s] Level 1:colcon.colcon_core.environment:checking '/home/utec/humanoid_ws/install/h1_2_model' for CMake config files
[2.327s] Level 1:colcon.colcon_core.environment:checking '/home/utec/humanoid_ws/install/h1_2_model/lib'
[2.327s] Level 1:colcon.colcon_core.environment:checking '/home/utec/humanoid_ws/install/h1_2_model/bin'
[2.327s] Level 1:colcon.colcon_core.environment:checking '/home/utec/humanoid_ws/install/h1_2_model/lib/pkgconfig/h1_2_model.pc'
[2.327s] Level 1:colcon.colcon_core.environment:checking '/home/utec/humanoid_ws/install/h1_2_model/lib/python3.10/site-packages'
[2.327s] Level 1:colcon.colcon_core.shell:create_environment_hook('h1_2_model', 'pythonpath')
[2.328s] INFO:colcon.colcon_core.shell:Creating environment hook '/home/utec/humanoid_ws/install/h1_2_model/share/h1_2_model/hook/pythonpath.ps1'
[2.328s] INFO:colcon.colcon_core.shell:Creating environment descriptor '/home/utec/humanoid_ws/install/h1_2_model/share/h1_2_model/hook/pythonpath.dsv'
[2.328s] INFO:colcon.colcon_core.shell:Creating environment hook '/home/utec/humanoid_ws/install/h1_2_model/share/h1_2_model/hook/pythonpath.sh'
[2.329s] Level 1:colcon.colcon_core.environment:checking '/home/utec/humanoid_ws/install/h1_2_model/bin'
[2.329s] Level 1:colcon.colcon_core.environment:create_environment_scripts_only(h1_2_model)
[2.329s] INFO:colcon.colcon_core.shell:Creating package script '/home/utec/humanoid_ws/install/h1_2_model/share/h1_2_model/package.ps1'
[2.330s] INFO:colcon.colcon_core.shell:Creating package descriptor '/home/utec/humanoid_ws/install/h1_2_model/share/h1_2_model/package.dsv'
[2.330s] INFO:colcon.colcon_core.shell:Creating package script '/home/utec/humanoid_ws/install/h1_2_model/share/h1_2_model/package.sh'
[2.330s] INFO:colcon.colcon_core.shell:Creating package script '/home/utec/humanoid_ws/install/h1_2_model/share/h1_2_model/package.bash'
[2.331s] INFO:colcon.colcon_core.shell:Creating package script '/home/utec/humanoid_ws/install/h1_2_model/share/h1_2_model/package.zsh'
[2.331s] Level 1:colcon.colcon_core.environment:create_file_with_runtime_dependencies(/home/utec/humanoid_ws/install/h1_2_model/share/colcon-core/packages/h1_2_model)
[2.333s] DEBUG:colcon.colcon_core.event_handler.log_command:Invoking command in '/home/utec/humanoid_ws/src/pycodes_h1': AMENT_PREFIX_PATH=/home/utec/humanoid_ws/install/unitree_hg:${AMENT_PREFIX_PATH} CMAKE_PREFIX_PATH=/home/utec/humanoid_ws/install/unitree_hg LD_LIBRARY_PATH=/home/utec/humanoid_ws/install/unitree_hg/lib:${LD_LIBRARY_PATH} PYTHONPATH=/home/utec/humanoid_ws/build/pycodes_h1/prefix_override:/usr/lib/python3/dist-packages/colcon_core/task/python/colcon_distutils_commands:/home/utec/humanoid_ws/install/pycodes_h1/lib/python3.10/site-packages:/home/utec/humanoid_ws/install/unitree_hg/local/lib/python3.10/dist-packages:${PYTHONPATH} /usr/bin/python3 -W ignore:setup.py install is deprecated -W ignore:easy_install command is deprecated setup.py egg_info --egg-base ../../build/pycodes_h1 build --build-base /home/utec/humanoid_ws/build/pycodes_h1/build install --record /home/utec/humanoid_ws/build/pycodes_h1/install.log --single-version-externally-managed install_data
[2.622s] Level 1:colcon.colcon_core.environment:checking '/home/utec/humanoid_ws/install/pycodes_h1' for CMake module files
[2.622s] DEBUG:colcon.colcon_core.event_handler.log_command:Invoked command in '/home/utec/humanoid_ws/src/pycodes_h1' returned '0': AMENT_PREFIX_PATH=/home/utec/humanoid_ws/install/unitree_hg:${AMENT_PREFIX_PATH} CMAKE_PREFIX_PATH=/home/utec/humanoid_ws/install/unitree_hg LD_LIBRARY_PATH=/home/utec/humanoid_ws/install/unitree_hg/lib:${LD_LIBRARY_PATH} PYTHONPATH=/home/utec/humanoid_ws/build/pycodes_h1/prefix_override:/usr/lib/python3/dist-packages/colcon_core/task/python/colcon_distutils_commands:/home/utec/humanoid_ws/install/pycodes_h1/lib/python3.10/site-packages:/home/utec/humanoid_ws/install/unitree_hg/local/lib/python3.10/dist-packages:${PYTHONPATH} /usr/bin/python3 -W ignore:setup.py install is deprecated -W ignore:easy_install command is deprecated setup.py egg_info --egg-base ../../build/pycodes_h1 build --build-base /home/utec/humanoid_ws/build/pycodes_h1/build install --record /home/utec/humanoid_ws/build/pycodes_h1/install.log --single-version-externally-managed install_data
[2.622s] Level 1:colcon.colcon_core.environment:checking '/home/utec/humanoid_ws/install/pycodes_h1' for CMake config files
[2.623s] Level 1:colcon.colcon_core.environment:checking '/home/utec/humanoid_ws/install/pycodes_h1/lib'
[2.623s] Level 1:colcon.colcon_core.environment:checking '/home/utec/humanoid_ws/install/pycodes_h1/bin'
[2.623s] Level 1:colcon.colcon_core.environment:checking '/home/utec/humanoid_ws/install/pycodes_h1/lib/pkgconfig/pycodes_h1.pc'
[2.623s] Level 1:colcon.colcon_core.environment:checking '/home/utec/humanoid_ws/install/pycodes_h1/lib/python3.10/site-packages'
[2.623s] Level 1:colcon.colcon_core.shell:create_environment_hook('pycodes_h1', 'pythonpath')
[2.623s] INFO:colcon.colcon_core.shell:Creating environment hook '/home/utec/humanoid_ws/install/pycodes_h1/share/pycodes_h1/hook/pythonpath.ps1'
[2.624s] INFO:colcon.colcon_core.shell:Creating environment descriptor '/home/utec/humanoid_ws/install/pycodes_h1/share/pycodes_h1/hook/pythonpath.dsv'
[2.624s] INFO:colcon.colcon_core.shell:Creating environment hook '/home/utec/humanoid_ws/install/pycodes_h1/share/pycodes_h1/hook/pythonpath.sh'
[2.625s] Level 1:colcon.colcon_core.environment:checking '/home/utec/humanoid_ws/install/pycodes_h1/bin'
[2.625s] Level 1:colcon.colcon_core.environment:create_environment_scripts_only(pycodes_h1)
[2.625s] INFO:colcon.colcon_core.shell:Creating package script '/home/utec/humanoid_ws/install/pycodes_h1/share/pycodes_h1/package.ps1'
[2.625s] INFO:colcon.colcon_core.shell:Creating package descriptor '/home/utec/humanoid_ws/install/pycodes_h1/share/pycodes_h1/package.dsv'
[2.625s] INFO:colcon.colcon_core.shell:Creating package script '/home/utec/humanoid_ws/install/pycodes_h1/share/pycodes_h1/package.sh'
[2.626s] INFO:colcon.colcon_core.shell:Creating package script '/home/utec/humanoid_ws/install/pycodes_h1/share/pycodes_h1/package.bash'
[2.626s] INFO:colcon.colcon_core.shell:Creating package script '/home/utec/humanoid_ws/install/pycodes_h1/share/pycodes_h1/package.zsh'
[2.626s] Level 1:colcon.colcon_core.environment:create_file_with_runtime_dependencies(/home/utec/humanoid_ws/install/pycodes_h1/share/colcon-core/packages/pycodes_h1)
[2.626s] DEBUG:colcon.colcon_parallel_executor.executor.parallel:closing loop
[2.627s] DEBUG:colcon.colcon_parallel_executor.executor.parallel:loop closed
[2.627s] DEBUG:colcon.colcon_parallel_executor.executor.parallel:run_until_complete finished with '0'
[2.627s] DEBUG:colcon.colcon_core.event_reactor:joining thread
[2.632s] INFO:colcon.colcon_core.plugin_system:Skipping extension 'colcon_notification.desktop_notification.terminal_notifier': Not used on non-Darwin systems
[2.632s] INFO:colcon.colcon_core.plugin_system:Skipping extension 'colcon_notification.desktop_notification.win32': Not used on non-Windows systems
[2.632s] INFO:colcon.colcon_notification.desktop_notification:Sending desktop notification using 'notify2'
[2.654s] DEBUG:colcon.colcon_core.event_reactor:joined thread
[2.655s] INFO:colcon.colcon_core.shell:Creating prefix script '/home/utec/humanoid_ws/install/local_setup.ps1'
[2.656s] INFO:colcon.colcon_core.shell:Creating prefix util module '/home/utec/humanoid_ws/install/_local_setup_util_ps1.py'
[2.658s] INFO:colcon.colcon_core.shell:Creating prefix chain script '/home/utec/humanoid_ws/install/setup.ps1'
[2.659s] INFO:colcon.colcon_core.shell:Creating prefix script '/home/utec/humanoid_ws/install/local_setup.sh'
[2.660s] INFO:colcon.colcon_core.shell:Creating prefix util module '/home/utec/humanoid_ws/install/_local_setup_util_sh.py'
[2.660s] INFO:colcon.colcon_core.shell:Creating prefix chain script '/home/utec/humanoid_ws/install/setup.sh'
[2.661s] INFO:colcon.colcon_core.shell:Creating prefix script '/home/utec/humanoid_ws/install/local_setup.bash'
[2.662s] INFO:colcon.colcon_core.shell:Creating prefix chain script '/home/utec/humanoid_ws/install/setup.bash'
[2.663s] INFO:colcon.colcon_core.shell:Creating prefix script '/home/utec/humanoid_ws/install/local_setup.zsh'
[2.663s] INFO:colcon.colcon_core.shell:Creating prefix chain script '/home/utec/humanoid_ws/install/setup.zsh'
