[0.147s] DEBUG:colcon:Command line arguments: ['/usr/bin/colcon', 'build']
[0.147s] DEBUG:colcon:Parsed command line arguments: Namespace(log_base=None, log_level=None, verb_name='build', build_base='build', install_base='install', merge_install=False, symlink_install=False, test_result_base=None, continue_on_error=False, executor='parallel', parallel_workers=8, event_handlers=None, ignore_user_meta=False, metas=['./colcon.meta'], base_paths=['.'], packages_ignore=None, packages_ignore_regex=None, paths=None, packages_up_to=None, packages_up_to_regex=None, packages_above=None, packages_above_and_dependencies=None, packages_above_depth=None, packages_select_by_dep=None, packages_skip_by_dep=None, packages_skip_up_to=None, packages_select_build_failed=False, packages_skip_build_finished=False, packages_select_test_failures=False, packages_skip_test_passed=False, packages_select=None, packages_skip=None, packages_select_regex=None, packages_skip_regex=None, packages_start=None, packages_end=None, allow_overriding=[], cmake_args=None, cmake_target=None, cmake_target_skip_unavailable=False, cmake_clean_cache=False, cmake_clean_first=False, cmake_force_configure=False, ament_cmake_args=None, catkin_cmake_args=None, catkin_skip_building_tests=False, verb_parser=<colcon_defaults.argument_parser.defaults.DefaultArgumentsDecorator object at 0x7d63d396a410>, verb_extension=<colcon_core.verb.build.BuildVerb object at 0x7d63d3969ed0>, main=<bound method BuildVerb.main of <colcon_core.verb.build.BuildVerb object at 0x7d63d3969ed0>>)
[0.302s] Level 1:colcon.colcon_core.package_discovery:discover_packages(colcon_meta) check parameters
[0.302s] Level 1:colcon.colcon_core.package_discovery:discover_packages(recursive) check parameters
[0.302s] Level 1:colcon.colcon_core.package_discovery:discover_packages(ignore) check parameters
[0.302s] Level 1:colcon.colcon_core.package_discovery:discover_packages(path) check parameters
[0.302s] Level 1:colcon.colcon_core.package_discovery:discover_packages(colcon_meta) discover
[0.303s] Level 1:colcon.colcon_core.package_discovery:discover_packages(recursive) discover
[0.303s] INFO:colcon.colcon_core.package_discovery:Crawling recursively for packages in '/home/utec/humanoid_ws'
[0.303s] Level 1:colcon.colcon_core.package_identification:_identify(.) by extensions ['ignore', 'ignore_ament_install']
[0.303s] Level 1:colcon.colcon_core.package_identification:_identify(.) by extension 'ignore'
[0.303s] Level 1:colcon.colcon_core.package_identification:_identify(.) by extension 'ignore_ament_install'
[0.303s] Level 1:colcon.colcon_core.package_identification:_identify(.) by extensions ['colcon_pkg']
[0.303s] Level 1:colcon.colcon_core.package_identification:_identify(.) by extension 'colcon_pkg'
[0.303s] Level 1:colcon.colcon_core.package_identification:_identify(.) by extensions ['colcon_meta']
[0.303s] Level 1:colcon.colcon_core.package_identification:_identify(.) by extension 'colcon_meta'
[0.303s] Level 1:colcon.colcon_core.package_identification:_identify(.) by extensions ['ros']
[0.303s] Level 1:colcon.colcon_core.package_identification:_identify(.) by extension 'ros'
[0.315s] Level 1:colcon.colcon_core.package_identification:_identify(.) by extensions ['cmake', 'python']
[0.315s] Level 1:colcon.colcon_core.package_identification:_identify(.) by extension 'cmake'
[0.315s] Level 1:colcon.colcon_core.package_identification:_identify(.) by extension 'python'
[0.315s] Level 1:colcon.colcon_core.package_identification:_identify(.) by extensions ['python_setup_py']
[0.315s] Level 1:colcon.colcon_core.package_identification:_identify(.) by extension 'python_setup_py'
[0.315s] Level 1:colcon.colcon_core.package_identification:_identify(build) by extensions ['ignore', 'ignore_ament_install']
[0.315s] Level 1:colcon.colcon_core.package_identification:_identify(build) by extension 'ignore'
[0.315s] Level 1:colcon.colcon_core.package_identification:_identify(build) ignored
[0.315s] Level 1:colcon.colcon_core.package_identification:_identify(install) by extensions ['ignore', 'ignore_ament_install']
[0.315s] Level 1:colcon.colcon_core.package_identification:_identify(install) by extension 'ignore'
[0.315s] Level 1:colcon.colcon_core.package_identification:_identify(install) ignored
[0.316s] Level 1:colcon.colcon_core.package_identification:_identify(log) by extensions ['ignore', 'ignore_ament_install']
[0.316s] Level 1:colcon.colcon_core.package_identification:_identify(log) by extension 'ignore'
[0.316s] Level 1:colcon.colcon_core.package_identification:_identify(log) ignored
[0.316s] Level 1:colcon.colcon_core.package_identification:_identify(src) by extensions ['ignore', 'ignore_ament_install']
[0.316s] Level 1:colcon.colcon_core.package_identification:_identify(src) by extension 'ignore'
[0.316s] Level 1:colcon.colcon_core.package_identification:_identify(src) by extension 'ignore_ament_install'
[0.316s] Level 1:colcon.colcon_core.package_identification:_identify(src) by extensions ['colcon_pkg']
[0.316s] Level 1:colcon.colcon_core.package_identification:_identify(src) by extension 'colcon_pkg'
[0.316s] Level 1:colcon.colcon_core.package_identification:_identify(src) by extensions ['colcon_meta']
[0.316s] Level 1:colcon.colcon_core.package_identification:_identify(src) by extension 'colcon_meta'
[0.316s] Level 1:colcon.colcon_core.package_identification:_identify(src) by extensions ['ros']
[0.316s] Level 1:colcon.colcon_core.package_identification:_identify(src) by extension 'ros'
[0.316s] Level 1:colcon.colcon_core.package_identification:_identify(src) by extensions ['cmake', 'python']
[0.316s] Level 1:colcon.colcon_core.package_identification:_identify(src) by extension 'cmake'
[0.316s] Level 1:colcon.colcon_core.package_identification:_identify(src) by extension 'python'
[0.316s] Level 1:colcon.colcon_core.package_identification:_identify(src) by extensions ['python_setup_py']
[0.316s] Level 1:colcon.colcon_core.package_identification:_identify(src) by extension 'python_setup_py'
[0.317s] Level 1:colcon.colcon_core.package_identification:_identify(src/h1_2_algoritms) by extensions ['ignore', 'ignore_ament_install']
[0.317s] Level 1:colcon.colcon_core.package_identification:_identify(src/h1_2_algoritms) by extension 'ignore'
[0.317s] Level 1:colcon.colcon_core.package_identification:_identify(src/h1_2_algoritms) by extension 'ignore_ament_install'
[0.317s] Level 1:colcon.colcon_core.package_identification:_identify(src/h1_2_algoritms) by extensions ['colcon_pkg']
[0.317s] Level 1:colcon.colcon_core.package_identification:_identify(src/h1_2_algoritms) by extension 'colcon_pkg'
[0.317s] Level 1:colcon.colcon_core.package_identification:_identify(src/h1_2_algoritms) by extensions ['colcon_meta']
[0.317s] Level 1:colcon.colcon_core.package_identification:_identify(src/h1_2_algoritms) by extension 'colcon_meta'
[0.317s] Level 1:colcon.colcon_core.package_identification:_identify(src/h1_2_algoritms) by extensions ['ros']
[0.317s] Level 1:colcon.colcon_core.package_identification:_identify(src/h1_2_algoritms) by extension 'ros'
[0.319s] DEBUG:colcon.colcon_core.package_identification:Package 'src/h1_2_algoritms' with type 'ros.ament_python' and name 'h1_2_algoritms'
[0.319s] Level 1:colcon.colcon_core.package_identification:_identify(src/h1_2_utec) by extensions ['ignore', 'ignore_ament_install']
[0.319s] Level 1:colcon.colcon_core.package_identification:_identify(src/h1_2_utec) by extension 'ignore'
[0.319s] Level 1:colcon.colcon_core.package_identification:_identify(src/h1_2_utec) by extension 'ignore_ament_install'
[0.320s] Level 1:colcon.colcon_core.package_identification:_identify(src/h1_2_utec) by extensions ['colcon_pkg']
[0.320s] Level 1:colcon.colcon_core.package_identification:_identify(src/h1_2_utec) by extension 'colcon_pkg'
[0.320s] Level 1:colcon.colcon_core.package_identification:_identify(src/h1_2_utec) by extensions ['colcon_meta']
[0.320s] Level 1:colcon.colcon_core.package_identification:_identify(src/h1_2_utec) by extension 'colcon_meta'
[0.320s] Level 1:colcon.colcon_core.package_identification:_identify(src/h1_2_utec) by extensions ['ros']
[0.320s] Level 1:colcon.colcon_core.package_identification:_identify(src/h1_2_utec) by extension 'ros'
[0.320s] Level 1:colcon.colcon_core.package_identification:_identify(src/h1_2_utec) by extensions ['cmake', 'python']
[0.320s] Level 1:colcon.colcon_core.package_identification:_identify(src/h1_2_utec) by extension 'cmake'
[0.320s] Level 1:colcon.colcon_core.package_identification:_identify(src/h1_2_utec) by extension 'python'
[0.320s] Level 1:colcon.colcon_core.package_identification:_identify(src/h1_2_utec) by extensions ['python_setup_py']
[0.320s] Level 1:colcon.colcon_core.package_identification:_identify(src/h1_2_utec) by extension 'python_setup_py'
[0.320s] Level 1:colcon.colcon_core.package_identification:_identify(src/h1_2_utec/h1_2_description) by extensions ['ignore', 'ignore_ament_install']
[0.320s] Level 1:colcon.colcon_core.package_identification:_identify(src/h1_2_utec/h1_2_description) by extension 'ignore'
[0.320s] Level 1:colcon.colcon_core.package_identification:_identify(src/h1_2_utec/h1_2_description) by extension 'ignore_ament_install'
[0.320s] Level 1:colcon.colcon_core.package_identification:_identify(src/h1_2_utec/h1_2_description) by extensions ['colcon_pkg']
[0.320s] Level 1:colcon.colcon_core.package_identification:_identify(src/h1_2_utec/h1_2_description) by extension 'colcon_pkg'
[0.320s] Level 1:colcon.colcon_core.package_identification:_identify(src/h1_2_utec/h1_2_description) by extensions ['colcon_meta']
[0.320s] Level 1:colcon.colcon_core.package_identification:_identify(src/h1_2_utec/h1_2_description) by extension 'colcon_meta'
[0.321s] Level 1:colcon.colcon_core.package_identification:_identify(src/h1_2_utec/h1_2_description) by extensions ['ros']
[0.321s] Level 1:colcon.colcon_core.package_identification:_identify(src/h1_2_utec/h1_2_description) by extension 'ros'
[0.321s] DEBUG:colcon.colcon_core.package_identification:Package 'src/h1_2_utec/h1_2_description' with type 'ros.ament_cmake' and name 'h1_2_description'
[0.321s] Level 1:colcon.colcon_core.package_identification:_identify(src/h1_2_utec/h1_2_interface) by extensions ['ignore', 'ignore_ament_install']
[0.321s] Level 1:colcon.colcon_core.package_identification:_identify(src/h1_2_utec/h1_2_interface) by extension 'ignore'
[0.321s] Level 1:colcon.colcon_core.package_identification:_identify(src/h1_2_utec/h1_2_interface) by extension 'ignore_ament_install'
[0.321s] Level 1:colcon.colcon_core.package_identification:_identify(src/h1_2_utec/h1_2_interface) by extensions ['colcon_pkg']
[0.321s] Level 1:colcon.colcon_core.package_identification:_identify(src/h1_2_utec/h1_2_interface) by extension 'colcon_pkg'
[0.322s] Level 1:colcon.colcon_core.package_identification:_identify(src/h1_2_utec/h1_2_interface) by extensions ['colcon_meta']
[0.322s] Level 1:colcon.colcon_core.package_identification:_identify(src/h1_2_utec/h1_2_interface) by extension 'colcon_meta'
[0.322s] Level 1:colcon.colcon_core.package_identification:_identify(src/h1_2_utec/h1_2_interface) by extensions ['ros']
[0.322s] Level 1:colcon.colcon_core.package_identification:_identify(src/h1_2_utec/h1_2_interface) by extension 'ros'
[0.322s] DEBUG:colcon.colcon_core.package_identification:Package 'src/h1_2_utec/h1_2_interface' with type 'ros.ament_cmake' and name 'h1_2_interface'
[0.322s] Level 1:colcon.colcon_core.package_identification:_identify(src/h1_2_utec/h1_2_model) by extensions ['ignore', 'ignore_ament_install']
[0.323s] Level 1:colcon.colcon_core.package_identification:_identify(src/h1_2_utec/h1_2_model) by extension 'ignore'
[0.323s] Level 1:colcon.colcon_core.package_identification:_identify(src/h1_2_utec/h1_2_model) by extension 'ignore_ament_install'
[0.323s] Level 1:colcon.colcon_core.package_identification:_identify(src/h1_2_utec/h1_2_model) by extensions ['colcon_pkg']
[0.323s] Level 1:colcon.colcon_core.package_identification:_identify(src/h1_2_utec/h1_2_model) by extension 'colcon_pkg'
[0.323s] Level 1:colcon.colcon_core.package_identification:_identify(src/h1_2_utec/h1_2_model) by extensions ['colcon_meta']
[0.323s] Level 1:colcon.colcon_core.package_identification:_identify(src/h1_2_utec/h1_2_model) by extension 'colcon_meta'
[0.323s] Level 1:colcon.colcon_core.package_identification:_identify(src/h1_2_utec/h1_2_model) by extensions ['ros']
[0.323s] Level 1:colcon.colcon_core.package_identification:_identify(src/h1_2_utec/h1_2_model) by extension 'ros'
[0.324s] DEBUG:colcon.colcon_core.package_identification:Package 'src/h1_2_utec/h1_2_model' with type 'ros.ament_python' and name 'h1_2_model'
[0.324s] Level 1:colcon.colcon_core.package_identification:_identify(src/pycodes_h1) by extensions ['ignore', 'ignore_ament_install']
[0.324s] Level 1:colcon.colcon_core.package_identification:_identify(src/pycodes_h1) by extension 'ignore'
[0.324s] Level 1:colcon.colcon_core.package_identification:_identify(src/pycodes_h1) by extension 'ignore_ament_install'
[0.324s] Level 1:colcon.colcon_core.package_identification:_identify(src/pycodes_h1) by extensions ['colcon_pkg']
[0.324s] Level 1:colcon.colcon_core.package_identification:_identify(src/pycodes_h1) by extension 'colcon_pkg'
[0.324s] Level 1:colcon.colcon_core.package_identification:_identify(src/pycodes_h1) by extensions ['colcon_meta']
[0.324s] Level 1:colcon.colcon_core.package_identification:_identify(src/pycodes_h1) by extension 'colcon_meta'
[0.324s] Level 1:colcon.colcon_core.package_identification:_identify(src/pycodes_h1) by extensions ['ros']
[0.324s] Level 1:colcon.colcon_core.package_identification:_identify(src/pycodes_h1) by extension 'ros'
[0.325s] DEBUG:colcon.colcon_core.package_identification:Package 'src/pycodes_h1' with type 'ros.ament_python' and name 'pycodes_h1'
[0.325s] Level 1:colcon.colcon_core.package_identification:_identify(src/unitree_ros2) by extensions ['ignore', 'ignore_ament_install']
[0.325s] Level 1:colcon.colcon_core.package_identification:_identify(src/unitree_ros2) by extension 'ignore'
[0.325s] Level 1:colcon.colcon_core.package_identification:_identify(src/unitree_ros2) by extension 'ignore_ament_install'
[0.325s] Level 1:colcon.colcon_core.package_identification:_identify(src/unitree_ros2) by extensions ['colcon_pkg']
[0.325s] Level 1:colcon.colcon_core.package_identification:_identify(src/unitree_ros2) by extension 'colcon_pkg'
[0.325s] Level 1:colcon.colcon_core.package_identification:_identify(src/unitree_ros2) by extensions ['colcon_meta']
[0.325s] Level 1:colcon.colcon_core.package_identification:_identify(src/unitree_ros2) by extension 'colcon_meta'
[0.325s] Level 1:colcon.colcon_core.package_identification:_identify(src/unitree_ros2) by extensions ['ros']
[0.325s] Level 1:colcon.colcon_core.package_identification:_identify(src/unitree_ros2) by extension 'ros'
[0.326s] Level 1:colcon.colcon_core.package_identification:_identify(src/unitree_ros2) by extensions ['cmake', 'python']
[0.326s] Level 1:colcon.colcon_core.package_identification:_identify(src/unitree_ros2) by extension 'cmake'
[0.326s] Level 1:colcon.colcon_core.package_identification:_identify(src/unitree_ros2) by extension 'python'
[0.326s] Level 1:colcon.colcon_core.package_identification:_identify(src/unitree_ros2) by extensions ['python_setup_py']
[0.326s] Level 1:colcon.colcon_core.package_identification:_identify(src/unitree_ros2) by extension 'python_setup_py'
[0.326s] Level 1:colcon.colcon_core.package_identification:_identify(src/unitree_ros2/build) by extensions ['ignore', 'ignore_ament_install']
[0.326s] Level 1:colcon.colcon_core.package_identification:_identify(src/unitree_ros2/build) by extension 'ignore'
[0.326s] Level 1:colcon.colcon_core.package_identification:_identify(src/unitree_ros2/build) ignored
[0.326s] Level 1:colcon.colcon_core.package_identification:_identify(src/unitree_ros2/cyclonedds_ws) by extensions ['ignore', 'ignore_ament_install']
[0.326s] Level 1:colcon.colcon_core.package_identification:_identify(src/unitree_ros2/cyclonedds_ws) by extension 'ignore'
[0.326s] Level 1:colcon.colcon_core.package_identification:_identify(src/unitree_ros2/cyclonedds_ws) by extension 'ignore_ament_install'
[0.326s] Level 1:colcon.colcon_core.package_identification:_identify(src/unitree_ros2/cyclonedds_ws) by extensions ['colcon_pkg']
[0.326s] Level 1:colcon.colcon_core.package_identification:_identify(src/unitree_ros2/cyclonedds_ws) by extension 'colcon_pkg'
[0.326s] Level 1:colcon.colcon_core.package_identification:_identify(src/unitree_ros2/cyclonedds_ws) by extensions ['colcon_meta']
[0.326s] Level 1:colcon.colcon_core.package_identification:_identify(src/unitree_ros2/cyclonedds_ws) by extension 'colcon_meta'
[0.326s] Level 1:colcon.colcon_core.package_identification:_identify(src/unitree_ros2/cyclonedds_ws) by extensions ['ros']
[0.327s] Level 1:colcon.colcon_core.package_identification:_identify(src/unitree_ros2/cyclonedds_ws) by extension 'ros'
[0.327s] Level 1:colcon.colcon_core.package_identification:_identify(src/unitree_ros2/cyclonedds_ws) by extensions ['cmake', 'python']
[0.327s] Level 1:colcon.colcon_core.package_identification:_identify(src/unitree_ros2/cyclonedds_ws) by extension 'cmake'
[0.327s] Level 1:colcon.colcon_core.package_identification:_identify(src/unitree_ros2/cyclonedds_ws) by extension 'python'
[0.327s] Level 1:colcon.colcon_core.package_identification:_identify(src/unitree_ros2/cyclonedds_ws) by extensions ['python_setup_py']
[0.327s] Level 1:colcon.colcon_core.package_identification:_identify(src/unitree_ros2/cyclonedds_ws) by extension 'python_setup_py'
[0.327s] Level 1:colcon.colcon_core.package_identification:_identify(src/unitree_ros2/cyclonedds_ws/build) by extensions ['ignore', 'ignore_ament_install']
[0.327s] Level 1:colcon.colcon_core.package_identification:_identify(src/unitree_ros2/cyclonedds_ws/build) by extension 'ignore'
[0.327s] Level 1:colcon.colcon_core.package_identification:_identify(src/unitree_ros2/cyclonedds_ws/build) ignored
[0.327s] Level 1:colcon.colcon_core.package_identification:_identify(src/unitree_ros2/cyclonedds_ws/install) by extensions ['ignore', 'ignore_ament_install']
[0.327s] Level 1:colcon.colcon_core.package_identification:_identify(src/unitree_ros2/cyclonedds_ws/install) by extension 'ignore'
[0.327s] Level 1:colcon.colcon_core.package_identification:_identify(src/unitree_ros2/cyclonedds_ws/install) ignored
[0.327s] Level 1:colcon.colcon_core.package_identification:_identify(src/unitree_ros2/cyclonedds_ws/log) by extensions ['ignore', 'ignore_ament_install']
[0.327s] Level 1:colcon.colcon_core.package_identification:_identify(src/unitree_ros2/cyclonedds_ws/log) by extension 'ignore'
[0.328s] Level 1:colcon.colcon_core.package_identification:_identify(src/unitree_ros2/cyclonedds_ws/log) ignored
[0.328s] Level 1:colcon.colcon_core.package_identification:_identify(src/unitree_ros2/cyclonedds_ws/src) by extensions ['ignore', 'ignore_ament_install']
[0.328s] Level 1:colcon.colcon_core.package_identification:_identify(src/unitree_ros2/cyclonedds_ws/src) by extension 'ignore'
[0.328s] Level 1:colcon.colcon_core.package_identification:_identify(src/unitree_ros2/cyclonedds_ws/src) by extension 'ignore_ament_install'
[0.328s] Level 1:colcon.colcon_core.package_identification:_identify(src/unitree_ros2/cyclonedds_ws/src) by extensions ['colcon_pkg']
[0.328s] Level 1:colcon.colcon_core.package_identification:_identify(src/unitree_ros2/cyclonedds_ws/src) by extension 'colcon_pkg'
[0.328s] Level 1:colcon.colcon_core.package_identification:_identify(src/unitree_ros2/cyclonedds_ws/src) by extensions ['colcon_meta']
[0.328s] Level 1:colcon.colcon_core.package_identification:_identify(src/unitree_ros2/cyclonedds_ws/src) by extension 'colcon_meta'
[0.328s] Level 1:colcon.colcon_core.package_identification:_identify(src/unitree_ros2/cyclonedds_ws/src) by extensions ['ros']
[0.328s] Level 1:colcon.colcon_core.package_identification:_identify(src/unitree_ros2/cyclonedds_ws/src) by extension 'ros'
[0.328s] Level 1:colcon.colcon_core.package_identification:_identify(src/unitree_ros2/cyclonedds_ws/src) by extensions ['cmake', 'python']
[0.328s] Level 1:colcon.colcon_core.package_identification:_identify(src/unitree_ros2/cyclonedds_ws/src) by extension 'cmake'
[0.328s] Level 1:colcon.colcon_core.package_identification:_identify(src/unitree_ros2/cyclonedds_ws/src) by extension 'python'
[0.328s] Level 1:colcon.colcon_core.package_identification:_identify(src/unitree_ros2/cyclonedds_ws/src) by extensions ['python_setup_py']
[0.328s] Level 1:colcon.colcon_core.package_identification:_identify(src/unitree_ros2/cyclonedds_ws/src) by extension 'python_setup_py'
[0.328s] Level 1:colcon.colcon_core.package_identification:_identify(src/unitree_ros2/cyclonedds_ws/src/unitree) by extensions ['ignore', 'ignore_ament_install']
[0.329s] Level 1:colcon.colcon_core.package_identification:_identify(src/unitree_ros2/cyclonedds_ws/src/unitree) by extension 'ignore'
[0.329s] Level 1:colcon.colcon_core.package_identification:_identify(src/unitree_ros2/cyclonedds_ws/src/unitree) by extension 'ignore_ament_install'
[0.329s] Level 1:colcon.colcon_core.package_identification:_identify(src/unitree_ros2/cyclonedds_ws/src/unitree) by extensions ['colcon_pkg']
[0.329s] Level 1:colcon.colcon_core.package_identification:_identify(src/unitree_ros2/cyclonedds_ws/src/unitree) by extension 'colcon_pkg'
[0.329s] Level 1:colcon.colcon_core.package_identification:_identify(src/unitree_ros2/cyclonedds_ws/src/unitree) by extensions ['colcon_meta']
[0.329s] Level 1:colcon.colcon_core.package_identification:_identify(src/unitree_ros2/cyclonedds_ws/src/unitree) by extension 'colcon_meta'
[0.329s] Level 1:colcon.colcon_core.package_identification:_identify(src/unitree_ros2/cyclonedds_ws/src/unitree) by extensions ['ros']
[0.329s] Level 1:colcon.colcon_core.package_identification:_identify(src/unitree_ros2/cyclonedds_ws/src/unitree) by extension 'ros'
[0.329s] Level 1:colcon.colcon_core.package_identification:_identify(src/unitree_ros2/cyclonedds_ws/src/unitree) by extensions ['cmake', 'python']
[0.329s] Level 1:colcon.colcon_core.package_identification:_identify(src/unitree_ros2/cyclonedds_ws/src/unitree) by extension 'cmake'
[0.329s] Level 1:colcon.colcon_core.package_identification:_identify(src/unitree_ros2/cyclonedds_ws/src/unitree) by extension 'python'
[0.329s] Level 1:colcon.colcon_core.package_identification:_identify(src/unitree_ros2/cyclonedds_ws/src/unitree) by extensions ['python_setup_py']
[0.329s] Level 1:colcon.colcon_core.package_identification:_identify(src/unitree_ros2/cyclonedds_ws/src/unitree) by extension 'python_setup_py'
[0.329s] Level 1:colcon.colcon_core.package_identification:_identify(src/unitree_ros2/cyclonedds_ws/src/unitree/unitree_api) by extensions ['ignore', 'ignore_ament_install']
[0.329s] Level 1:colcon.colcon_core.package_identification:_identify(src/unitree_ros2/cyclonedds_ws/src/unitree/unitree_api) by extension 'ignore'
[0.329s] Level 1:colcon.colcon_core.package_identification:_identify(src/unitree_ros2/cyclonedds_ws/src/unitree/unitree_api) by extension 'ignore_ament_install'
[0.329s] Level 1:colcon.colcon_core.package_identification:_identify(src/unitree_ros2/cyclonedds_ws/src/unitree/unitree_api) by extensions ['colcon_pkg']
[0.330s] Level 1:colcon.colcon_core.package_identification:_identify(src/unitree_ros2/cyclonedds_ws/src/unitree/unitree_api) by extension 'colcon_pkg'
[0.330s] Level 1:colcon.colcon_core.package_identification:_identify(src/unitree_ros2/cyclonedds_ws/src/unitree/unitree_api) by extensions ['colcon_meta']
[0.330s] Level 1:colcon.colcon_core.package_identification:_identify(src/unitree_ros2/cyclonedds_ws/src/unitree/unitree_api) by extension 'colcon_meta'
[0.330s] Level 1:colcon.colcon_core.package_identification:_identify(src/unitree_ros2/cyclonedds_ws/src/unitree/unitree_api) by extensions ['ros']
[0.330s] Level 1:colcon.colcon_core.package_identification:_identify(src/unitree_ros2/cyclonedds_ws/src/unitree/unitree_api) by extension 'ros'
[0.330s] DEBUG:colcon.colcon_core.package_identification:Package 'src/unitree_ros2/cyclonedds_ws/src/unitree/unitree_api' with type 'ros.ament_cmake' and name 'unitree_api'
[0.330s] Level 1:colcon.colcon_core.package_identification:_identify(src/unitree_ros2/cyclonedds_ws/src/unitree/unitree_go) by extensions ['ignore', 'ignore_ament_install']
[0.331s] Level 1:colcon.colcon_core.package_identification:_identify(src/unitree_ros2/cyclonedds_ws/src/unitree/unitree_go) by extension 'ignore'
[0.331s] Level 1:colcon.colcon_core.package_identification:_identify(src/unitree_ros2/cyclonedds_ws/src/unitree/unitree_go) by extension 'ignore_ament_install'
[0.331s] Level 1:colcon.colcon_core.package_identification:_identify(src/unitree_ros2/cyclonedds_ws/src/unitree/unitree_go) by extensions ['colcon_pkg']
[0.331s] Level 1:colcon.colcon_core.package_identification:_identify(src/unitree_ros2/cyclonedds_ws/src/unitree/unitree_go) by extension 'colcon_pkg'
[0.331s] Level 1:colcon.colcon_core.package_identification:_identify(src/unitree_ros2/cyclonedds_ws/src/unitree/unitree_go) by extensions ['colcon_meta']
[0.331s] Level 1:colcon.colcon_core.package_identification:_identify(src/unitree_ros2/cyclonedds_ws/src/unitree/unitree_go) by extension 'colcon_meta'
[0.331s] Level 1:colcon.colcon_core.package_identification:_identify(src/unitree_ros2/cyclonedds_ws/src/unitree/unitree_go) by extensions ['ros']
[0.331s] Level 1:colcon.colcon_core.package_identification:_identify(src/unitree_ros2/cyclonedds_ws/src/unitree/unitree_go) by extension 'ros'
[0.332s] DEBUG:colcon.colcon_core.package_identification:Package 'src/unitree_ros2/cyclonedds_ws/src/unitree/unitree_go' with type 'ros.ament_cmake' and name 'unitree_go'
[0.332s] Level 1:colcon.colcon_core.package_identification:_identify(src/unitree_ros2/cyclonedds_ws/src/unitree/unitree_hg) by extensions ['ignore', 'ignore_ament_install']
[0.332s] Level 1:colcon.colcon_core.package_identification:_identify(src/unitree_ros2/cyclonedds_ws/src/unitree/unitree_hg) by extension 'ignore'
[0.332s] Level 1:colcon.colcon_core.package_identification:_identify(src/unitree_ros2/cyclonedds_ws/src/unitree/unitree_hg) by extension 'ignore_ament_install'
[0.332s] Level 1:colcon.colcon_core.package_identification:_identify(src/unitree_ros2/cyclonedds_ws/src/unitree/unitree_hg) by extensions ['colcon_pkg']
[0.332s] Level 1:colcon.colcon_core.package_identification:_identify(src/unitree_ros2/cyclonedds_ws/src/unitree/unitree_hg) by extension 'colcon_pkg'
[0.332s] Level 1:colcon.colcon_core.package_identification:_identify(src/unitree_ros2/cyclonedds_ws/src/unitree/unitree_hg) by extensions ['colcon_meta']
[0.332s] Level 1:colcon.colcon_core.package_identification:_identify(src/unitree_ros2/cyclonedds_ws/src/unitree/unitree_hg) by extension 'colcon_meta'
[0.332s] Level 1:colcon.colcon_core.package_identification:_identify(src/unitree_ros2/cyclonedds_ws/src/unitree/unitree_hg) by extensions ['ros']
[0.332s] Level 1:colcon.colcon_core.package_identification:_identify(src/unitree_ros2/cyclonedds_ws/src/unitree/unitree_hg) by extension 'ros'
[0.333s] DEBUG:colcon.colcon_core.package_identification:Package 'src/unitree_ros2/cyclonedds_ws/src/unitree/unitree_hg' with type 'ros.ament_cmake' and name 'unitree_hg'
[0.333s] Level 1:colcon.colcon_core.package_identification:_identify(src/unitree_ros2/docs) by extensions ['ignore', 'ignore_ament_install']
[0.333s] Level 1:colcon.colcon_core.package_identification:_identify(src/unitree_ros2/docs) by extension 'ignore'
[0.333s] Level 1:colcon.colcon_core.package_identification:_identify(src/unitree_ros2/docs) by extension 'ignore_ament_install'
[0.333s] Level 1:colcon.colcon_core.package_identification:_identify(src/unitree_ros2/docs) by extensions ['colcon_pkg']
[0.333s] Level 1:colcon.colcon_core.package_identification:_identify(src/unitree_ros2/docs) by extension 'colcon_pkg'
[0.333s] Level 1:colcon.colcon_core.package_identification:_identify(src/unitree_ros2/docs) by extensions ['colcon_meta']
[0.333s] Level 1:colcon.colcon_core.package_identification:_identify(src/unitree_ros2/docs) by extension 'colcon_meta'
[0.333s] Level 1:colcon.colcon_core.package_identification:_identify(src/unitree_ros2/docs) by extensions ['ros']
[0.333s] Level 1:colcon.colcon_core.package_identification:_identify(src/unitree_ros2/docs) by extension 'ros'
[0.333s] Level 1:colcon.colcon_core.package_identification:_identify(src/unitree_ros2/docs) by extensions ['cmake', 'python']
[0.333s] Level 1:colcon.colcon_core.package_identification:_identify(src/unitree_ros2/docs) by extension 'cmake'
[0.334s] Level 1:colcon.colcon_core.package_identification:_identify(src/unitree_ros2/docs) by extension 'python'
[0.334s] Level 1:colcon.colcon_core.package_identification:_identify(src/unitree_ros2/docs) by extensions ['python_setup_py']
[0.334s] Level 1:colcon.colcon_core.package_identification:_identify(src/unitree_ros2/docs) by extension 'python_setup_py'
[0.334s] Level 1:colcon.colcon_core.package_identification:_identify(src/unitree_ros2/docs/image) by extensions ['ignore', 'ignore_ament_install']
[0.334s] Level 1:colcon.colcon_core.package_identification:_identify(src/unitree_ros2/docs/image) by extension 'ignore'
[0.334s] Level 1:colcon.colcon_core.package_identification:_identify(src/unitree_ros2/docs/image) by extension 'ignore_ament_install'
[0.334s] Level 1:colcon.colcon_core.package_identification:_identify(src/unitree_ros2/docs/image) by extensions ['colcon_pkg']
[0.334s] Level 1:colcon.colcon_core.package_identification:_identify(src/unitree_ros2/docs/image) by extension 'colcon_pkg'
[0.334s] Level 1:colcon.colcon_core.package_identification:_identify(src/unitree_ros2/docs/image) by extensions ['colcon_meta']
[0.334s] Level 1:colcon.colcon_core.package_identification:_identify(src/unitree_ros2/docs/image) by extension 'colcon_meta'
[0.334s] Level 1:colcon.colcon_core.package_identification:_identify(src/unitree_ros2/docs/image) by extensions ['ros']
[0.334s] Level 1:colcon.colcon_core.package_identification:_identify(src/unitree_ros2/docs/image) by extension 'ros'
[0.334s] Level 1:colcon.colcon_core.package_identification:_identify(src/unitree_ros2/docs/image) by extensions ['cmake', 'python']
[0.334s] Level 1:colcon.colcon_core.package_identification:_identify(src/unitree_ros2/docs/image) by extension 'cmake'
[0.334s] Level 1:colcon.colcon_core.package_identification:_identify(src/unitree_ros2/docs/image) by extension 'python'
[0.334s] Level 1:colcon.colcon_core.package_identification:_identify(src/unitree_ros2/docs/image) by extensions ['python_setup_py']
[0.334s] Level 1:colcon.colcon_core.package_identification:_identify(src/unitree_ros2/docs/image) by extension 'python_setup_py'
[0.335s] Level 1:colcon.colcon_core.package_identification:_identify(src/unitree_ros2/example) by extensions ['ignore', 'ignore_ament_install']
[0.335s] Level 1:colcon.colcon_core.package_identification:_identify(src/unitree_ros2/example) by extension 'ignore'
[0.335s] Level 1:colcon.colcon_core.package_identification:_identify(src/unitree_ros2/example) by extension 'ignore_ament_install'
[0.335s] Level 1:colcon.colcon_core.package_identification:_identify(src/unitree_ros2/example) by extensions ['colcon_pkg']
[0.335s] Level 1:colcon.colcon_core.package_identification:_identify(src/unitree_ros2/example) by extension 'colcon_pkg'
[0.335s] Level 1:colcon.colcon_core.package_identification:_identify(src/unitree_ros2/example) by extensions ['colcon_meta']
[0.335s] Level 1:colcon.colcon_core.package_identification:_identify(src/unitree_ros2/example) by extension 'colcon_meta'
[0.335s] Level 1:colcon.colcon_core.package_identification:_identify(src/unitree_ros2/example) by extensions ['ros']
[0.335s] Level 1:colcon.colcon_core.package_identification:_identify(src/unitree_ros2/example) by extension 'ros'
[0.335s] Level 1:colcon.colcon_core.package_identification:_identify(src/unitree_ros2/example) by extensions ['cmake', 'python']
[0.335s] Level 1:colcon.colcon_core.package_identification:_identify(src/unitree_ros2/example) by extension 'cmake'
[0.335s] Level 1:colcon.colcon_core.package_identification:_identify(src/unitree_ros2/example) by extension 'python'
[0.335s] Level 1:colcon.colcon_core.package_identification:_identify(src/unitree_ros2/example) by extensions ['python_setup_py']
[0.335s] Level 1:colcon.colcon_core.package_identification:_identify(src/unitree_ros2/example) by extension 'python_setup_py'
[0.335s] Level 1:colcon.colcon_core.package_identification:_identify(src/unitree_ros2/example/build) by extensions ['ignore', 'ignore_ament_install']
[0.336s] Level 1:colcon.colcon_core.package_identification:_identify(src/unitree_ros2/example/build) by extension 'ignore'
[0.336s] Level 1:colcon.colcon_core.package_identification:_identify(src/unitree_ros2/example/build) ignored
[0.336s] Level 1:colcon.colcon_core.package_identification:_identify(src/unitree_ros2/example/install) by extensions ['ignore', 'ignore_ament_install']
[0.336s] Level 1:colcon.colcon_core.package_identification:_identify(src/unitree_ros2/example/install) by extension 'ignore'
[0.336s] Level 1:colcon.colcon_core.package_identification:_identify(src/unitree_ros2/example/install) ignored
[0.336s] Level 1:colcon.colcon_core.package_identification:_identify(src/unitree_ros2/example/log) by extensions ['ignore', 'ignore_ament_install']
[0.336s] Level 1:colcon.colcon_core.package_identification:_identify(src/unitree_ros2/example/log) by extension 'ignore'
[0.336s] Level 1:colcon.colcon_core.package_identification:_identify(src/unitree_ros2/example/log) ignored
[0.336s] Level 1:colcon.colcon_core.package_identification:_identify(src/unitree_ros2/example/src) by extensions ['ignore', 'ignore_ament_install']
[0.336s] Level 1:colcon.colcon_core.package_identification:_identify(src/unitree_ros2/example/src) by extension 'ignore'
[0.336s] Level 1:colcon.colcon_core.package_identification:_identify(src/unitree_ros2/example/src) by extension 'ignore_ament_install'
[0.337s] Level 1:colcon.colcon_core.package_identification:_identify(src/unitree_ros2/example/src) by extensions ['colcon_pkg']
[0.337s] Level 1:colcon.colcon_core.package_identification:_identify(src/unitree_ros2/example/src) by extension 'colcon_pkg'
[0.337s] Level 1:colcon.colcon_core.package_identification:_identify(src/unitree_ros2/example/src) by extensions ['colcon_meta']
[0.337s] Level 1:colcon.colcon_core.package_identification:_identify(src/unitree_ros2/example/src) by extension 'colcon_meta'
[0.337s] Level 1:colcon.colcon_core.package_identification:_identify(src/unitree_ros2/example/src) by extensions ['ros']
[0.337s] Level 1:colcon.colcon_core.package_identification:_identify(src/unitree_ros2/example/src) by extension 'ros'
[0.338s] DEBUG:colcon.colcon_core.package_identification:Package 'src/unitree_ros2/example/src' with type 'ros.ament_cmake' and name 'unitree_ros2_example'
[0.339s] Level 1:colcon.colcon_core.package_identification:_identify(src/unitree_ros2/install) by extensions ['ignore', 'ignore_ament_install']
[0.339s] Level 1:colcon.colcon_core.package_identification:_identify(src/unitree_ros2/install) by extension 'ignore'
[0.339s] Level 1:colcon.colcon_core.package_identification:_identify(src/unitree_ros2/install) ignored
[0.339s] Level 1:colcon.colcon_core.package_identification:_identify(src/unitree_ros2/log) by extensions ['ignore', 'ignore_ament_install']
[0.339s] Level 1:colcon.colcon_core.package_identification:_identify(src/unitree_ros2/log) by extension 'ignore'
[0.339s] Level 1:colcon.colcon_core.package_identification:_identify(src/unitree_ros2/log) ignored
[0.340s] Level 1:colcon.colcon_core.package_discovery:discover_packages(recursive) using defaults
[0.340s] Level 1:colcon.colcon_core.package_discovery:discover_packages(ignore) discover
[0.340s] Level 1:colcon.colcon_core.package_discovery:discover_packages(ignore) using defaults
[0.340s] Level 1:colcon.colcon_core.package_discovery:discover_packages(path) discover
[0.340s] Level 1:colcon.colcon_core.package_discovery:discover_packages(path) using defaults
[0.372s] Level 1:colcon.colcon_core.package_discovery:discover_packages(prefix_path) check parameters
[0.372s] Level 1:colcon.colcon_core.package_discovery:discover_packages(prefix_path) discover
[0.375s] DEBUG:colcon.colcon_installed_package_information.package_discovery:Found 9 installed packages in /home/utec/humanoid_ws/install
[0.377s] DEBUG:colcon.colcon_installed_package_information.package_discovery:Found 433 installed packages in /opt/ros/humble
[0.379s] Level 1:colcon.colcon_core.package_discovery:discover_packages(prefix_path) using defaults
[0.426s] Level 5:colcon.colcon_core.verb:set package 'h1_2_algoritms' build argument 'cmake_args' from command line to 'None'
[0.426s] Level 5:colcon.colcon_core.verb:set package 'h1_2_algoritms' build argument 'cmake_target' from command line to 'None'
[0.426s] Level 5:colcon.colcon_core.verb:set package 'h1_2_algoritms' build argument 'cmake_target_skip_unavailable' from command line to 'False'
[0.426s] Level 5:colcon.colcon_core.verb:set package 'h1_2_algoritms' build argument 'cmake_clean_cache' from command line to 'False'
[0.426s] Level 5:colcon.colcon_core.verb:set package 'h1_2_algoritms' build argument 'cmake_clean_first' from command line to 'False'
[0.426s] Level 5:colcon.colcon_core.verb:set package 'h1_2_algoritms' build argument 'cmake_force_configure' from command line to 'False'
[0.426s] Level 5:colcon.colcon_core.verb:set package 'h1_2_algoritms' build argument 'ament_cmake_args' from command line to 'None'
[0.426s] Level 5:colcon.colcon_core.verb:set package 'h1_2_algoritms' build argument 'catkin_cmake_args' from command line to 'None'
[0.426s] Level 5:colcon.colcon_core.verb:set package 'h1_2_algoritms' build argument 'catkin_skip_building_tests' from command line to 'False'
[0.426s] DEBUG:colcon.colcon_core.verb:Building package 'h1_2_algoritms' with the following arguments: {'ament_cmake_args': None, 'build_base': '/home/utec/humanoid_ws/build/h1_2_algoritms', 'catkin_cmake_args': None, 'catkin_skip_building_tests': False, 'cmake_args': None, 'cmake_clean_cache': False, 'cmake_clean_first': False, 'cmake_force_configure': False, 'cmake_target': None, 'cmake_target_skip_unavailable': False, 'install_base': '/home/utec/humanoid_ws/install/h1_2_algoritms', 'merge_install': False, 'path': '/home/utec/humanoid_ws/src/h1_2_algoritms', 'symlink_install': False, 'test_result_base': None}
[0.426s] Level 5:colcon.colcon_core.verb:set package 'h1_2_description' build argument 'cmake_args' from command line to 'None'
[0.426s] Level 5:colcon.colcon_core.verb:set package 'h1_2_description' build argument 'cmake_target' from command line to 'None'
[0.426s] Level 5:colcon.colcon_core.verb:set package 'h1_2_description' build argument 'cmake_target_skip_unavailable' from command line to 'False'
[0.426s] Level 5:colcon.colcon_core.verb:set package 'h1_2_description' build argument 'cmake_clean_cache' from command line to 'False'
[0.427s] Level 5:colcon.colcon_core.verb:set package 'h1_2_description' build argument 'cmake_clean_first' from command line to 'False'
[0.427s] Level 5:colcon.colcon_core.verb:set package 'h1_2_description' build argument 'cmake_force_configure' from command line to 'False'
[0.427s] Level 5:colcon.colcon_core.verb:set package 'h1_2_description' build argument 'ament_cmake_args' from command line to 'None'
[0.427s] Level 5:colcon.colcon_core.verb:set package 'h1_2_description' build argument 'catkin_cmake_args' from command line to 'None'
[0.427s] Level 5:colcon.colcon_core.verb:set package 'h1_2_description' build argument 'catkin_skip_building_tests' from command line to 'False'
[0.427s] DEBUG:colcon.colcon_core.verb:Building package 'h1_2_description' with the following arguments: {'ament_cmake_args': None, 'build_base': '/home/utec/humanoid_ws/build/h1_2_description', 'catkin_cmake_args': None, 'catkin_skip_building_tests': False, 'cmake_args': None, 'cmake_clean_cache': False, 'cmake_clean_first': False, 'cmake_force_configure': False, 'cmake_target': None, 'cmake_target_skip_unavailable': False, 'install_base': '/home/utec/humanoid_ws/install/h1_2_description', 'merge_install': False, 'path': '/home/utec/humanoid_ws/src/h1_2_utec/h1_2_description', 'symlink_install': False, 'test_result_base': None}
[0.427s] Level 5:colcon.colcon_core.verb:set package 'unitree_api' build argument 'cmake_args' from command line to 'None'
[0.427s] Level 5:colcon.colcon_core.verb:set package 'unitree_api' build argument 'cmake_target' from command line to 'None'
[0.427s] Level 5:colcon.colcon_core.verb:set package 'unitree_api' build argument 'cmake_target_skip_unavailable' from command line to 'False'
[0.427s] Level 5:colcon.colcon_core.verb:set package 'unitree_api' build argument 'cmake_clean_cache' from command line to 'False'
[0.427s] Level 5:colcon.colcon_core.verb:set package 'unitree_api' build argument 'cmake_clean_first' from command line to 'False'
[0.427s] Level 5:colcon.colcon_core.verb:set package 'unitree_api' build argument 'cmake_force_configure' from command line to 'False'
[0.427s] Level 5:colcon.colcon_core.verb:set package 'unitree_api' build argument 'ament_cmake_args' from command line to 'None'
[0.427s] Level 5:colcon.colcon_core.verb:set package 'unitree_api' build argument 'catkin_cmake_args' from command line to 'None'
[0.427s] Level 5:colcon.colcon_core.verb:set package 'unitree_api' build argument 'catkin_skip_building_tests' from command line to 'False'
[0.427s] DEBUG:colcon.colcon_core.verb:Building package 'unitree_api' with the following arguments: {'ament_cmake_args': None, 'build_base': '/home/utec/humanoid_ws/build/unitree_api', 'catkin_cmake_args': None, 'catkin_skip_building_tests': False, 'cmake_args': None, 'cmake_clean_cache': False, 'cmake_clean_first': False, 'cmake_force_configure': False, 'cmake_target': None, 'cmake_target_skip_unavailable': False, 'install_base': '/home/utec/humanoid_ws/install/unitree_api', 'merge_install': False, 'path': '/home/utec/humanoid_ws/src/unitree_ros2/cyclonedds_ws/src/unitree/unitree_api', 'symlink_install': False, 'test_result_base': None}
[0.428s] Level 5:colcon.colcon_core.verb:set package 'unitree_go' build argument 'cmake_args' from command line to 'None'
[0.428s] Level 5:colcon.colcon_core.verb:set package 'unitree_go' build argument 'cmake_target' from command line to 'None'
[0.428s] Level 5:colcon.colcon_core.verb:set package 'unitree_go' build argument 'cmake_target_skip_unavailable' from command line to 'False'
[0.428s] Level 5:colcon.colcon_core.verb:set package 'unitree_go' build argument 'cmake_clean_cache' from command line to 'False'
[0.428s] Level 5:colcon.colcon_core.verb:set package 'unitree_go' build argument 'cmake_clean_first' from command line to 'False'
[0.428s] Level 5:colcon.colcon_core.verb:set package 'unitree_go' build argument 'cmake_force_configure' from command line to 'False'
[0.428s] Level 5:colcon.colcon_core.verb:set package 'unitree_go' build argument 'ament_cmake_args' from command line to 'None'
[0.428s] Level 5:colcon.colcon_core.verb:set package 'unitree_go' build argument 'catkin_cmake_args' from command line to 'None'
[0.428s] Level 5:colcon.colcon_core.verb:set package 'unitree_go' build argument 'catkin_skip_building_tests' from command line to 'False'
[0.428s] DEBUG:colcon.colcon_core.verb:Building package 'unitree_go' with the following arguments: {'ament_cmake_args': None, 'build_base': '/home/utec/humanoid_ws/build/unitree_go', 'catkin_cmake_args': None, 'catkin_skip_building_tests': False, 'cmake_args': None, 'cmake_clean_cache': False, 'cmake_clean_first': False, 'cmake_force_configure': False, 'cmake_target': None, 'cmake_target_skip_unavailable': False, 'install_base': '/home/utec/humanoid_ws/install/unitree_go', 'merge_install': False, 'path': '/home/utec/humanoid_ws/src/unitree_ros2/cyclonedds_ws/src/unitree/unitree_go', 'symlink_install': False, 'test_result_base': None}
[0.428s] Level 5:colcon.colcon_core.verb:set package 'unitree_hg' build argument 'cmake_args' from command line to 'None'
[0.429s] Level 5:colcon.colcon_core.verb:set package 'unitree_hg' build argument 'cmake_target' from command line to 'None'
[0.429s] Level 5:colcon.colcon_core.verb:set package 'unitree_hg' build argument 'cmake_target_skip_unavailable' from command line to 'False'
[0.429s] Level 5:colcon.colcon_core.verb:set package 'unitree_hg' build argument 'cmake_clean_cache' from command line to 'False'
[0.429s] Level 5:colcon.colcon_core.verb:set package 'unitree_hg' build argument 'cmake_clean_first' from command line to 'False'
[0.429s] Level 5:colcon.colcon_core.verb:set package 'unitree_hg' build argument 'cmake_force_configure' from command line to 'False'
[0.429s] Level 5:colcon.colcon_core.verb:set package 'unitree_hg' build argument 'ament_cmake_args' from command line to 'None'
[0.429s] Level 5:colcon.colcon_core.verb:set package 'unitree_hg' build argument 'catkin_cmake_args' from command line to 'None'
[0.429s] Level 5:colcon.colcon_core.verb:set package 'unitree_hg' build argument 'catkin_skip_building_tests' from command line to 'False'
[0.429s] DEBUG:colcon.colcon_core.verb:Building package 'unitree_hg' with the following arguments: {'ament_cmake_args': None, 'build_base': '/home/utec/humanoid_ws/build/unitree_hg', 'catkin_cmake_args': None, 'catkin_skip_building_tests': False, 'cmake_args': None, 'cmake_clean_cache': False, 'cmake_clean_first': False, 'cmake_force_configure': False, 'cmake_target': None, 'cmake_target_skip_unavailable': False, 'install_base': '/home/utec/humanoid_ws/install/unitree_hg', 'merge_install': False, 'path': '/home/utec/humanoid_ws/src/unitree_ros2/cyclonedds_ws/src/unitree/unitree_hg', 'symlink_install': False, 'test_result_base': None}
[0.429s] Level 5:colcon.colcon_core.verb:set package 'h1_2_interface' build argument 'cmake_args' from command line to 'None'
[0.429s] Level 5:colcon.colcon_core.verb:set package 'h1_2_interface' build argument 'cmake_target' from command line to 'None'
[0.429s] Level 5:colcon.colcon_core.verb:set package 'h1_2_interface' build argument 'cmake_target_skip_unavailable' from command line to 'False'
[0.429s] Level 5:colcon.colcon_core.verb:set package 'h1_2_interface' build argument 'cmake_clean_cache' from command line to 'False'
[0.429s] Level 5:colcon.colcon_core.verb:set package 'h1_2_interface' build argument 'cmake_clean_first' from command line to 'False'
[0.429s] Level 5:colcon.colcon_core.verb:set package 'h1_2_interface' build argument 'cmake_force_configure' from command line to 'False'
[0.429s] Level 5:colcon.colcon_core.verb:set package 'h1_2_interface' build argument 'ament_cmake_args' from command line to 'None'
[0.429s] Level 5:colcon.colcon_core.verb:set package 'h1_2_interface' build argument 'catkin_cmake_args' from command line to 'None'
[0.429s] Level 5:colcon.colcon_core.verb:set package 'h1_2_interface' build argument 'catkin_skip_building_tests' from command line to 'False'
[0.429s] DEBUG:colcon.colcon_core.verb:Building package 'h1_2_interface' with the following arguments: {'ament_cmake_args': None, 'build_base': '/home/utec/humanoid_ws/build/h1_2_interface', 'catkin_cmake_args': None, 'catkin_skip_building_tests': False, 'cmake_args': None, 'cmake_clean_cache': False, 'cmake_clean_first': False, 'cmake_force_configure': False, 'cmake_target': None, 'cmake_target_skip_unavailable': False, 'install_base': '/home/utec/humanoid_ws/install/h1_2_interface', 'merge_install': False, 'path': '/home/utec/humanoid_ws/src/h1_2_utec/h1_2_interface', 'symlink_install': False, 'test_result_base': None}
[0.430s] Level 5:colcon.colcon_core.verb:set package 'h1_2_model' build argument 'cmake_args' from command line to 'None'
[0.430s] Level 5:colcon.colcon_core.verb:set package 'h1_2_model' build argument 'cmake_target' from command line to 'None'
[0.430s] Level 5:colcon.colcon_core.verb:set package 'h1_2_model' build argument 'cmake_target_skip_unavailable' from command line to 'False'
[0.430s] Level 5:colcon.colcon_core.verb:set package 'h1_2_model' build argument 'cmake_clean_cache' from command line to 'False'
[0.430s] Level 5:colcon.colcon_core.verb:set package 'h1_2_model' build argument 'cmake_clean_first' from command line to 'False'
[0.430s] Level 5:colcon.colcon_core.verb:set package 'h1_2_model' build argument 'cmake_force_configure' from command line to 'False'
[0.430s] Level 5:colcon.colcon_core.verb:set package 'h1_2_model' build argument 'ament_cmake_args' from command line to 'None'
[0.430s] Level 5:colcon.colcon_core.verb:set package 'h1_2_model' build argument 'catkin_cmake_args' from command line to 'None'
[0.430s] Level 5:colcon.colcon_core.verb:set package 'h1_2_model' build argument 'catkin_skip_building_tests' from command line to 'False'
[0.430s] DEBUG:colcon.colcon_core.verb:Building package 'h1_2_model' with the following arguments: {'ament_cmake_args': None, 'build_base': '/home/utec/humanoid_ws/build/h1_2_model', 'catkin_cmake_args': None, 'catkin_skip_building_tests': False, 'cmake_args': None, 'cmake_clean_cache': False, 'cmake_clean_first': False, 'cmake_force_configure': False, 'cmake_target': None, 'cmake_target_skip_unavailable': False, 'install_base': '/home/utec/humanoid_ws/install/h1_2_model', 'merge_install': False, 'path': '/home/utec/humanoid_ws/src/h1_2_utec/h1_2_model', 'symlink_install': False, 'test_result_base': None}
[0.431s] Level 5:colcon.colcon_core.verb:set package 'pycodes_h1' build argument 'cmake_args' from command line to 'None'
[0.431s] Level 5:colcon.colcon_core.verb:set package 'pycodes_h1' build argument 'cmake_target' from command line to 'None'
[0.431s] Level 5:colcon.colcon_core.verb:set package 'pycodes_h1' build argument 'cmake_target_skip_unavailable' from command line to 'False'
[0.431s] Level 5:colcon.colcon_core.verb:set package 'pycodes_h1' build argument 'cmake_clean_cache' from command line to 'False'
[0.431s] Level 5:colcon.colcon_core.verb:set package 'pycodes_h1' build argument 'cmake_clean_first' from command line to 'False'
[0.431s] Level 5:colcon.colcon_core.verb:set package 'pycodes_h1' build argument 'cmake_force_configure' from command line to 'False'
[0.431s] Level 5:colcon.colcon_core.verb:set package 'pycodes_h1' build argument 'ament_cmake_args' from command line to 'None'
[0.431s] Level 5:colcon.colcon_core.verb:set package 'pycodes_h1' build argument 'catkin_cmake_args' from command line to 'None'
[0.431s] Level 5:colcon.colcon_core.verb:set package 'pycodes_h1' build argument 'catkin_skip_building_tests' from command line to 'False'
[0.431s] DEBUG:colcon.colcon_core.verb:Building package 'pycodes_h1' with the following arguments: {'ament_cmake_args': None, 'build_base': '/home/utec/humanoid_ws/build/pycodes_h1', 'catkin_cmake_args': None, 'catkin_skip_building_tests': False, 'cmake_args': None, 'cmake_clean_cache': False, 'cmake_clean_first': False, 'cmake_force_configure': False, 'cmake_target': None, 'cmake_target_skip_unavailable': False, 'install_base': '/home/utec/humanoid_ws/install/pycodes_h1', 'merge_install': False, 'path': '/home/utec/humanoid_ws/src/pycodes_h1', 'symlink_install': False, 'test_result_base': None}
[0.431s] Level 5:colcon.colcon_core.verb:set package 'unitree_ros2_example' build argument 'cmake_args' from command line to 'None'
[0.431s] Level 5:colcon.colcon_core.verb:set package 'unitree_ros2_example' build argument 'cmake_target' from command line to 'None'
[0.431s] Level 5:colcon.colcon_core.verb:set package 'unitree_ros2_example' build argument 'cmake_target_skip_unavailable' from command line to 'False'
[0.431s] Level 5:colcon.colcon_core.verb:set package 'unitree_ros2_example' build argument 'cmake_clean_cache' from command line to 'False'
[0.431s] Level 5:colcon.colcon_core.verb:set package 'unitree_ros2_example' build argument 'cmake_clean_first' from command line to 'False'
[0.431s] Level 5:colcon.colcon_core.verb:set package 'unitree_ros2_example' build argument 'cmake_force_configure' from command line to 'False'
[0.431s] Level 5:colcon.colcon_core.verb:set package 'unitree_ros2_example' build argument 'ament_cmake_args' from command line to 'None'
[0.431s] Level 5:colcon.colcon_core.verb:set package 'unitree_ros2_example' build argument 'catkin_cmake_args' from command line to 'None'
[0.431s] Level 5:colcon.colcon_core.verb:set package 'unitree_ros2_example' build argument 'catkin_skip_building_tests' from command line to 'False'
[0.432s] DEBUG:colcon.colcon_core.verb:Building package 'unitree_ros2_example' with the following arguments: {'ament_cmake_args': None, 'build_base': '/home/utec/humanoid_ws/build/unitree_ros2_example', 'catkin_cmake_args': None, 'catkin_skip_building_tests': False, 'cmake_args': None, 'cmake_clean_cache': False, 'cmake_clean_first': False, 'cmake_force_configure': False, 'cmake_target': None, 'cmake_target_skip_unavailable': False, 'install_base': '/home/utec/humanoid_ws/install/unitree_ros2_example', 'merge_install': False, 'path': '/home/utec/humanoid_ws/src/unitree_ros2/example/src', 'symlink_install': False, 'test_result_base': None}
[0.432s] INFO:colcon.colcon_core.executor:Executing jobs using 'parallel' executor
[0.433s] DEBUG:colcon.colcon_parallel_executor.executor.parallel:run_until_complete
[0.433s] INFO:colcon.colcon_ros.task.ament_cmake.build:Building ROS package in '/home/utec/humanoid_ws/src/unitree_ros2/cyclonedds_ws/src/unitree/unitree_hg' with build type 'ament_cmake'
[0.433s] INFO:colcon.colcon_cmake.task.cmake.build:Building CMake package in '/home/utec/humanoid_ws/src/unitree_ros2/cyclonedds_ws/src/unitree/unitree_hg'
[0.437s] INFO:colcon.colcon_core.plugin_system:Skipping extension 'colcon_core.shell.bat': Not used on non-Windows systems
[0.438s] INFO:colcon.colcon_core.shell:Skip shell extension 'powershell' for command environment: Not usable outside of PowerShell
[0.438s] DEBUG:colcon.colcon_core.shell:Skip shell extension 'dsv' for command environment
[0.442s] INFO:colcon.colcon_ros.task.ament_cmake.build:Building ROS package in '/home/utec/humanoid_ws/src/h1_2_utec/h1_2_description' with build type 'ament_cmake'
[0.443s] INFO:colcon.colcon_cmake.task.cmake.build:Building CMake package in '/home/utec/humanoid_ws/src/h1_2_utec/h1_2_description'
[0.443s] INFO:colcon.colcon_core.shell:Skip shell extension 'powershell' for command environment: Not usable outside of PowerShell
[0.443s] DEBUG:colcon.colcon_core.shell:Skip shell extension 'dsv' for command environment
[0.446s] INFO:colcon.colcon_ros.task.ament_cmake.build:Building ROS package in '/home/utec/humanoid_ws/src/unitree_ros2/cyclonedds_ws/src/unitree/unitree_api' with build type 'ament_cmake'
[0.446s] INFO:colcon.colcon_cmake.task.cmake.build:Building CMake package in '/home/utec/humanoid_ws/src/unitree_ros2/cyclonedds_ws/src/unitree/unitree_api'
[0.447s] INFO:colcon.colcon_core.shell:Skip shell extension 'powershell' for command environment: Not usable outside of PowerShell
[0.447s] DEBUG:colcon.colcon_core.shell:Skip shell extension 'dsv' for command environment
[0.450s] INFO:colcon.colcon_ros.task.ament_cmake.build:Building ROS package in '/home/utec/humanoid_ws/src/unitree_ros2/cyclonedds_ws/src/unitree/unitree_go' with build type 'ament_cmake'
[0.450s] INFO:colcon.colcon_cmake.task.cmake.build:Building CMake package in '/home/utec/humanoid_ws/src/unitree_ros2/cyclonedds_ws/src/unitree/unitree_go'
[0.450s] INFO:colcon.colcon_core.shell:Skip shell extension 'powershell' for command environment: Not usable outside of PowerShell
[0.450s] DEBUG:colcon.colcon_core.shell:Skip shell extension 'dsv' for command environment
[0.455s] INFO:colcon.colcon_ros.task.ament_python.build:Building ROS package in '/home/utec/humanoid_ws/src/h1_2_algoritms' with build type 'ament_python'
[0.455s] Level 1:colcon.colcon_core.shell:create_environment_hook('h1_2_algoritms', 'ament_prefix_path')
[0.455s] INFO:colcon.colcon_core.shell:Creating environment hook '/home/utec/humanoid_ws/install/h1_2_algoritms/share/h1_2_algoritms/hook/ament_prefix_path.ps1'
[0.456s] INFO:colcon.colcon_core.shell:Creating environment descriptor '/home/utec/humanoid_ws/install/h1_2_algoritms/share/h1_2_algoritms/hook/ament_prefix_path.dsv'
[0.457s] INFO:colcon.colcon_core.shell:Creating environment hook '/home/utec/humanoid_ws/install/h1_2_algoritms/share/h1_2_algoritms/hook/ament_prefix_path.sh'
[0.458s] INFO:colcon.colcon_core.shell:Skip shell extension 'powershell' for command environment: Not usable outside of PowerShell
[0.458s] DEBUG:colcon.colcon_core.shell:Skip shell extension 'dsv' for command environment
[0.466s] DEBUG:colcon.colcon_core.event_handler.log_command:Invoking command in '/home/utec/humanoid_ws/build/unitree_hg': CMAKE_PREFIX_PATH=${CMAKE_PREFIX_PATH}:/home/utec/humanoid_ws/install/pycodes_h1:/home/utec/humanoid_ws/install/h1_2_model:/home/utec/humanoid_ws/install/h1_2_algoritms:/opt/ros/humble /usr/bin/cmake --build /home/utec/humanoid_ws/build/unitree_hg -- -j8 -l8
[0.474s] DEBUG:colcon.colcon_core.event_handler.log_command:Invoking command in '/home/utec/humanoid_ws/build/h1_2_description': CMAKE_PREFIX_PATH=${CMAKE_PREFIX_PATH}:/home/utec/humanoid_ws/install/pycodes_h1:/home/utec/humanoid_ws/install/h1_2_model:/home/utec/humanoid_ws/install/h1_2_algoritms:/opt/ros/humble /usr/bin/cmake --build /home/utec/humanoid_ws/build/h1_2_description -- -j8 -l8
[0.475s] DEBUG:colcon.colcon_core.event_handler.log_command:Invoking command in '/home/utec/humanoid_ws/build/unitree_api': CMAKE_PREFIX_PATH=${CMAKE_PREFIX_PATH}:/home/utec/humanoid_ws/install/pycodes_h1:/home/utec/humanoid_ws/install/h1_2_model:/home/utec/humanoid_ws/install/h1_2_algoritms:/opt/ros/humble /usr/bin/cmake --build /home/utec/humanoid_ws/build/unitree_api -- -j8 -l8
[0.480s] DEBUG:colcon.colcon_core.event_handler.log_command:Invoking command in '/home/utec/humanoid_ws/build/unitree_go': CMAKE_PREFIX_PATH=${CMAKE_PREFIX_PATH}:/home/utec/humanoid_ws/install/pycodes_h1:/home/utec/humanoid_ws/install/h1_2_model:/home/utec/humanoid_ws/install/h1_2_algoritms:/opt/ros/humble /usr/bin/cmake --build /home/utec/humanoid_ws/build/unitree_go -- -j8 -l8
[1.066s] INFO:colcon.colcon_core.task.python.build:Building Python package in '/home/utec/humanoid_ws/src/h1_2_algoritms'
[1.067s] INFO:colcon.colcon_core.shell:Skip shell extension 'powershell' for command environment: Not usable outside of PowerShell
[1.067s] DEBUG:colcon.colcon_core.shell:Skip shell extension 'dsv' for command environment
[1.099s] DEBUG:colcon.colcon_core.event_handler.log_command:Invoked command in '/home/utec/humanoid_ws/build/h1_2_description' returned '0': CMAKE_PREFIX_PATH=${CMAKE_PREFIX_PATH}:/home/utec/humanoid_ws/install/pycodes_h1:/home/utec/humanoid_ws/install/h1_2_model:/home/utec/humanoid_ws/install/h1_2_algoritms:/opt/ros/humble /usr/bin/cmake --build /home/utec/humanoid_ws/build/h1_2_description -- -j8 -l8
[1.147s] DEBUG:colcon.colcon_core.event_handler.log_command:Invoking command in '/home/utec/humanoid_ws/build/h1_2_description': CMAKE_PREFIX_PATH=${CMAKE_PREFIX_PATH}:/home/utec/humanoid_ws/install/pycodes_h1:/home/utec/humanoid_ws/install/h1_2_model:/home/utec/humanoid_ws/install/h1_2_algoritms:/opt/ros/humble /usr/bin/cmake --install /home/utec/humanoid_ws/build/h1_2_description
[1.215s] Level 1:colcon.colcon_core.environment:create_environment_scripts_only(h1_2_description)
[1.223s] Level 1:colcon.colcon_core.environment:checking '/home/utec/humanoid_ws/install/h1_2_description' for CMake module files
[1.224s] Level 1:colcon.colcon_core.environment:checking '/home/utec/humanoid_ws/install/h1_2_description' for CMake config files
[1.225s] Level 1:colcon.colcon_core.shell:create_environment_hook('h1_2_description', 'cmake_prefix_path')
[1.225s] INFO:colcon.colcon_core.shell:Creating environment hook '/home/utec/humanoid_ws/install/h1_2_description/share/h1_2_description/hook/cmake_prefix_path.ps1'
[1.232s] INFO:colcon.colcon_core.shell:Creating environment descriptor '/home/utec/humanoid_ws/install/h1_2_description/share/h1_2_description/hook/cmake_prefix_path.dsv'
[1.236s] DEBUG:colcon.colcon_core.event_handler.log_command:Invoked command in '/home/utec/humanoid_ws/build/h1_2_description' returned '0': CMAKE_PREFIX_PATH=${CMAKE_PREFIX_PATH}:/home/utec/humanoid_ws/install/pycodes_h1:/home/utec/humanoid_ws/install/h1_2_model:/home/utec/humanoid_ws/install/h1_2_algoritms:/opt/ros/humble /usr/bin/cmake --install /home/utec/humanoid_ws/build/h1_2_description
[1.237s] INFO:colcon.colcon_core.shell:Creating environment hook '/home/utec/humanoid_ws/install/h1_2_description/share/h1_2_description/hook/cmake_prefix_path.sh'
[1.238s] Level 1:colcon.colcon_core.environment:checking '/home/utec/humanoid_ws/install/h1_2_description/bin'
[1.242s] Level 1:colcon.colcon_core.environment:checking '/home/utec/humanoid_ws/install/h1_2_description/lib/pkgconfig/h1_2_description.pc'
[1.242s] Level 1:colcon.colcon_core.environment:checking '/home/utec/humanoid_ws/install/h1_2_description/lib/python3.10/site-packages'
[1.243s] Level 1:colcon.colcon_core.environment:checking '/home/utec/humanoid_ws/install/h1_2_description/bin'
[1.244s] INFO:colcon.colcon_core.shell:Creating package script '/home/utec/humanoid_ws/install/h1_2_description/share/h1_2_description/package.ps1'
[1.245s] INFO:colcon.colcon_core.shell:Creating package descriptor '/home/utec/humanoid_ws/install/h1_2_description/share/h1_2_description/package.dsv'
[1.246s] INFO:colcon.colcon_core.shell:Creating package script '/home/utec/humanoid_ws/install/h1_2_description/share/h1_2_description/package.sh'
[1.251s] INFO:colcon.colcon_core.shell:Creating package script '/home/utec/humanoid_ws/install/h1_2_description/share/h1_2_description/package.bash'
[1.252s] INFO:colcon.colcon_core.shell:Creating package script '/home/utec/humanoid_ws/install/h1_2_description/share/h1_2_description/package.zsh'
[1.258s] Level 1:colcon.colcon_core.environment:create_file_with_runtime_dependencies(/home/utec/humanoid_ws/install/h1_2_description/share/colcon-core/packages/h1_2_description)
[1.259s] Level 1:colcon.colcon_core.environment:create_environment_scripts_only(h1_2_description)
[1.260s] Level 1:colcon.colcon_core.environment:checking '/home/utec/humanoid_ws/install/h1_2_description' for CMake module files
[1.261s] Level 1:colcon.colcon_core.environment:checking '/home/utec/humanoid_ws/install/h1_2_description' for CMake config files
[1.261s] Level 1:colcon.colcon_core.shell:create_environment_hook('h1_2_description', 'cmake_prefix_path')
[1.261s] INFO:colcon.colcon_core.shell:Creating environment hook '/home/utec/humanoid_ws/install/h1_2_description/share/h1_2_description/hook/cmake_prefix_path.ps1'
[1.262s] INFO:colcon.colcon_core.shell:Creating environment descriptor '/home/utec/humanoid_ws/install/h1_2_description/share/h1_2_description/hook/cmake_prefix_path.dsv'
[1.263s] INFO:colcon.colcon_core.shell:Creating environment hook '/home/utec/humanoid_ws/install/h1_2_description/share/h1_2_description/hook/cmake_prefix_path.sh'
[1.264s] Level 1:colcon.colcon_core.environment:checking '/home/utec/humanoid_ws/install/h1_2_description/bin'
[1.264s] Level 1:colcon.colcon_core.environment:checking '/home/utec/humanoid_ws/install/h1_2_description/lib/pkgconfig/h1_2_description.pc'
[1.275s] Level 1:colcon.colcon_core.environment:checking '/home/utec/humanoid_ws/install/h1_2_description/lib/python3.10/site-packages'
[1.276s] Level 1:colcon.colcon_core.environment:checking '/home/utec/humanoid_ws/install/h1_2_description/bin'
[1.277s] INFO:colcon.colcon_core.shell:Creating package script '/home/utec/humanoid_ws/install/h1_2_description/share/h1_2_description/package.ps1'
[1.278s] INFO:colcon.colcon_core.shell:Creating package descriptor '/home/utec/humanoid_ws/install/h1_2_description/share/h1_2_description/package.dsv'
[1.279s] INFO:colcon.colcon_core.shell:Creating package script '/home/utec/humanoid_ws/install/h1_2_description/share/h1_2_description/package.sh'
[1.280s] INFO:colcon.colcon_core.shell:Creating package script '/home/utec/humanoid_ws/install/h1_2_description/share/h1_2_description/package.bash'
[1.281s] INFO:colcon.colcon_core.shell:Creating package script '/home/utec/humanoid_ws/install/h1_2_description/share/h1_2_description/package.zsh'
[1.281s] Level 1:colcon.colcon_core.environment:create_file_with_runtime_dependencies(/home/utec/humanoid_ws/install/h1_2_description/share/colcon-core/packages/h1_2_description)
[1.282s] INFO:colcon.colcon_ros.task.ament_python.build:Building ROS package in '/home/utec/humanoid_ws/src/h1_2_utec/h1_2_model' with build type 'ament_python'
[1.282s] Level 1:colcon.colcon_core.shell:create_environment_hook('h1_2_model', 'ament_prefix_path')
[1.286s] INFO:colcon.colcon_core.shell:Creating environment hook '/home/utec/humanoid_ws/install/h1_2_model/share/h1_2_model/hook/ament_prefix_path.ps1'
[1.287s] INFO:colcon.colcon_core.shell:Creating environment descriptor '/home/utec/humanoid_ws/install/h1_2_model/share/h1_2_model/hook/ament_prefix_path.dsv'
[1.288s] INFO:colcon.colcon_core.shell:Creating environment hook '/home/utec/humanoid_ws/install/h1_2_model/share/h1_2_model/hook/ament_prefix_path.sh'
[1.292s] INFO:colcon.colcon_core.shell:Skip shell extension 'powershell' for command environment: Not usable outside of PowerShell
[1.292s] DEBUG:colcon.colcon_core.shell:Skip shell extension 'dsv' for command environment
[1.748s] INFO:colcon.colcon_core.task.python.build:Building Python package in '/home/utec/humanoid_ws/src/h1_2_utec/h1_2_model'
[1.749s] INFO:colcon.colcon_core.shell:Skip shell extension 'powershell' for command environment: Not usable outside of PowerShell
[1.749s] DEBUG:colcon.colcon_core.shell:Skip shell extension 'dsv' for command environment
[1.757s] DEBUG:colcon.colcon_core.event_handler.log_command:Invoked command in '/home/utec/humanoid_ws/build/unitree_go' returned '0': CMAKE_PREFIX_PATH=${CMAKE_PREFIX_PATH}:/home/utec/humanoid_ws/install/pycodes_h1:/home/utec/humanoid_ws/install/h1_2_model:/home/utec/humanoid_ws/install/h1_2_algoritms:/opt/ros/humble /usr/bin/cmake --build /home/utec/humanoid_ws/build/unitree_go -- -j8 -l8
[1.759s] DEBUG:colcon.colcon_core.event_handler.log_command:Invoking command in '/home/utec/humanoid_ws/build/unitree_go': CMAKE_PREFIX_PATH=${CMAKE_PREFIX_PATH}:/home/utec/humanoid_ws/install/pycodes_h1:/home/utec/humanoid_ws/install/h1_2_model:/home/utec/humanoid_ws/install/h1_2_algoritms:/opt/ros/humble /usr/bin/cmake --install /home/utec/humanoid_ws/build/unitree_go
[1.760s] DEBUG:colcon.colcon_core.event_handler.log_command:Invoked command in '/home/utec/humanoid_ws/build/unitree_hg' returned '0': CMAKE_PREFIX_PATH=${CMAKE_PREFIX_PATH}:/home/utec/humanoid_ws/install/pycodes_h1:/home/utec/humanoid_ws/install/h1_2_model:/home/utec/humanoid_ws/install/h1_2_algoritms:/opt/ros/humble /usr/bin/cmake --build /home/utec/humanoid_ws/build/unitree_hg -- -j8 -l8
[1.762s] DEBUG:colcon.colcon_core.event_handler.log_command:Invoking command in '/home/utec/humanoid_ws/build/unitree_hg': CMAKE_PREFIX_PATH=${CMAKE_PREFIX_PATH}:/home/utec/humanoid_ws/install/pycodes_h1:/home/utec/humanoid_ws/install/h1_2_model:/home/utec/humanoid_ws/install/h1_2_algoritms:/opt/ros/humble /usr/bin/cmake --install /home/utec/humanoid_ws/build/unitree_hg
[1.764s] DEBUG:colcon.colcon_core.event_handler.log_command:Invoked command in '/home/utec/humanoid_ws/build/unitree_api' returned '0': CMAKE_PREFIX_PATH=${CMAKE_PREFIX_PATH}:/home/utec/humanoid_ws/install/pycodes_h1:/home/utec/humanoid_ws/install/h1_2_model:/home/utec/humanoid_ws/install/h1_2_algoritms:/opt/ros/humble /usr/bin/cmake --build /home/utec/humanoid_ws/build/unitree_api -- -j8 -l8
[1.771s] DEBUG:colcon.colcon_core.event_handler.log_command:Invoking command in '/home/utec/humanoid_ws/build/unitree_api': CMAKE_PREFIX_PATH=${CMAKE_PREFIX_PATH}:/home/utec/humanoid_ws/install/pycodes_h1:/home/utec/humanoid_ws/install/h1_2_model:/home/utec/humanoid_ws/install/h1_2_algoritms:/opt/ros/humble /usr/bin/cmake --install /home/utec/humanoid_ws/build/unitree_api
[1.881s] Level 1:colcon.colcon_core.environment:create_environment_scripts_only(unitree_hg)
[1.881s] Level 1:colcon.colcon_core.environment:checking '/home/utec/humanoid_ws/install/unitree_hg' for CMake module files
[1.887s] Level 1:colcon.colcon_core.environment:checking '/home/utec/humanoid_ws/install/unitree_hg' for CMake config files
[1.887s] Level 1:colcon.colcon_core.shell:create_environment_hook('unitree_hg', 'cmake_prefix_path')
[1.888s] INFO:colcon.colcon_core.shell:Creating environment hook '/home/utec/humanoid_ws/install/unitree_hg/share/unitree_hg/hook/cmake_prefix_path.ps1'
[1.889s] INFO:colcon.colcon_core.shell:Creating environment descriptor '/home/utec/humanoid_ws/install/unitree_hg/share/unitree_hg/hook/cmake_prefix_path.dsv'
[1.889s] INFO:colcon.colcon_core.shell:Creating environment hook '/home/utec/humanoid_ws/install/unitree_hg/share/unitree_hg/hook/cmake_prefix_path.sh'
[1.891s] Level 1:colcon.colcon_core.environment:checking '/home/utec/humanoid_ws/install/unitree_hg/lib'
[1.891s] Level 1:colcon.colcon_core.shell:create_environment_hook('unitree_hg', 'ld_library_path_lib')
[1.892s] INFO:colcon.colcon_core.shell:Creating environment hook '/home/utec/humanoid_ws/install/unitree_hg/share/unitree_hg/hook/ld_library_path_lib.ps1'
[1.895s] INFO:colcon.colcon_core.shell:Creating environment descriptor '/home/utec/humanoid_ws/install/unitree_hg/share/unitree_hg/hook/ld_library_path_lib.dsv'
[1.901s] INFO:colcon.colcon_core.shell:Creating environment hook '/home/utec/humanoid_ws/install/unitree_hg/share/unitree_hg/hook/ld_library_path_lib.sh'
[1.905s] Level 1:colcon.colcon_core.environment:checking '/home/utec/humanoid_ws/install/unitree_hg/bin'
[1.905s] Level 1:colcon.colcon_core.environment:checking '/home/utec/humanoid_ws/install/unitree_hg/lib/pkgconfig/unitree_hg.pc'
[1.906s] Level 1:colcon.colcon_core.environment:checking '/home/utec/humanoid_ws/install/unitree_hg/lib/python3.10/site-packages'
[1.907s] Level 1:colcon.colcon_core.environment:checking '/home/utec/humanoid_ws/install/unitree_hg/bin'
[1.907s] INFO:colcon.colcon_core.shell:Creating package script '/home/utec/humanoid_ws/install/unitree_hg/share/unitree_hg/package.ps1'
[1.909s] INFO:colcon.colcon_core.shell:Creating package descriptor '/home/utec/humanoid_ws/install/unitree_hg/share/unitree_hg/package.dsv'
[1.912s] INFO:colcon.colcon_core.shell:Creating package script '/home/utec/humanoid_ws/install/unitree_hg/share/unitree_hg/package.sh'
[1.913s] INFO:colcon.colcon_core.shell:Creating package script '/home/utec/humanoid_ws/install/unitree_hg/share/unitree_hg/package.bash'
[1.914s] INFO:colcon.colcon_core.shell:Creating package script '/home/utec/humanoid_ws/install/unitree_hg/share/unitree_hg/package.zsh'
[1.915s] Level 1:colcon.colcon_core.environment:create_file_with_runtime_dependencies(/home/utec/humanoid_ws/install/unitree_hg/share/colcon-core/packages/unitree_hg)
[1.925s] Level 1:colcon.colcon_core.environment:create_environment_scripts_only(unitree_hg)
[1.925s] Level 1:colcon.colcon_core.environment:checking '/home/utec/humanoid_ws/install/unitree_hg' for CMake module files
[1.928s] DEBUG:colcon.colcon_core.event_handler.log_command:Invoking command in '/home/utec/humanoid_ws/src/h1_2_algoritms': PYTHONPATH=/home/utec/humanoid_ws/build/h1_2_algoritms/prefix_override:/usr/lib/python3/dist-packages/colcon_core/task/python/colcon_distutils_commands:/home/utec/humanoid_ws/install/h1_2_algoritms/lib/python3.10/site-packages:${PYTHONPATH} /usr/bin/python3 -W ignore:setup.py install is deprecated -W ignore:easy_install command is deprecated setup.py egg_info --egg-base ../../build/h1_2_algoritms build --build-base /home/utec/humanoid_ws/build/h1_2_algoritms/build install --record /home/utec/humanoid_ws/build/h1_2_algoritms/install.log --single-version-externally-managed install_data
[1.934s] Level 1:colcon.colcon_core.environment:checking '/home/utec/humanoid_ws/install/unitree_hg' for CMake config files
[1.934s] DEBUG:colcon.colcon_core.event_handler.log_command:Invoked command in '/home/utec/humanoid_ws/build/unitree_hg' returned '0': CMAKE_PREFIX_PATH=${CMAKE_PREFIX_PATH}:/home/utec/humanoid_ws/install/pycodes_h1:/home/utec/humanoid_ws/install/h1_2_model:/home/utec/humanoid_ws/install/h1_2_algoritms:/opt/ros/humble /usr/bin/cmake --install /home/utec/humanoid_ws/build/unitree_hg
[1.943s] Level 1:colcon.colcon_core.shell:create_environment_hook('unitree_hg', 'cmake_prefix_path')
[1.943s] INFO:colcon.colcon_core.shell:Creating environment hook '/home/utec/humanoid_ws/install/unitree_hg/share/unitree_hg/hook/cmake_prefix_path.ps1'
[1.947s] INFO:colcon.colcon_core.shell:Creating environment descriptor '/home/utec/humanoid_ws/install/unitree_hg/share/unitree_hg/hook/cmake_prefix_path.dsv'
[1.952s] INFO:colcon.colcon_core.shell:Creating environment hook '/home/utec/humanoid_ws/install/unitree_hg/share/unitree_hg/hook/cmake_prefix_path.sh'
[1.953s] Level 1:colcon.colcon_core.environment:checking '/home/utec/humanoid_ws/install/unitree_hg/lib'
[1.955s] Level 1:colcon.colcon_core.shell:create_environment_hook('unitree_hg', 'ld_library_path_lib')
[1.955s] INFO:colcon.colcon_core.shell:Creating environment hook '/home/utec/humanoid_ws/install/unitree_hg/share/unitree_hg/hook/ld_library_path_lib.ps1'
[1.956s] INFO:colcon.colcon_core.shell:Creating environment descriptor '/home/utec/humanoid_ws/install/unitree_hg/share/unitree_hg/hook/ld_library_path_lib.dsv'
[1.957s] INFO:colcon.colcon_core.shell:Creating environment hook '/home/utec/humanoid_ws/install/unitree_hg/share/unitree_hg/hook/ld_library_path_lib.sh'
[1.959s] Level 1:colcon.colcon_core.environment:checking '/home/utec/humanoid_ws/install/unitree_hg/bin'
[1.959s] Level 1:colcon.colcon_core.environment:checking '/home/utec/humanoid_ws/install/unitree_hg/lib/pkgconfig/unitree_hg.pc'
[1.959s] Level 1:colcon.colcon_core.environment:checking '/home/utec/humanoid_ws/install/unitree_hg/lib/python3.10/site-packages'
[1.960s] Level 1:colcon.colcon_core.environment:checking '/home/utec/humanoid_ws/install/unitree_hg/bin'
[1.960s] INFO:colcon.colcon_core.shell:Creating package script '/home/utec/humanoid_ws/install/unitree_hg/share/unitree_hg/package.ps1'
[1.961s] INFO:colcon.colcon_core.shell:Creating package descriptor '/home/utec/humanoid_ws/install/unitree_hg/share/unitree_hg/package.dsv'
[1.962s] INFO:colcon.colcon_core.shell:Creating package script '/home/utec/humanoid_ws/install/unitree_hg/share/unitree_hg/package.sh'
[1.962s] INFO:colcon.colcon_core.shell:Creating package script '/home/utec/humanoid_ws/install/unitree_hg/share/unitree_hg/package.bash'
[1.962s] INFO:colcon.colcon_core.shell:Creating package script '/home/utec/humanoid_ws/install/unitree_hg/share/unitree_hg/package.zsh'
[1.963s] Level 1:colcon.colcon_core.environment:create_file_with_runtime_dependencies(/home/utec/humanoid_ws/install/unitree_hg/share/colcon-core/packages/unitree_hg)
[1.963s] INFO:colcon.colcon_ros.task.ament_cmake.build:Building ROS package in '/home/utec/humanoid_ws/src/h1_2_utec/h1_2_interface' with build type 'ament_cmake'
[1.963s] INFO:colcon.colcon_cmake.task.cmake.build:Building CMake package in '/home/utec/humanoid_ws/src/h1_2_utec/h1_2_interface'
[1.964s] INFO:colcon.colcon_core.shell:Skip shell extension 'powershell' for command environment: Not usable outside of PowerShell
[1.964s] DEBUG:colcon.colcon_core.shell:Skip shell extension 'dsv' for command environment
[1.970s] INFO:colcon.colcon_ros.task.ament_python.build:Building ROS package in '/home/utec/humanoid_ws/src/pycodes_h1' with build type 'ament_python'
[1.970s] Level 1:colcon.colcon_core.shell:create_environment_hook('pycodes_h1', 'ament_prefix_path')
[1.971s] INFO:colcon.colcon_core.shell:Creating environment hook '/home/utec/humanoid_ws/install/pycodes_h1/share/pycodes_h1/hook/ament_prefix_path.ps1'
[1.971s] INFO:colcon.colcon_core.shell:Creating environment descriptor '/home/utec/humanoid_ws/install/pycodes_h1/share/pycodes_h1/hook/ament_prefix_path.dsv'
[1.972s] INFO:colcon.colcon_core.shell:Creating environment hook '/home/utec/humanoid_ws/install/pycodes_h1/share/pycodes_h1/hook/ament_prefix_path.sh'
[1.973s] INFO:colcon.colcon_core.shell:Skip shell extension 'powershell' for command environment: Not usable outside of PowerShell
[1.973s] DEBUG:colcon.colcon_core.shell:Skip shell extension 'dsv' for command environment
[1.981s] Level 1:colcon.colcon_core.environment:create_environment_scripts_only(unitree_go)
[1.982s] Level 1:colcon.colcon_core.environment:checking '/home/utec/humanoid_ws/install/unitree_go' for CMake module files
[1.983s] DEBUG:colcon.colcon_core.event_handler.log_command:Invoked command in '/home/utec/humanoid_ws/build/unitree_go' returned '0': CMAKE_PREFIX_PATH=${CMAKE_PREFIX_PATH}:/home/utec/humanoid_ws/install/pycodes_h1:/home/utec/humanoid_ws/install/h1_2_model:/home/utec/humanoid_ws/install/h1_2_algoritms:/opt/ros/humble /usr/bin/cmake --install /home/utec/humanoid_ws/build/unitree_go
[1.983s] Level 1:colcon.colcon_core.environment:checking '/home/utec/humanoid_ws/install/unitree_go' for CMake config files
[1.983s] Level 1:colcon.colcon_core.shell:create_environment_hook('unitree_go', 'cmake_prefix_path')
[1.984s] INFO:colcon.colcon_core.shell:Creating environment hook '/home/utec/humanoid_ws/install/unitree_go/share/unitree_go/hook/cmake_prefix_path.ps1'
[1.984s] INFO:colcon.colcon_core.shell:Creating environment descriptor '/home/utec/humanoid_ws/install/unitree_go/share/unitree_go/hook/cmake_prefix_path.dsv'
[1.985s] INFO:colcon.colcon_core.shell:Creating environment hook '/home/utec/humanoid_ws/install/unitree_go/share/unitree_go/hook/cmake_prefix_path.sh'
[1.985s] Level 1:colcon.colcon_core.environment:checking '/home/utec/humanoid_ws/install/unitree_go/lib'
[1.985s] Level 1:colcon.colcon_core.shell:create_environment_hook('unitree_go', 'ld_library_path_lib')
[1.986s] INFO:colcon.colcon_core.shell:Creating environment hook '/home/utec/humanoid_ws/install/unitree_go/share/unitree_go/hook/ld_library_path_lib.ps1'
[1.986s] INFO:colcon.colcon_core.shell:Creating environment descriptor '/home/utec/humanoid_ws/install/unitree_go/share/unitree_go/hook/ld_library_path_lib.dsv'
[1.987s] INFO:colcon.colcon_core.shell:Creating environment hook '/home/utec/humanoid_ws/install/unitree_go/share/unitree_go/hook/ld_library_path_lib.sh'
[1.987s] Level 1:colcon.colcon_core.environment:checking '/home/utec/humanoid_ws/install/unitree_go/bin'
[1.987s] Level 1:colcon.colcon_core.environment:checking '/home/utec/humanoid_ws/install/unitree_go/lib/pkgconfig/unitree_go.pc'
[1.987s] Level 1:colcon.colcon_core.environment:checking '/home/utec/humanoid_ws/install/unitree_go/lib/python3.10/site-packages'
[1.988s] Level 1:colcon.colcon_core.environment:checking '/home/utec/humanoid_ws/install/unitree_go/bin'
[1.988s] INFO:colcon.colcon_core.shell:Creating package script '/home/utec/humanoid_ws/install/unitree_go/share/unitree_go/package.ps1'
[1.989s] INFO:colcon.colcon_core.shell:Creating package descriptor '/home/utec/humanoid_ws/install/unitree_go/share/unitree_go/package.dsv'
[1.989s] INFO:colcon.colcon_core.shell:Creating package script '/home/utec/humanoid_ws/install/unitree_go/share/unitree_go/package.sh'
[1.990s] INFO:colcon.colcon_core.shell:Creating package script '/home/utec/humanoid_ws/install/unitree_go/share/unitree_go/package.bash'
[1.990s] INFO:colcon.colcon_core.shell:Creating package script '/home/utec/humanoid_ws/install/unitree_go/share/unitree_go/package.zsh'
[1.990s] Level 1:colcon.colcon_core.environment:create_file_with_runtime_dependencies(/home/utec/humanoid_ws/install/unitree_go/share/colcon-core/packages/unitree_go)
[1.991s] Level 1:colcon.colcon_core.environment:create_environment_scripts_only(unitree_go)
[1.991s] Level 1:colcon.colcon_core.environment:checking '/home/utec/humanoid_ws/install/unitree_go' for CMake module files
[1.992s] Level 1:colcon.colcon_core.environment:checking '/home/utec/humanoid_ws/install/unitree_go' for CMake config files
[1.992s] Level 1:colcon.colcon_core.shell:create_environment_hook('unitree_go', 'cmake_prefix_path')
[1.992s] INFO:colcon.colcon_core.shell:Creating environment hook '/home/utec/humanoid_ws/install/unitree_go/share/unitree_go/hook/cmake_prefix_path.ps1'
[1.993s] INFO:colcon.colcon_core.shell:Creating environment descriptor '/home/utec/humanoid_ws/install/unitree_go/share/unitree_go/hook/cmake_prefix_path.dsv'
[1.993s] INFO:colcon.colcon_core.shell:Creating environment hook '/home/utec/humanoid_ws/install/unitree_go/share/unitree_go/hook/cmake_prefix_path.sh'
[1.994s] Level 1:colcon.colcon_core.environment:checking '/home/utec/humanoid_ws/install/unitree_go/lib'
[1.994s] Level 1:colcon.colcon_core.shell:create_environment_hook('unitree_go', 'ld_library_path_lib')
[1.994s] INFO:colcon.colcon_core.shell:Creating environment hook '/home/utec/humanoid_ws/install/unitree_go/share/unitree_go/hook/ld_library_path_lib.ps1'
[1.994s] INFO:colcon.colcon_core.shell:Creating environment descriptor '/home/utec/humanoid_ws/install/unitree_go/share/unitree_go/hook/ld_library_path_lib.dsv'
[1.995s] INFO:colcon.colcon_core.shell:Creating environment hook '/home/utec/humanoid_ws/install/unitree_go/share/unitree_go/hook/ld_library_path_lib.sh'
[1.995s] Level 1:colcon.colcon_core.environment:checking '/home/utec/humanoid_ws/install/unitree_go/bin'
[1.995s] Level 1:colcon.colcon_core.environment:checking '/home/utec/humanoid_ws/install/unitree_go/lib/pkgconfig/unitree_go.pc'
[1.995s] Level 1:colcon.colcon_core.environment:checking '/home/utec/humanoid_ws/install/unitree_go/lib/python3.10/site-packages'
[1.996s] Level 1:colcon.colcon_core.environment:checking '/home/utec/humanoid_ws/install/unitree_go/bin'
[1.996s] INFO:colcon.colcon_core.shell:Creating package script '/home/utec/humanoid_ws/install/unitree_go/share/unitree_go/package.ps1'
[1.996s] INFO:colcon.colcon_core.shell:Creating package descriptor '/home/utec/humanoid_ws/install/unitree_go/share/unitree_go/package.dsv'
[1.997s] INFO:colcon.colcon_core.shell:Creating package script '/home/utec/humanoid_ws/install/unitree_go/share/unitree_go/package.sh'
[1.997s] INFO:colcon.colcon_core.shell:Creating package script '/home/utec/humanoid_ws/install/unitree_go/share/unitree_go/package.bash'
[1.998s] INFO:colcon.colcon_core.shell:Creating package script '/home/utec/humanoid_ws/install/unitree_go/share/unitree_go/package.zsh'
[1.999s] Level 1:colcon.colcon_core.environment:create_file_with_runtime_dependencies(/home/utec/humanoid_ws/install/unitree_go/share/colcon-core/packages/unitree_go)
[1.999s] Level 1:colcon.colcon_core.environment:create_environment_scripts_only(unitree_api)
[1.999s] Level 1:colcon.colcon_core.environment:checking '/home/utec/humanoid_ws/install/unitree_api' for CMake module files
[2.001s] Level 1:colcon.colcon_core.environment:checking '/home/utec/humanoid_ws/install/unitree_api' for CMake config files
[2.001s] Level 1:colcon.colcon_core.shell:create_environment_hook('unitree_api', 'cmake_prefix_path')
[2.001s] INFO:colcon.colcon_core.shell:Creating environment hook '/home/utec/humanoid_ws/install/unitree_api/share/unitree_api/hook/cmake_prefix_path.ps1'
[2.002s] INFO:colcon.colcon_core.shell:Creating environment descriptor '/home/utec/humanoid_ws/install/unitree_api/share/unitree_api/hook/cmake_prefix_path.dsv'
[2.003s] INFO:colcon.colcon_core.shell:Creating environment hook '/home/utec/humanoid_ws/install/unitree_api/share/unitree_api/hook/cmake_prefix_path.sh'
[2.003s] Level 1:colcon.colcon_core.environment:checking '/home/utec/humanoid_ws/install/unitree_api/lib'
[2.004s] DEBUG:colcon.colcon_core.event_handler.log_command:Invoked command in '/home/utec/humanoid_ws/build/unitree_api' returned '0': CMAKE_PREFIX_PATH=${CMAKE_PREFIX_PATH}:/home/utec/humanoid_ws/install/pycodes_h1:/home/utec/humanoid_ws/install/h1_2_model:/home/utec/humanoid_ws/install/h1_2_algoritms:/opt/ros/humble /usr/bin/cmake --install /home/utec/humanoid_ws/build/unitree_api
[2.004s] Level 1:colcon.colcon_core.shell:create_environment_hook('unitree_api', 'ld_library_path_lib')
[2.005s] INFO:colcon.colcon_core.shell:Creating environment hook '/home/utec/humanoid_ws/install/unitree_api/share/unitree_api/hook/ld_library_path_lib.ps1'
[2.005s] INFO:colcon.colcon_core.shell:Creating environment descriptor '/home/utec/humanoid_ws/install/unitree_api/share/unitree_api/hook/ld_library_path_lib.dsv'
[2.006s] INFO:colcon.colcon_core.shell:Creating environment hook '/home/utec/humanoid_ws/install/unitree_api/share/unitree_api/hook/ld_library_path_lib.sh'
[2.006s] Level 1:colcon.colcon_core.environment:checking '/home/utec/humanoid_ws/install/unitree_api/bin'
[2.006s] Level 1:colcon.colcon_core.environment:checking '/home/utec/humanoid_ws/install/unitree_api/lib/pkgconfig/unitree_api.pc'
[2.006s] Level 1:colcon.colcon_core.environment:checking '/home/utec/humanoid_ws/install/unitree_api/lib/python3.10/site-packages'
[2.007s] Level 1:colcon.colcon_core.environment:checking '/home/utec/humanoid_ws/install/unitree_api/bin'
[2.007s] INFO:colcon.colcon_core.shell:Creating package script '/home/utec/humanoid_ws/install/unitree_api/share/unitree_api/package.ps1'
[2.008s] INFO:colcon.colcon_core.shell:Creating package descriptor '/home/utec/humanoid_ws/install/unitree_api/share/unitree_api/package.dsv'
[2.008s] INFO:colcon.colcon_core.shell:Creating package script '/home/utec/humanoid_ws/install/unitree_api/share/unitree_api/package.sh'
[2.009s] INFO:colcon.colcon_core.shell:Creating package script '/home/utec/humanoid_ws/install/unitree_api/share/unitree_api/package.bash'
[2.009s] INFO:colcon.colcon_core.shell:Creating package script '/home/utec/humanoid_ws/install/unitree_api/share/unitree_api/package.zsh'
[2.009s] Level 1:colcon.colcon_core.environment:create_file_with_runtime_dependencies(/home/utec/humanoid_ws/install/unitree_api/share/colcon-core/packages/unitree_api)
[2.010s] Level 1:colcon.colcon_core.environment:create_environment_scripts_only(unitree_api)
[2.010s] Level 1:colcon.colcon_core.environment:checking '/home/utec/humanoid_ws/install/unitree_api' for CMake module files
[2.011s] Level 1:colcon.colcon_core.environment:checking '/home/utec/humanoid_ws/install/unitree_api' for CMake config files
[2.011s] Level 1:colcon.colcon_core.shell:create_environment_hook('unitree_api', 'cmake_prefix_path')
[2.012s] INFO:colcon.colcon_core.shell:Creating environment hook '/home/utec/humanoid_ws/install/unitree_api/share/unitree_api/hook/cmake_prefix_path.ps1'
[2.012s] INFO:colcon.colcon_core.shell:Creating environment descriptor '/home/utec/humanoid_ws/install/unitree_api/share/unitree_api/hook/cmake_prefix_path.dsv'
[2.013s] INFO:colcon.colcon_core.shell:Creating environment hook '/home/utec/humanoid_ws/install/unitree_api/share/unitree_api/hook/cmake_prefix_path.sh'
[2.014s] Level 1:colcon.colcon_core.environment:checking '/home/utec/humanoid_ws/install/unitree_api/lib'
[2.014s] Level 1:colcon.colcon_core.shell:create_environment_hook('unitree_api', 'ld_library_path_lib')
[2.014s] INFO:colcon.colcon_core.shell:Creating environment hook '/home/utec/humanoid_ws/install/unitree_api/share/unitree_api/hook/ld_library_path_lib.ps1'
[2.015s] INFO:colcon.colcon_core.shell:Creating environment descriptor '/home/utec/humanoid_ws/install/unitree_api/share/unitree_api/hook/ld_library_path_lib.dsv'
[2.015s] INFO:colcon.colcon_core.shell:Creating environment hook '/home/utec/humanoid_ws/install/unitree_api/share/unitree_api/hook/ld_library_path_lib.sh'
[2.015s] Level 1:colcon.colcon_core.environment:checking '/home/utec/humanoid_ws/install/unitree_api/bin'
[2.016s] Level 1:colcon.colcon_core.environment:checking '/home/utec/humanoid_ws/install/unitree_api/lib/pkgconfig/unitree_api.pc'
[2.016s] Level 1:colcon.colcon_core.environment:checking '/home/utec/humanoid_ws/install/unitree_api/lib/python3.10/site-packages'
[2.016s] Level 1:colcon.colcon_core.environment:checking '/home/utec/humanoid_ws/install/unitree_api/bin'
[2.016s] INFO:colcon.colcon_core.shell:Creating package script '/home/utec/humanoid_ws/install/unitree_api/share/unitree_api/package.ps1'
[2.017s] INFO:colcon.colcon_core.shell:Creating package descriptor '/home/utec/humanoid_ws/install/unitree_api/share/unitree_api/package.dsv'
[2.017s] INFO:colcon.colcon_core.shell:Creating package script '/home/utec/humanoid_ws/install/unitree_api/share/unitree_api/package.sh'
[2.018s] INFO:colcon.colcon_core.shell:Creating package script '/home/utec/humanoid_ws/install/unitree_api/share/unitree_api/package.bash'
[2.018s] INFO:colcon.colcon_core.shell:Creating package script '/home/utec/humanoid_ws/install/unitree_api/share/unitree_api/package.zsh'
[2.019s] Level 1:colcon.colcon_core.environment:create_file_with_runtime_dependencies(/home/utec/humanoid_ws/install/unitree_api/share/colcon-core/packages/unitree_api)
[2.021s] INFO:colcon.colcon_ros.task.ament_cmake.build:Building ROS package in '/home/utec/humanoid_ws/src/unitree_ros2/example/src' with build type 'ament_cmake'
[2.021s] INFO:colcon.colcon_cmake.task.cmake.build:Building CMake package in '/home/utec/humanoid_ws/src/unitree_ros2/example/src'
[2.021s] INFO:colcon.colcon_core.shell:Skip shell extension 'powershell' for command environment: Not usable outside of PowerShell
[2.021s] DEBUG:colcon.colcon_core.shell:Skip shell extension 'dsv' for command environment
[2.030s] DEBUG:colcon.colcon_core.event_handler.log_command:Invoking command in '/home/utec/humanoid_ws/build/h1_2_interface': CMAKE_PREFIX_PATH=/home/utec/humanoid_ws/install/unitree_hg:/home/utec/humanoid_ws/install/unitree_ros2_example:/home/utec/humanoid_ws/install/h1_2_interface:/home/utec/humanoid_ws/install/unitree_go:/home/utec/humanoid_ws/install/unitree_api:/home/utec/humanoid_ws/install/h1_2_description:/home/utec/humanoid_ws/install/pycodes_h1:/home/utec/humanoid_ws/install/h1_2_model:/home/utec/humanoid_ws/install/h1_2_algoritms:/opt/ros/humble /usr/bin/cmake --build /home/utec/humanoid_ws/build/h1_2_interface -- -j8 -l8
[2.444s] INFO:colcon.colcon_core.task.python.build:Building Python package in '/home/utec/humanoid_ws/src/pycodes_h1'
[2.444s] INFO:colcon.colcon_core.shell:Skip shell extension 'powershell' for command environment: Not usable outside of PowerShell
[2.445s] DEBUG:colcon.colcon_core.shell:Skip shell extension 'dsv' for command environment
[2.451s] DEBUG:colcon.colcon_core.event_handler.log_command:Invoked command in '/home/utec/humanoid_ws/build/h1_2_interface' returned '0': CMAKE_PREFIX_PATH=/home/utec/humanoid_ws/install/unitree_hg:/home/utec/humanoid_ws/install/unitree_ros2_example:/home/utec/humanoid_ws/install/h1_2_interface:/home/utec/humanoid_ws/install/unitree_go:/home/utec/humanoid_ws/install/unitree_api:/home/utec/humanoid_ws/install/h1_2_description:/home/utec/humanoid_ws/install/pycodes_h1:/home/utec/humanoid_ws/install/h1_2_model:/home/utec/humanoid_ws/install/h1_2_algoritms:/opt/ros/humble /usr/bin/cmake --build /home/utec/humanoid_ws/build/h1_2_interface -- -j8 -l8
[2.455s] DEBUG:colcon.colcon_core.event_handler.log_command:Invoking command in '/home/utec/humanoid_ws/build/h1_2_interface': CMAKE_PREFIX_PATH=/home/utec/humanoid_ws/install/unitree_hg:/home/utec/humanoid_ws/install/unitree_ros2_example:/home/utec/humanoid_ws/install/h1_2_interface:/home/utec/humanoid_ws/install/unitree_go:/home/utec/humanoid_ws/install/unitree_api:/home/utec/humanoid_ws/install/h1_2_description:/home/utec/humanoid_ws/install/pycodes_h1:/home/utec/humanoid_ws/install/h1_2_model:/home/utec/humanoid_ws/install/h1_2_algoritms:/opt/ros/humble /usr/bin/cmake --install /home/utec/humanoid_ws/build/h1_2_interface
[2.460s] Level 1:colcon.colcon_core.environment:checking '/home/utec/humanoid_ws/install/h1_2_algoritms' for CMake module files
[2.461s] Level 1:colcon.colcon_core.environment:checking '/home/utec/humanoid_ws/install/h1_2_algoritms' for CMake config files
[2.462s] DEBUG:colcon.colcon_core.event_handler.log_command:Invoking command in '/home/utec/humanoid_ws/build/unitree_ros2_example': CMAKE_PREFIX_PATH=/home/utec/humanoid_ws/install/unitree_hg:/home/utec/humanoid_ws/install/unitree_go:/home/utec/humanoid_ws/install/unitree_api:/home/utec/humanoid_ws/install/unitree_ros2_example:/home/utec/humanoid_ws/install/h1_2_interface:/home/utec/humanoid_ws/install/h1_2_description:/home/utec/humanoid_ws/install/pycodes_h1:/home/utec/humanoid_ws/install/h1_2_model:/home/utec/humanoid_ws/install/h1_2_algoritms:/opt/ros/humble /usr/bin/cmake --build /home/utec/humanoid_ws/build/unitree_ros2_example -- -j8 -l8
[2.462s] Level 1:colcon.colcon_core.environment:checking '/home/utec/humanoid_ws/install/h1_2_algoritms/lib'
[2.462s] Level 1:colcon.colcon_core.environment:checking '/home/utec/humanoid_ws/install/h1_2_algoritms/bin'
[2.463s] Level 1:colcon.colcon_core.environment:checking '/home/utec/humanoid_ws/install/h1_2_algoritms/lib/pkgconfig/h1_2_algoritms.pc'
[2.463s] Level 1:colcon.colcon_core.environment:checking '/home/utec/humanoid_ws/install/h1_2_algoritms/lib/python3.10/site-packages'
[2.463s] Level 1:colcon.colcon_core.shell:create_environment_hook('h1_2_algoritms', 'pythonpath')
[2.464s] INFO:colcon.colcon_core.shell:Creating environment hook '/home/utec/humanoid_ws/install/h1_2_algoritms/share/h1_2_algoritms/hook/pythonpath.ps1'
[2.465s] DEBUG:colcon.colcon_core.event_handler.log_command:Invoking command in '/home/utec/humanoid_ws/src/h1_2_utec/h1_2_model': CMAKE_PREFIX_PATH=/home/utec/humanoid_ws/install/h1_2_description:/home/utec/humanoid_ws/install/unitree_ros2_example:/home/utec/humanoid_ws/install/h1_2_interface:/home/utec/humanoid_ws/install/unitree_hg:/home/utec/humanoid_ws/install/unitree_go:/home/utec/humanoid_ws/install/unitree_api PYTHONPATH=/home/utec/humanoid_ws/build/h1_2_model/prefix_override:/usr/lib/python3/dist-packages/colcon_core/task/python/colcon_distutils_commands:/home/utec/humanoid_ws/install/h1_2_model/lib/python3.10/site-packages:${PYTHONPATH} /usr/bin/python3 -W ignore:setup.py install is deprecated -W ignore:easy_install command is deprecated setup.py egg_info --egg-base ../../../build/h1_2_model build --build-base /home/utec/humanoid_ws/build/h1_2_model/build install --record /home/utec/humanoid_ws/build/h1_2_model/install.log --single-version-externally-managed install_data
[2.465s] INFO:colcon.colcon_core.shell:Creating environment descriptor '/home/utec/humanoid_ws/install/h1_2_algoritms/share/h1_2_algoritms/hook/pythonpath.dsv'
[2.466s] DEBUG:colcon.colcon_core.event_handler.log_command:Invoked command in '/home/utec/humanoid_ws/src/h1_2_algoritms' returned '0': PYTHONPATH=/home/utec/humanoid_ws/build/h1_2_algoritms/prefix_override:/usr/lib/python3/dist-packages/colcon_core/task/python/colcon_distutils_commands:/home/utec/humanoid_ws/install/h1_2_algoritms/lib/python3.10/site-packages:${PYTHONPATH} /usr/bin/python3 -W ignore:setup.py install is deprecated -W ignore:easy_install command is deprecated setup.py egg_info --egg-base ../../build/h1_2_algoritms build --build-base /home/utec/humanoid_ws/build/h1_2_algoritms/build install --record /home/utec/humanoid_ws/build/h1_2_algoritms/install.log --single-version-externally-managed install_data
[2.467s] INFO:colcon.colcon_core.shell:Creating environment hook '/home/utec/humanoid_ws/install/h1_2_algoritms/share/h1_2_algoritms/hook/pythonpath.sh'
[2.467s] Level 1:colcon.colcon_core.environment:checking '/home/utec/humanoid_ws/install/h1_2_algoritms/bin'
[2.467s] Level 1:colcon.colcon_core.environment:create_environment_scripts_only(h1_2_algoritms)
[2.468s] INFO:colcon.colcon_core.shell:Creating package script '/home/utec/humanoid_ws/install/h1_2_algoritms/share/h1_2_algoritms/package.ps1'
[2.469s] INFO:colcon.colcon_core.shell:Creating package descriptor '/home/utec/humanoid_ws/install/h1_2_algoritms/share/h1_2_algoritms/package.dsv'
[2.469s] INFO:colcon.colcon_core.shell:Creating package script '/home/utec/humanoid_ws/install/h1_2_algoritms/share/h1_2_algoritms/package.sh'
[2.470s] INFO:colcon.colcon_core.shell:Creating package script '/home/utec/humanoid_ws/install/h1_2_algoritms/share/h1_2_algoritms/package.bash'
[2.470s] INFO:colcon.colcon_core.shell:Creating package script '/home/utec/humanoid_ws/install/h1_2_algoritms/share/h1_2_algoritms/package.zsh'
[2.471s] Level 1:colcon.colcon_core.environment:create_file_with_runtime_dependencies(/home/utec/humanoid_ws/install/h1_2_algoritms/share/colcon-core/packages/h1_2_algoritms)
[2.477s] Level 1:colcon.colcon_core.environment:create_environment_scripts_only(h1_2_interface)
[2.480s] Level 1:colcon.colcon_core.environment:checking '/home/utec/humanoid_ws/install/h1_2_interface' for CMake module files
[2.478s] DEBUG:colcon.colcon_core.event_handler.log_command:Invoked command in '/home/utec/humanoid_ws/build/h1_2_interface' returned '0': CMAKE_PREFIX_PATH=/home/utec/humanoid_ws/install/unitree_hg:/home/utec/humanoid_ws/install/unitree_ros2_example:/home/utec/humanoid_ws/install/h1_2_interface:/home/utec/humanoid_ws/install/unitree_go:/home/utec/humanoid_ws/install/unitree_api:/home/utec/humanoid_ws/install/h1_2_description:/home/utec/humanoid_ws/install/pycodes_h1:/home/utec/humanoid_ws/install/h1_2_model:/home/utec/humanoid_ws/install/h1_2_algoritms:/opt/ros/humble /usr/bin/cmake --install /home/utec/humanoid_ws/build/h1_2_interface
[2.484s] Level 1:colcon.colcon_core.environment:checking '/home/utec/humanoid_ws/install/h1_2_interface' for CMake config files
[2.484s] Level 1:colcon.colcon_core.shell:create_environment_hook('h1_2_interface', 'cmake_prefix_path')
[2.485s] INFO:colcon.colcon_core.shell:Creating environment hook '/home/utec/humanoid_ws/install/h1_2_interface/share/h1_2_interface/hook/cmake_prefix_path.ps1'
[2.485s] INFO:colcon.colcon_core.shell:Creating environment descriptor '/home/utec/humanoid_ws/install/h1_2_interface/share/h1_2_interface/hook/cmake_prefix_path.dsv'
[2.491s] INFO:colcon.colcon_core.shell:Creating environment hook '/home/utec/humanoid_ws/install/h1_2_interface/share/h1_2_interface/hook/cmake_prefix_path.sh'
[2.493s] Level 1:colcon.colcon_core.environment:checking '/home/utec/humanoid_ws/install/h1_2_interface/lib'
[2.493s] Level 1:colcon.colcon_core.environment:checking '/home/utec/humanoid_ws/install/h1_2_interface/bin'
[2.495s] Level 1:colcon.colcon_core.environment:checking '/home/utec/humanoid_ws/install/h1_2_interface/lib/pkgconfig/h1_2_interface.pc'
[2.495s] Level 1:colcon.colcon_core.environment:checking '/home/utec/humanoid_ws/install/h1_2_interface/lib/python3.10/site-packages'
[2.496s] Level 1:colcon.colcon_core.environment:checking '/home/utec/humanoid_ws/install/h1_2_interface/bin'
[2.497s] INFO:colcon.colcon_core.shell:Creating package script '/home/utec/humanoid_ws/install/h1_2_interface/share/h1_2_interface/package.ps1'
[2.497s] INFO:colcon.colcon_core.shell:Creating package descriptor '/home/utec/humanoid_ws/install/h1_2_interface/share/h1_2_interface/package.dsv'
[2.498s] INFO:colcon.colcon_core.shell:Creating package script '/home/utec/humanoid_ws/install/h1_2_interface/share/h1_2_interface/package.sh'
[2.499s] INFO:colcon.colcon_core.shell:Creating package script '/home/utec/humanoid_ws/install/h1_2_interface/share/h1_2_interface/package.bash'
[2.499s] INFO:colcon.colcon_core.shell:Creating package script '/home/utec/humanoid_ws/install/h1_2_interface/share/h1_2_interface/package.zsh'
[2.500s] Level 1:colcon.colcon_core.environment:create_file_with_runtime_dependencies(/home/utec/humanoid_ws/install/h1_2_interface/share/colcon-core/packages/h1_2_interface)
[2.500s] Level 1:colcon.colcon_core.environment:create_environment_scripts_only(h1_2_interface)
[2.501s] Level 1:colcon.colcon_core.environment:checking '/home/utec/humanoid_ws/install/h1_2_interface' for CMake module files
[2.501s] Level 1:colcon.colcon_core.environment:checking '/home/utec/humanoid_ws/install/h1_2_interface' for CMake config files
[2.502s] Level 1:colcon.colcon_core.shell:create_environment_hook('h1_2_interface', 'cmake_prefix_path')
[2.502s] INFO:colcon.colcon_core.shell:Creating environment hook '/home/utec/humanoid_ws/install/h1_2_interface/share/h1_2_interface/hook/cmake_prefix_path.ps1'
[2.503s] INFO:colcon.colcon_core.shell:Creating environment descriptor '/home/utec/humanoid_ws/install/h1_2_interface/share/h1_2_interface/hook/cmake_prefix_path.dsv'
[2.504s] INFO:colcon.colcon_core.shell:Creating environment hook '/home/utec/humanoid_ws/install/h1_2_interface/share/h1_2_interface/hook/cmake_prefix_path.sh'
[2.504s] Level 1:colcon.colcon_core.environment:checking '/home/utec/humanoid_ws/install/h1_2_interface/lib'
[2.505s] Level 1:colcon.colcon_core.environment:checking '/home/utec/humanoid_ws/install/h1_2_interface/bin'
[2.505s] Level 1:colcon.colcon_core.environment:checking '/home/utec/humanoid_ws/install/h1_2_interface/lib/pkgconfig/h1_2_interface.pc'
[2.506s] Level 1:colcon.colcon_core.environment:checking '/home/utec/humanoid_ws/install/h1_2_interface/lib/python3.10/site-packages'
[2.506s] Level 1:colcon.colcon_core.environment:checking '/home/utec/humanoid_ws/install/h1_2_interface/bin'
[2.507s] INFO:colcon.colcon_core.shell:Creating package script '/home/utec/humanoid_ws/install/h1_2_interface/share/h1_2_interface/package.ps1'
[2.512s] INFO:colcon.colcon_core.shell:Creating package descriptor '/home/utec/humanoid_ws/install/h1_2_interface/share/h1_2_interface/package.dsv'
[2.514s] INFO:colcon.colcon_core.shell:Creating package script '/home/utec/humanoid_ws/install/h1_2_interface/share/h1_2_interface/package.sh'
[2.516s] INFO:colcon.colcon_core.shell:Creating package script '/home/utec/humanoid_ws/install/h1_2_interface/share/h1_2_interface/package.bash'
[2.525s] INFO:colcon.colcon_core.shell:Creating package script '/home/utec/humanoid_ws/install/h1_2_interface/share/h1_2_interface/package.zsh'
[2.529s] Level 1:colcon.colcon_core.environment:create_file_with_runtime_dependencies(/home/utec/humanoid_ws/install/h1_2_interface/share/colcon-core/packages/h1_2_interface)
[2.824s] DEBUG:colcon.colcon_core.event_handler.log_command:Invoked command in '/home/utec/humanoid_ws/build/unitree_ros2_example' returned '0': CMAKE_PREFIX_PATH=/home/utec/humanoid_ws/install/unitree_hg:/home/utec/humanoid_ws/install/unitree_go:/home/utec/humanoid_ws/install/unitree_api:/home/utec/humanoid_ws/install/unitree_ros2_example:/home/utec/humanoid_ws/install/h1_2_interface:/home/utec/humanoid_ws/install/h1_2_description:/home/utec/humanoid_ws/install/pycodes_h1:/home/utec/humanoid_ws/install/h1_2_model:/home/utec/humanoid_ws/install/h1_2_algoritms:/opt/ros/humble /usr/bin/cmake --build /home/utec/humanoid_ws/build/unitree_ros2_example -- -j8 -l8
[2.826s] DEBUG:colcon.colcon_core.event_handler.log_command:Invoking command in '/home/utec/humanoid_ws/build/unitree_ros2_example': CMAKE_PREFIX_PATH=/home/utec/humanoid_ws/install/unitree_hg:/home/utec/humanoid_ws/install/unitree_go:/home/utec/humanoid_ws/install/unitree_api:/home/utec/humanoid_ws/install/unitree_ros2_example:/home/utec/humanoid_ws/install/h1_2_interface:/home/utec/humanoid_ws/install/h1_2_description:/home/utec/humanoid_ws/install/pycodes_h1:/home/utec/humanoid_ws/install/h1_2_model:/home/utec/humanoid_ws/install/h1_2_algoritms:/opt/ros/humble /usr/bin/cmake --install /home/utec/humanoid_ws/build/unitree_ros2_example
[2.848s] Level 1:colcon.colcon_core.environment:create_environment_scripts_only(unitree_ros2_example)
[2.848s] Level 1:colcon.colcon_core.environment:checking '/home/utec/humanoid_ws/install/unitree_ros2_example' for CMake module files
[2.849s] Level 1:colcon.colcon_core.environment:checking '/home/utec/humanoid_ws/install/unitree_ros2_example' for CMake config files
[2.849s] Level 1:colcon.colcon_core.shell:create_environment_hook('unitree_ros2_example', 'cmake_prefix_path')
[2.850s] INFO:colcon.colcon_core.shell:Creating environment hook '/home/utec/humanoid_ws/install/unitree_ros2_example/share/unitree_ros2_example/hook/cmake_prefix_path.ps1'
[2.850s] INFO:colcon.colcon_core.shell:Creating environment descriptor '/home/utec/humanoid_ws/install/unitree_ros2_example/share/unitree_ros2_example/hook/cmake_prefix_path.dsv'
[2.851s] DEBUG:colcon.colcon_core.event_handler.log_command:Invoked command in '/home/utec/humanoid_ws/build/unitree_ros2_example' returned '0': CMAKE_PREFIX_PATH=/home/utec/humanoid_ws/install/unitree_hg:/home/utec/humanoid_ws/install/unitree_go:/home/utec/humanoid_ws/install/unitree_api:/home/utec/humanoid_ws/install/unitree_ros2_example:/home/utec/humanoid_ws/install/h1_2_interface:/home/utec/humanoid_ws/install/h1_2_description:/home/utec/humanoid_ws/install/pycodes_h1:/home/utec/humanoid_ws/install/h1_2_model:/home/utec/humanoid_ws/install/h1_2_algoritms:/opt/ros/humble /usr/bin/cmake --install /home/utec/humanoid_ws/build/unitree_ros2_example
[2.852s] INFO:colcon.colcon_core.shell:Creating environment hook '/home/utec/humanoid_ws/install/unitree_ros2_example/share/unitree_ros2_example/hook/cmake_prefix_path.sh'
[2.853s] Level 1:colcon.colcon_core.environment:checking '/home/utec/humanoid_ws/install/unitree_ros2_example/lib'
[2.853s] Level 1:colcon.colcon_core.environment:checking '/home/utec/humanoid_ws/install/unitree_ros2_example/bin'
[2.853s] Level 1:colcon.colcon_core.shell:create_environment_hook('unitree_ros2_example', 'path')
[2.854s] INFO:colcon.colcon_core.shell:Creating environment hook '/home/utec/humanoid_ws/install/unitree_ros2_example/share/unitree_ros2_example/hook/path.ps1'
[2.854s] INFO:colcon.colcon_core.shell:Creating environment descriptor '/home/utec/humanoid_ws/install/unitree_ros2_example/share/unitree_ros2_example/hook/path.dsv'
[2.855s] INFO:colcon.colcon_core.shell:Creating environment hook '/home/utec/humanoid_ws/install/unitree_ros2_example/share/unitree_ros2_example/hook/path.sh'
[2.855s] Level 1:colcon.colcon_core.environment:checking '/home/utec/humanoid_ws/install/unitree_ros2_example/lib/pkgconfig/unitree_ros2_example.pc'
[2.856s] Level 1:colcon.colcon_core.environment:checking '/home/utec/humanoid_ws/install/unitree_ros2_example/lib/python3.10/site-packages'
[2.856s] Level 1:colcon.colcon_core.environment:checking '/home/utec/humanoid_ws/install/unitree_ros2_example/bin'
[2.857s] Level 1:colcon.colcon_core.shell:create_environment_hook('unitree_ros2_example', 'pythonscriptspath')
[2.857s] INFO:colcon.colcon_core.shell:Creating environment hook '/home/utec/humanoid_ws/install/unitree_ros2_example/share/unitree_ros2_example/hook/pythonscriptspath.ps1'
[2.858s] INFO:colcon.colcon_core.shell:Creating environment descriptor '/home/utec/humanoid_ws/install/unitree_ros2_example/share/unitree_ros2_example/hook/pythonscriptspath.dsv'
[2.858s] INFO:colcon.colcon_core.shell:Creating environment hook '/home/utec/humanoid_ws/install/unitree_ros2_example/share/unitree_ros2_example/hook/pythonscriptspath.sh'
[2.859s] INFO:colcon.colcon_core.shell:Creating package script '/home/utec/humanoid_ws/install/unitree_ros2_example/share/unitree_ros2_example/package.ps1'
[2.860s] INFO:colcon.colcon_core.shell:Creating package descriptor '/home/utec/humanoid_ws/install/unitree_ros2_example/share/unitree_ros2_example/package.dsv'
[2.861s] INFO:colcon.colcon_core.shell:Creating package script '/home/utec/humanoid_ws/install/unitree_ros2_example/share/unitree_ros2_example/package.sh'
[2.862s] INFO:colcon.colcon_core.shell:Creating package script '/home/utec/humanoid_ws/install/unitree_ros2_example/share/unitree_ros2_example/package.bash'
[2.862s] INFO:colcon.colcon_core.shell:Creating package script '/home/utec/humanoid_ws/install/unitree_ros2_example/share/unitree_ros2_example/package.zsh'
[2.863s] Level 1:colcon.colcon_core.environment:create_file_with_runtime_dependencies(/home/utec/humanoid_ws/install/unitree_ros2_example/share/colcon-core/packages/unitree_ros2_example)
[2.863s] Level 1:colcon.colcon_core.environment:create_environment_scripts_only(unitree_ros2_example)
[2.864s] Level 1:colcon.colcon_core.environment:checking '/home/utec/humanoid_ws/install/unitree_ros2_example' for CMake module files
[2.865s] Level 1:colcon.colcon_core.environment:checking '/home/utec/humanoid_ws/install/unitree_ros2_example' for CMake config files
[2.865s] Level 1:colcon.colcon_core.shell:create_environment_hook('unitree_ros2_example', 'cmake_prefix_path')
[2.865s] INFO:colcon.colcon_core.shell:Creating environment hook '/home/utec/humanoid_ws/install/unitree_ros2_example/share/unitree_ros2_example/hook/cmake_prefix_path.ps1'
[2.866s] INFO:colcon.colcon_core.shell:Creating environment descriptor '/home/utec/humanoid_ws/install/unitree_ros2_example/share/unitree_ros2_example/hook/cmake_prefix_path.dsv'
[2.866s] INFO:colcon.colcon_core.shell:Creating environment hook '/home/utec/humanoid_ws/install/unitree_ros2_example/share/unitree_ros2_example/hook/cmake_prefix_path.sh'
[2.867s] Level 1:colcon.colcon_core.environment:checking '/home/utec/humanoid_ws/install/unitree_ros2_example/lib'
[2.867s] Level 1:colcon.colcon_core.environment:checking '/home/utec/humanoid_ws/install/unitree_ros2_example/bin'
[2.868s] Level 1:colcon.colcon_core.shell:create_environment_hook('unitree_ros2_example', 'path')
[2.868s] INFO:colcon.colcon_core.shell:Creating environment hook '/home/utec/humanoid_ws/install/unitree_ros2_example/share/unitree_ros2_example/hook/path.ps1'
[2.869s] INFO:colcon.colcon_core.shell:Creating environment descriptor '/home/utec/humanoid_ws/install/unitree_ros2_example/share/unitree_ros2_example/hook/path.dsv'
[2.869s] INFO:colcon.colcon_core.shell:Creating environment hook '/home/utec/humanoid_ws/install/unitree_ros2_example/share/unitree_ros2_example/hook/path.sh'
[2.871s] Level 1:colcon.colcon_core.environment:checking '/home/utec/humanoid_ws/install/unitree_ros2_example/lib/pkgconfig/unitree_ros2_example.pc'
[2.871s] Level 1:colcon.colcon_core.environment:checking '/home/utec/humanoid_ws/install/unitree_ros2_example/lib/python3.10/site-packages'
[2.872s] Level 1:colcon.colcon_core.environment:checking '/home/utec/humanoid_ws/install/unitree_ros2_example/bin'
[2.872s] Level 1:colcon.colcon_core.shell:create_environment_hook('unitree_ros2_example', 'pythonscriptspath')
[2.873s] INFO:colcon.colcon_core.shell:Creating environment hook '/home/utec/humanoid_ws/install/unitree_ros2_example/share/unitree_ros2_example/hook/pythonscriptspath.ps1'
[2.874s] INFO:colcon.colcon_core.shell:Creating environment descriptor '/home/utec/humanoid_ws/install/unitree_ros2_example/share/unitree_ros2_example/hook/pythonscriptspath.dsv'
[2.874s] INFO:colcon.colcon_core.shell:Creating environment hook '/home/utec/humanoid_ws/install/unitree_ros2_example/share/unitree_ros2_example/hook/pythonscriptspath.sh'
[2.876s] INFO:colcon.colcon_core.shell:Creating package script '/home/utec/humanoid_ws/install/unitree_ros2_example/share/unitree_ros2_example/package.ps1'
[2.877s] INFO:colcon.colcon_core.shell:Creating package descriptor '/home/utec/humanoid_ws/install/unitree_ros2_example/share/unitree_ros2_example/package.dsv'
[2.878s] INFO:colcon.colcon_core.shell:Creating package script '/home/utec/humanoid_ws/install/unitree_ros2_example/share/unitree_ros2_example/package.sh'
[2.879s] INFO:colcon.colcon_core.shell:Creating package script '/home/utec/humanoid_ws/install/unitree_ros2_example/share/unitree_ros2_example/package.bash'
[2.880s] INFO:colcon.colcon_core.shell:Creating package script '/home/utec/humanoid_ws/install/unitree_ros2_example/share/unitree_ros2_example/package.zsh'
[2.880s] Level 1:colcon.colcon_core.environment:create_file_with_runtime_dependencies(/home/utec/humanoid_ws/install/unitree_ros2_example/share/colcon-core/packages/unitree_ros2_example)
[3.039s] Level 1:colcon.colcon_core.environment:checking '/home/utec/humanoid_ws/install/h1_2_model' for CMake module files
[3.040s] DEBUG:colcon.colcon_core.event_handler.log_command:Invoked command in '/home/utec/humanoid_ws/src/h1_2_utec/h1_2_model' returned '0': CMAKE_PREFIX_PATH=/home/utec/humanoid_ws/install/h1_2_description:/home/utec/humanoid_ws/install/unitree_ros2_example:/home/utec/humanoid_ws/install/h1_2_interface:/home/utec/humanoid_ws/install/unitree_hg:/home/utec/humanoid_ws/install/unitree_go:/home/utec/humanoid_ws/install/unitree_api PYTHONPATH=/home/utec/humanoid_ws/build/h1_2_model/prefix_override:/usr/lib/python3/dist-packages/colcon_core/task/python/colcon_distutils_commands:/home/utec/humanoid_ws/install/h1_2_model/lib/python3.10/site-packages:${PYTHONPATH} /usr/bin/python3 -W ignore:setup.py install is deprecated -W ignore:easy_install command is deprecated setup.py egg_info --egg-base ../../../build/h1_2_model build --build-base /home/utec/humanoid_ws/build/h1_2_model/build install --record /home/utec/humanoid_ws/build/h1_2_model/install.log --single-version-externally-managed install_data
[3.040s] Level 1:colcon.colcon_core.environment:checking '/home/utec/humanoid_ws/install/h1_2_model' for CMake config files
[3.041s] Level 1:colcon.colcon_core.environment:checking '/home/utec/humanoid_ws/install/h1_2_model/lib'
[3.041s] Level 1:colcon.colcon_core.environment:checking '/home/utec/humanoid_ws/install/h1_2_model/bin'
[3.041s] Level 1:colcon.colcon_core.environment:checking '/home/utec/humanoid_ws/install/h1_2_model/lib/pkgconfig/h1_2_model.pc'
[3.041s] Level 1:colcon.colcon_core.environment:checking '/home/utec/humanoid_ws/install/h1_2_model/lib/python3.10/site-packages'
[3.041s] Level 1:colcon.colcon_core.shell:create_environment_hook('h1_2_model', 'pythonpath')
[3.041s] INFO:colcon.colcon_core.shell:Creating environment hook '/home/utec/humanoid_ws/install/h1_2_model/share/h1_2_model/hook/pythonpath.ps1'
[3.042s] INFO:colcon.colcon_core.shell:Creating environment descriptor '/home/utec/humanoid_ws/install/h1_2_model/share/h1_2_model/hook/pythonpath.dsv'
[3.042s] INFO:colcon.colcon_core.shell:Creating environment hook '/home/utec/humanoid_ws/install/h1_2_model/share/h1_2_model/hook/pythonpath.sh'
[3.043s] Level 1:colcon.colcon_core.environment:checking '/home/utec/humanoid_ws/install/h1_2_model/bin'
[3.043s] Level 1:colcon.colcon_core.environment:create_environment_scripts_only(h1_2_model)
[3.044s] INFO:colcon.colcon_core.shell:Creating package script '/home/utec/humanoid_ws/install/h1_2_model/share/h1_2_model/package.ps1'
[3.044s] INFO:colcon.colcon_core.shell:Creating package descriptor '/home/utec/humanoid_ws/install/h1_2_model/share/h1_2_model/package.dsv'
[3.045s] INFO:colcon.colcon_core.shell:Creating package script '/home/utec/humanoid_ws/install/h1_2_model/share/h1_2_model/package.sh'
[3.045s] INFO:colcon.colcon_core.shell:Creating package script '/home/utec/humanoid_ws/install/h1_2_model/share/h1_2_model/package.bash'
[3.046s] INFO:colcon.colcon_core.shell:Creating package script '/home/utec/humanoid_ws/install/h1_2_model/share/h1_2_model/package.zsh'
[3.046s] Level 1:colcon.colcon_core.environment:create_file_with_runtime_dependencies(/home/utec/humanoid_ws/install/h1_2_model/share/colcon-core/packages/h1_2_model)
[3.144s] DEBUG:colcon.colcon_core.event_handler.log_command:Invoking command in '/home/utec/humanoid_ws/src/pycodes_h1': CMAKE_PREFIX_PATH=/home/utec/humanoid_ws/install/unitree_hg:/home/utec/humanoid_ws/install/unitree_ros2_example:/home/utec/humanoid_ws/install/h1_2_interface:/home/utec/humanoid_ws/install/unitree_go:/home/utec/humanoid_ws/install/unitree_api:/home/utec/humanoid_ws/install/h1_2_description PYTHONPATH=/home/utec/humanoid_ws/build/pycodes_h1/prefix_override:/usr/lib/python3/dist-packages/colcon_core/task/python/colcon_distutils_commands:/home/utec/humanoid_ws/install/pycodes_h1/lib/python3.10/site-packages:${PYTHONPATH} /usr/bin/python3 -W ignore:setup.py install is deprecated -W ignore:easy_install command is deprecated setup.py egg_info --egg-base ../../build/pycodes_h1 build --build-base /home/utec/humanoid_ws/build/pycodes_h1/build install --record /home/utec/humanoid_ws/build/pycodes_h1/install.log --single-version-externally-managed install_data
[3.590s] Level 1:colcon.colcon_core.environment:checking '/home/utec/humanoid_ws/install/pycodes_h1' for CMake module files
[3.590s] DEBUG:colcon.colcon_core.event_handler.log_command:Invoked command in '/home/utec/humanoid_ws/src/pycodes_h1' returned '0': CMAKE_PREFIX_PATH=/home/utec/humanoid_ws/install/unitree_hg:/home/utec/humanoid_ws/install/unitree_ros2_example:/home/utec/humanoid_ws/install/h1_2_interface:/home/utec/humanoid_ws/install/unitree_go:/home/utec/humanoid_ws/install/unitree_api:/home/utec/humanoid_ws/install/h1_2_description PYTHONPATH=/home/utec/humanoid_ws/build/pycodes_h1/prefix_override:/usr/lib/python3/dist-packages/colcon_core/task/python/colcon_distutils_commands:/home/utec/humanoid_ws/install/pycodes_h1/lib/python3.10/site-packages:${PYTHONPATH} /usr/bin/python3 -W ignore:setup.py install is deprecated -W ignore:easy_install command is deprecated setup.py egg_info --egg-base ../../build/pycodes_h1 build --build-base /home/utec/humanoid_ws/build/pycodes_h1/build install --record /home/utec/humanoid_ws/build/pycodes_h1/install.log --single-version-externally-managed install_data
[3.590s] Level 1:colcon.colcon_core.environment:checking '/home/utec/humanoid_ws/install/pycodes_h1' for CMake config files
[3.591s] Level 1:colcon.colcon_core.environment:checking '/home/utec/humanoid_ws/install/pycodes_h1/lib'
[3.591s] Level 1:colcon.colcon_core.environment:checking '/home/utec/humanoid_ws/install/pycodes_h1/bin'
[3.591s] Level 1:colcon.colcon_core.environment:checking '/home/utec/humanoid_ws/install/pycodes_h1/lib/pkgconfig/pycodes_h1.pc'
[3.591s] Level 1:colcon.colcon_core.environment:checking '/home/utec/humanoid_ws/install/pycodes_h1/lib/python3.10/site-packages'
[3.591s] Level 1:colcon.colcon_core.shell:create_environment_hook('pycodes_h1', 'pythonpath')
[3.592s] INFO:colcon.colcon_core.shell:Creating environment hook '/home/utec/humanoid_ws/install/pycodes_h1/share/pycodes_h1/hook/pythonpath.ps1'
[3.592s] INFO:colcon.colcon_core.shell:Creating environment descriptor '/home/utec/humanoid_ws/install/pycodes_h1/share/pycodes_h1/hook/pythonpath.dsv'
[3.592s] INFO:colcon.colcon_core.shell:Creating environment hook '/home/utec/humanoid_ws/install/pycodes_h1/share/pycodes_h1/hook/pythonpath.sh'
[3.593s] Level 1:colcon.colcon_core.environment:checking '/home/utec/humanoid_ws/install/pycodes_h1/bin'
[3.593s] Level 1:colcon.colcon_core.environment:create_environment_scripts_only(pycodes_h1)
[3.594s] INFO:colcon.colcon_core.shell:Creating package script '/home/utec/humanoid_ws/install/pycodes_h1/share/pycodes_h1/package.ps1'
[3.594s] INFO:colcon.colcon_core.shell:Creating package descriptor '/home/utec/humanoid_ws/install/pycodes_h1/share/pycodes_h1/package.dsv'
[3.594s] INFO:colcon.colcon_core.shell:Creating package script '/home/utec/humanoid_ws/install/pycodes_h1/share/pycodes_h1/package.sh'
[3.595s] INFO:colcon.colcon_core.shell:Creating package script '/home/utec/humanoid_ws/install/pycodes_h1/share/pycodes_h1/package.bash'
[3.595s] INFO:colcon.colcon_core.shell:Creating package script '/home/utec/humanoid_ws/install/pycodes_h1/share/pycodes_h1/package.zsh'
[3.595s] Level 1:colcon.colcon_core.environment:create_file_with_runtime_dependencies(/home/utec/humanoid_ws/install/pycodes_h1/share/colcon-core/packages/pycodes_h1)
[3.596s] DEBUG:colcon.colcon_parallel_executor.executor.parallel:closing loop
[3.596s] DEBUG:colcon.colcon_parallel_executor.executor.parallel:loop closed
[3.596s] DEBUG:colcon.colcon_parallel_executor.executor.parallel:run_until_complete finished with '0'
[3.597s] DEBUG:colcon.colcon_core.event_reactor:joining thread
[3.604s] INFO:colcon.colcon_core.plugin_system:Skipping extension 'colcon_notification.desktop_notification.terminal_notifier': Not used on non-Darwin systems
[3.604s] INFO:colcon.colcon_core.plugin_system:Skipping extension 'colcon_notification.desktop_notification.win32': Not used on non-Windows systems
[3.605s] INFO:colcon.colcon_notification.desktop_notification:Sending desktop notification using 'notify2'
[3.619s] DEBUG:colcon.colcon_core.event_reactor:joined thread
[3.619s] INFO:colcon.colcon_core.shell:Creating prefix script '/home/utec/humanoid_ws/install/local_setup.ps1'
[3.621s] INFO:colcon.colcon_core.shell:Creating prefix util module '/home/utec/humanoid_ws/install/_local_setup_util_ps1.py'
[3.622s] INFO:colcon.colcon_core.shell:Creating prefix chain script '/home/utec/humanoid_ws/install/setup.ps1'
[3.624s] INFO:colcon.colcon_core.shell:Creating prefix script '/home/utec/humanoid_ws/install/local_setup.sh'
[3.625s] INFO:colcon.colcon_core.shell:Creating prefix util module '/home/utec/humanoid_ws/install/_local_setup_util_sh.py'
[3.625s] INFO:colcon.colcon_core.shell:Creating prefix chain script '/home/utec/humanoid_ws/install/setup.sh'
[3.626s] INFO:colcon.colcon_core.shell:Creating prefix script '/home/utec/humanoid_ws/install/local_setup.bash'
[3.627s] INFO:colcon.colcon_core.shell:Creating prefix chain script '/home/utec/humanoid_ws/install/setup.bash'
[3.628s] INFO:colcon.colcon_core.shell:Creating prefix script '/home/utec/humanoid_ws/install/local_setup.zsh'
[3.628s] INFO:colcon.colcon_core.shell:Creating prefix chain script '/home/utec/humanoid_ws/install/setup.zsh'
