[0.085s] DEBUG:colcon:Command line arguments: ['/usr/bin/colcon', 'build']
[0.085s] DEBUG:colcon:Parsed command line arguments: Namespace(log_base=None, log_level=None, verb_name='build', build_base='build', install_base='install', merge_install=False, symlink_install=False, test_result_base=None, continue_on_error=False, executor='parallel', parallel_workers=8, event_handlers=None, ignore_user_meta=False, metas=['./colcon.meta'], base_paths=['.'], packages_ignore=None, packages_ignore_regex=None, paths=None, packages_up_to=None, packages_up_to_regex=None, packages_above=None, packages_above_and_dependencies=None, packages_above_depth=None, packages_select_by_dep=None, packages_skip_by_dep=None, packages_skip_up_to=None, packages_select_build_failed=False, packages_skip_build_finished=False, packages_select_test_failures=False, packages_skip_test_passed=False, packages_select=None, packages_skip=None, packages_select_regex=None, packages_skip_regex=None, packages_start=None, packages_end=None, allow_overriding=[], cmake_args=None, cmake_target=None, cmake_target_skip_unavailable=False, cmake_clean_cache=False, cmake_clean_first=False, cmake_force_configure=False, ament_cmake_args=None, catkin_cmake_args=None, catkin_skip_building_tests=False, verb_parser=<colcon_defaults.argument_parser.defaults.DefaultArgumentsDecorator object at 0x7c56e961a410>, verb_extension=<colcon_core.verb.build.BuildVerb object at 0x7c56e9619ed0>, main=<bound method BuildVerb.main of <colcon_core.verb.build.BuildVerb object at 0x7c56e9619ed0>>)
[0.232s] Level 1:colcon.colcon_core.package_discovery:discover_packages(colcon_meta) check parameters
[0.232s] Level 1:colcon.colcon_core.package_discovery:discover_packages(recursive) check parameters
[0.232s] Level 1:colcon.colcon_core.package_discovery:discover_packages(ignore) check parameters
[0.232s] Level 1:colcon.colcon_core.package_discovery:discover_packages(path) check parameters
[0.232s] Level 1:colcon.colcon_core.package_discovery:discover_packages(colcon_meta) discover
[0.232s] Level 1:colcon.colcon_core.package_discovery:discover_packages(recursive) discover
[0.232s] INFO:colcon.colcon_core.package_discovery:Crawling recursively for packages in '/home/utec/humanoid_ws'
[0.232s] Level 1:colcon.colcon_core.package_identification:_identify(.) by extensions ['ignore', 'ignore_ament_install']
[0.233s] Level 1:colcon.colcon_core.package_identification:_identify(.) by extension 'ignore'
[0.233s] Level 1:colcon.colcon_core.package_identification:_identify(.) by extension 'ignore_ament_install'
[0.233s] Level 1:colcon.colcon_core.package_identification:_identify(.) by extensions ['colcon_pkg']
[0.233s] Level 1:colcon.colcon_core.package_identification:_identify(.) by extension 'colcon_pkg'
[0.233s] Level 1:colcon.colcon_core.package_identification:_identify(.) by extensions ['colcon_meta']
[0.233s] Level 1:colcon.colcon_core.package_identification:_identify(.) by extension 'colcon_meta'
[0.233s] Level 1:colcon.colcon_core.package_identification:_identify(.) by extensions ['ros']
[0.233s] Level 1:colcon.colcon_core.package_identification:_identify(.) by extension 'ros'
[0.241s] Level 1:colcon.colcon_core.package_identification:_identify(.) by extensions ['cmake', 'python']
[0.241s] Level 1:colcon.colcon_core.package_identification:_identify(.) by extension 'cmake'
[0.241s] Level 1:colcon.colcon_core.package_identification:_identify(.) by extension 'python'
[0.241s] Level 1:colcon.colcon_core.package_identification:_identify(.) by extensions ['python_setup_py']
[0.241s] Level 1:colcon.colcon_core.package_identification:_identify(.) by extension 'python_setup_py'
[0.241s] Level 1:colcon.colcon_core.package_identification:_identify(build) by extensions ['ignore', 'ignore_ament_install']
[0.241s] Level 1:colcon.colcon_core.package_identification:_identify(build) by extension 'ignore'
[0.241s] Level 1:colcon.colcon_core.package_identification:_identify(build) ignored
[0.242s] Level 1:colcon.colcon_core.package_identification:_identify(install) by extensions ['ignore', 'ignore_ament_install']
[0.242s] Level 1:colcon.colcon_core.package_identification:_identify(install) by extension 'ignore'
[0.242s] Level 1:colcon.colcon_core.package_identification:_identify(install) ignored
[0.242s] Level 1:colcon.colcon_core.package_identification:_identify(log) by extensions ['ignore', 'ignore_ament_install']
[0.242s] Level 1:colcon.colcon_core.package_identification:_identify(log) by extension 'ignore'
[0.242s] Level 1:colcon.colcon_core.package_identification:_identify(log) ignored
[0.242s] Level 1:colcon.colcon_core.package_identification:_identify(src) by extensions ['ignore', 'ignore_ament_install']
[0.242s] Level 1:colcon.colcon_core.package_identification:_identify(src) by extension 'ignore'
[0.242s] Level 1:colcon.colcon_core.package_identification:_identify(src) by extension 'ignore_ament_install'
[0.242s] Level 1:colcon.colcon_core.package_identification:_identify(src) by extensions ['colcon_pkg']
[0.242s] Level 1:colcon.colcon_core.package_identification:_identify(src) by extension 'colcon_pkg'
[0.242s] Level 1:colcon.colcon_core.package_identification:_identify(src) by extensions ['colcon_meta']
[0.242s] Level 1:colcon.colcon_core.package_identification:_identify(src) by extension 'colcon_meta'
[0.242s] Level 1:colcon.colcon_core.package_identification:_identify(src) by extensions ['ros']
[0.242s] Level 1:colcon.colcon_core.package_identification:_identify(src) by extension 'ros'
[0.243s] Level 1:colcon.colcon_core.package_identification:_identify(src) by extensions ['cmake', 'python']
[0.243s] Level 1:colcon.colcon_core.package_identification:_identify(src) by extension 'cmake'
[0.243s] Level 1:colcon.colcon_core.package_identification:_identify(src) by extension 'python'
[0.243s] Level 1:colcon.colcon_core.package_identification:_identify(src) by extensions ['python_setup_py']
[0.243s] Level 1:colcon.colcon_core.package_identification:_identify(src) by extension 'python_setup_py'
[0.243s] Level 1:colcon.colcon_core.package_identification:_identify(src/h1_2_algoritms) by extensions ['ignore', 'ignore_ament_install']
[0.243s] Level 1:colcon.colcon_core.package_identification:_identify(src/h1_2_algoritms) by extension 'ignore'
[0.243s] Level 1:colcon.colcon_core.package_identification:_identify(src/h1_2_algoritms) by extension 'ignore_ament_install'
[0.243s] Level 1:colcon.colcon_core.package_identification:_identify(src/h1_2_algoritms) by extensions ['colcon_pkg']
[0.243s] Level 1:colcon.colcon_core.package_identification:_identify(src/h1_2_algoritms) by extension 'colcon_pkg'
[0.243s] Level 1:colcon.colcon_core.package_identification:_identify(src/h1_2_algoritms) by extensions ['colcon_meta']
[0.243s] Level 1:colcon.colcon_core.package_identification:_identify(src/h1_2_algoritms) by extension 'colcon_meta'
[0.243s] Level 1:colcon.colcon_core.package_identification:_identify(src/h1_2_algoritms) by extensions ['ros']
[0.243s] Level 1:colcon.colcon_core.package_identification:_identify(src/h1_2_algoritms) by extension 'ros'
[0.245s] DEBUG:colcon.colcon_core.package_identification:Package 'src/h1_2_algoritms' with type 'ros.ament_python' and name 'h1_2_algoritms'
[0.245s] Level 1:colcon.colcon_core.package_identification:_identify(src/h1_2_utec) by extensions ['ignore', 'ignore_ament_install']
[0.245s] Level 1:colcon.colcon_core.package_identification:_identify(src/h1_2_utec) by extension 'ignore'
[0.245s] Level 1:colcon.colcon_core.package_identification:_identify(src/h1_2_utec) by extension 'ignore_ament_install'
[0.245s] Level 1:colcon.colcon_core.package_identification:_identify(src/h1_2_utec) by extensions ['colcon_pkg']
[0.245s] Level 1:colcon.colcon_core.package_identification:_identify(src/h1_2_utec) by extension 'colcon_pkg'
[0.245s] Level 1:colcon.colcon_core.package_identification:_identify(src/h1_2_utec) by extensions ['colcon_meta']
[0.245s] Level 1:colcon.colcon_core.package_identification:_identify(src/h1_2_utec) by extension 'colcon_meta'
[0.245s] Level 1:colcon.colcon_core.package_identification:_identify(src/h1_2_utec) by extensions ['ros']
[0.246s] Level 1:colcon.colcon_core.package_identification:_identify(src/h1_2_utec) by extension 'ros'
[0.246s] Level 1:colcon.colcon_core.package_identification:_identify(src/h1_2_utec) by extensions ['cmake', 'python']
[0.246s] Level 1:colcon.colcon_core.package_identification:_identify(src/h1_2_utec) by extension 'cmake'
[0.246s] Level 1:colcon.colcon_core.package_identification:_identify(src/h1_2_utec) by extension 'python'
[0.246s] Level 1:colcon.colcon_core.package_identification:_identify(src/h1_2_utec) by extensions ['python_setup_py']
[0.246s] Level 1:colcon.colcon_core.package_identification:_identify(src/h1_2_utec) by extension 'python_setup_py'
[0.246s] Level 1:colcon.colcon_core.package_identification:_identify(src/h1_2_utec/h1_2_description) by extensions ['ignore', 'ignore_ament_install']
[0.246s] Level 1:colcon.colcon_core.package_identification:_identify(src/h1_2_utec/h1_2_description) by extension 'ignore'
[0.246s] Level 1:colcon.colcon_core.package_identification:_identify(src/h1_2_utec/h1_2_description) by extension 'ignore_ament_install'
[0.246s] Level 1:colcon.colcon_core.package_identification:_identify(src/h1_2_utec/h1_2_description) by extensions ['colcon_pkg']
[0.246s] Level 1:colcon.colcon_core.package_identification:_identify(src/h1_2_utec/h1_2_description) by extension 'colcon_pkg'
[0.246s] Level 1:colcon.colcon_core.package_identification:_identify(src/h1_2_utec/h1_2_description) by extensions ['colcon_meta']
[0.246s] Level 1:colcon.colcon_core.package_identification:_identify(src/h1_2_utec/h1_2_description) by extension 'colcon_meta'
[0.246s] Level 1:colcon.colcon_core.package_identification:_identify(src/h1_2_utec/h1_2_description) by extensions ['ros']
[0.246s] Level 1:colcon.colcon_core.package_identification:_identify(src/h1_2_utec/h1_2_description) by extension 'ros'
[0.247s] DEBUG:colcon.colcon_core.package_identification:Package 'src/h1_2_utec/h1_2_description' with type 'ros.ament_cmake' and name 'h1_2_description'
[0.247s] Level 1:colcon.colcon_core.package_identification:_identify(src/h1_2_utec/h1_2_interface) by extensions ['ignore', 'ignore_ament_install']
[0.247s] Level 1:colcon.colcon_core.package_identification:_identify(src/h1_2_utec/h1_2_interface) by extension 'ignore'
[0.247s] Level 1:colcon.colcon_core.package_identification:_identify(src/h1_2_utec/h1_2_interface) by extension 'ignore_ament_install'
[0.247s] Level 1:colcon.colcon_core.package_identification:_identify(src/h1_2_utec/h1_2_interface) by extensions ['colcon_pkg']
[0.247s] Level 1:colcon.colcon_core.package_identification:_identify(src/h1_2_utec/h1_2_interface) by extension 'colcon_pkg'
[0.247s] Level 1:colcon.colcon_core.package_identification:_identify(src/h1_2_utec/h1_2_interface) by extensions ['colcon_meta']
[0.247s] Level 1:colcon.colcon_core.package_identification:_identify(src/h1_2_utec/h1_2_interface) by extension 'colcon_meta'
[0.247s] Level 1:colcon.colcon_core.package_identification:_identify(src/h1_2_utec/h1_2_interface) by extensions ['ros']
[0.247s] Level 1:colcon.colcon_core.package_identification:_identify(src/h1_2_utec/h1_2_interface) by extension 'ros'
[0.248s] DEBUG:colcon.colcon_core.package_identification:Package 'src/h1_2_utec/h1_2_interface' with type 'ros.ament_cmake' and name 'h1_2_interface'
[0.248s] Level 1:colcon.colcon_core.package_identification:_identify(src/h1_2_utec/h1_2_model) by extensions ['ignore', 'ignore_ament_install']
[0.248s] Level 1:colcon.colcon_core.package_identification:_identify(src/h1_2_utec/h1_2_model) by extension 'ignore'
[0.248s] Level 1:colcon.colcon_core.package_identification:_identify(src/h1_2_utec/h1_2_model) by extension 'ignore_ament_install'
[0.248s] Level 1:colcon.colcon_core.package_identification:_identify(src/h1_2_utec/h1_2_model) by extensions ['colcon_pkg']
[0.248s] Level 1:colcon.colcon_core.package_identification:_identify(src/h1_2_utec/h1_2_model) by extension 'colcon_pkg'
[0.248s] Level 1:colcon.colcon_core.package_identification:_identify(src/h1_2_utec/h1_2_model) by extensions ['colcon_meta']
[0.248s] Level 1:colcon.colcon_core.package_identification:_identify(src/h1_2_utec/h1_2_model) by extension 'colcon_meta'
[0.248s] Level 1:colcon.colcon_core.package_identification:_identify(src/h1_2_utec/h1_2_model) by extensions ['ros']
[0.248s] Level 1:colcon.colcon_core.package_identification:_identify(src/h1_2_utec/h1_2_model) by extension 'ros'
[0.249s] DEBUG:colcon.colcon_core.package_identification:Package 'src/h1_2_utec/h1_2_model' with type 'ros.ament_python' and name 'h1_2_model'
[0.249s] Level 1:colcon.colcon_core.package_identification:_identify(src/pycodes_h1) by extensions ['ignore', 'ignore_ament_install']
[0.249s] Level 1:colcon.colcon_core.package_identification:_identify(src/pycodes_h1) by extension 'ignore'
[0.250s] Level 1:colcon.colcon_core.package_identification:_identify(src/pycodes_h1) by extension 'ignore_ament_install'
[0.250s] Level 1:colcon.colcon_core.package_identification:_identify(src/pycodes_h1) by extensions ['colcon_pkg']
[0.250s] Level 1:colcon.colcon_core.package_identification:_identify(src/pycodes_h1) by extension 'colcon_pkg'
[0.250s] Level 1:colcon.colcon_core.package_identification:_identify(src/pycodes_h1) by extensions ['colcon_meta']
[0.250s] Level 1:colcon.colcon_core.package_identification:_identify(src/pycodes_h1) by extension 'colcon_meta'
[0.250s] Level 1:colcon.colcon_core.package_identification:_identify(src/pycodes_h1) by extensions ['ros']
[0.250s] Level 1:colcon.colcon_core.package_identification:_identify(src/pycodes_h1) by extension 'ros'
[0.250s] DEBUG:colcon.colcon_core.package_identification:Package 'src/pycodes_h1' with type 'ros.ament_python' and name 'pycodes_h1'
[0.250s] Level 1:colcon.colcon_core.package_identification:_identify(src/unitree_ros2) by extensions ['ignore', 'ignore_ament_install']
[0.251s] Level 1:colcon.colcon_core.package_identification:_identify(src/unitree_ros2) by extension 'ignore'
[0.251s] Level 1:colcon.colcon_core.package_identification:_identify(src/unitree_ros2) by extension 'ignore_ament_install'
[0.251s] Level 1:colcon.colcon_core.package_identification:_identify(src/unitree_ros2) by extensions ['colcon_pkg']
[0.251s] Level 1:colcon.colcon_core.package_identification:_identify(src/unitree_ros2) by extension 'colcon_pkg'
[0.251s] Level 1:colcon.colcon_core.package_identification:_identify(src/unitree_ros2) by extensions ['colcon_meta']
[0.251s] Level 1:colcon.colcon_core.package_identification:_identify(src/unitree_ros2) by extension 'colcon_meta'
[0.251s] Level 1:colcon.colcon_core.package_identification:_identify(src/unitree_ros2) by extensions ['ros']
[0.251s] Level 1:colcon.colcon_core.package_identification:_identify(src/unitree_ros2) by extension 'ros'
[0.251s] Level 1:colcon.colcon_core.package_identification:_identify(src/unitree_ros2) by extensions ['cmake', 'python']
[0.251s] Level 1:colcon.colcon_core.package_identification:_identify(src/unitree_ros2) by extension 'cmake'
[0.251s] Level 1:colcon.colcon_core.package_identification:_identify(src/unitree_ros2) by extension 'python'
[0.251s] Level 1:colcon.colcon_core.package_identification:_identify(src/unitree_ros2) by extensions ['python_setup_py']
[0.251s] Level 1:colcon.colcon_core.package_identification:_identify(src/unitree_ros2) by extension 'python_setup_py'
[0.251s] Level 1:colcon.colcon_core.package_identification:_identify(src/unitree_ros2/build) by extensions ['ignore', 'ignore_ament_install']
[0.251s] Level 1:colcon.colcon_core.package_identification:_identify(src/unitree_ros2/build) by extension 'ignore'
[0.251s] Level 1:colcon.colcon_core.package_identification:_identify(src/unitree_ros2/build) ignored
[0.252s] Level 1:colcon.colcon_core.package_identification:_identify(src/unitree_ros2/cyclonedds_ws) by extensions ['ignore', 'ignore_ament_install']
[0.252s] Level 1:colcon.colcon_core.package_identification:_identify(src/unitree_ros2/cyclonedds_ws) by extension 'ignore'
[0.252s] Level 1:colcon.colcon_core.package_identification:_identify(src/unitree_ros2/cyclonedds_ws) by extension 'ignore_ament_install'
[0.252s] Level 1:colcon.colcon_core.package_identification:_identify(src/unitree_ros2/cyclonedds_ws) by extensions ['colcon_pkg']
[0.252s] Level 1:colcon.colcon_core.package_identification:_identify(src/unitree_ros2/cyclonedds_ws) by extension 'colcon_pkg'
[0.252s] Level 1:colcon.colcon_core.package_identification:_identify(src/unitree_ros2/cyclonedds_ws) by extensions ['colcon_meta']
[0.252s] Level 1:colcon.colcon_core.package_identification:_identify(src/unitree_ros2/cyclonedds_ws) by extension 'colcon_meta'
[0.252s] Level 1:colcon.colcon_core.package_identification:_identify(src/unitree_ros2/cyclonedds_ws) by extensions ['ros']
[0.252s] Level 1:colcon.colcon_core.package_identification:_identify(src/unitree_ros2/cyclonedds_ws) by extension 'ros'
[0.252s] Level 1:colcon.colcon_core.package_identification:_identify(src/unitree_ros2/cyclonedds_ws) by extensions ['cmake', 'python']
[0.252s] Level 1:colcon.colcon_core.package_identification:_identify(src/unitree_ros2/cyclonedds_ws) by extension 'cmake'
[0.252s] Level 1:colcon.colcon_core.package_identification:_identify(src/unitree_ros2/cyclonedds_ws) by extension 'python'
[0.252s] Level 1:colcon.colcon_core.package_identification:_identify(src/unitree_ros2/cyclonedds_ws) by extensions ['python_setup_py']
[0.252s] Level 1:colcon.colcon_core.package_identification:_identify(src/unitree_ros2/cyclonedds_ws) by extension 'python_setup_py'
[0.252s] Level 1:colcon.colcon_core.package_identification:_identify(src/unitree_ros2/cyclonedds_ws/build) by extensions ['ignore', 'ignore_ament_install']
[0.252s] Level 1:colcon.colcon_core.package_identification:_identify(src/unitree_ros2/cyclonedds_ws/build) by extension 'ignore'
[0.252s] Level 1:colcon.colcon_core.package_identification:_identify(src/unitree_ros2/cyclonedds_ws/build) ignored
[0.253s] Level 1:colcon.colcon_core.package_identification:_identify(src/unitree_ros2/cyclonedds_ws/install) by extensions ['ignore', 'ignore_ament_install']
[0.253s] Level 1:colcon.colcon_core.package_identification:_identify(src/unitree_ros2/cyclonedds_ws/install) by extension 'ignore'
[0.253s] Level 1:colcon.colcon_core.package_identification:_identify(src/unitree_ros2/cyclonedds_ws/install) ignored
[0.253s] Level 1:colcon.colcon_core.package_identification:_identify(src/unitree_ros2/cyclonedds_ws/log) by extensions ['ignore', 'ignore_ament_install']
[0.253s] Level 1:colcon.colcon_core.package_identification:_identify(src/unitree_ros2/cyclonedds_ws/log) by extension 'ignore'
[0.253s] Level 1:colcon.colcon_core.package_identification:_identify(src/unitree_ros2/cyclonedds_ws/log) ignored
[0.253s] Level 1:colcon.colcon_core.package_identification:_identify(src/unitree_ros2/cyclonedds_ws/src) by extensions ['ignore', 'ignore_ament_install']
[0.253s] Level 1:colcon.colcon_core.package_identification:_identify(src/unitree_ros2/cyclonedds_ws/src) by extension 'ignore'
[0.253s] Level 1:colcon.colcon_core.package_identification:_identify(src/unitree_ros2/cyclonedds_ws/src) by extension 'ignore_ament_install'
[0.253s] Level 1:colcon.colcon_core.package_identification:_identify(src/unitree_ros2/cyclonedds_ws/src) by extensions ['colcon_pkg']
[0.253s] Level 1:colcon.colcon_core.package_identification:_identify(src/unitree_ros2/cyclonedds_ws/src) by extension 'colcon_pkg'
[0.253s] Level 1:colcon.colcon_core.package_identification:_identify(src/unitree_ros2/cyclonedds_ws/src) by extensions ['colcon_meta']
[0.253s] Level 1:colcon.colcon_core.package_identification:_identify(src/unitree_ros2/cyclonedds_ws/src) by extension 'colcon_meta'
[0.253s] Level 1:colcon.colcon_core.package_identification:_identify(src/unitree_ros2/cyclonedds_ws/src) by extensions ['ros']
[0.253s] Level 1:colcon.colcon_core.package_identification:_identify(src/unitree_ros2/cyclonedds_ws/src) by extension 'ros'
[0.254s] Level 1:colcon.colcon_core.package_identification:_identify(src/unitree_ros2/cyclonedds_ws/src) by extensions ['cmake', 'python']
[0.254s] Level 1:colcon.colcon_core.package_identification:_identify(src/unitree_ros2/cyclonedds_ws/src) by extension 'cmake'
[0.254s] Level 1:colcon.colcon_core.package_identification:_identify(src/unitree_ros2/cyclonedds_ws/src) by extension 'python'
[0.254s] Level 1:colcon.colcon_core.package_identification:_identify(src/unitree_ros2/cyclonedds_ws/src) by extensions ['python_setup_py']
[0.254s] Level 1:colcon.colcon_core.package_identification:_identify(src/unitree_ros2/cyclonedds_ws/src) by extension 'python_setup_py'
[0.254s] Level 1:colcon.colcon_core.package_identification:_identify(src/unitree_ros2/cyclonedds_ws/src/unitree) by extensions ['ignore', 'ignore_ament_install']
[0.254s] Level 1:colcon.colcon_core.package_identification:_identify(src/unitree_ros2/cyclonedds_ws/src/unitree) by extension 'ignore'
[0.254s] Level 1:colcon.colcon_core.package_identification:_identify(src/unitree_ros2/cyclonedds_ws/src/unitree) by extension 'ignore_ament_install'
[0.254s] Level 1:colcon.colcon_core.package_identification:_identify(src/unitree_ros2/cyclonedds_ws/src/unitree) by extensions ['colcon_pkg']
[0.254s] Level 1:colcon.colcon_core.package_identification:_identify(src/unitree_ros2/cyclonedds_ws/src/unitree) by extension 'colcon_pkg'
[0.254s] Level 1:colcon.colcon_core.package_identification:_identify(src/unitree_ros2/cyclonedds_ws/src/unitree) by extensions ['colcon_meta']
[0.254s] Level 1:colcon.colcon_core.package_identification:_identify(src/unitree_ros2/cyclonedds_ws/src/unitree) by extension 'colcon_meta'
[0.254s] Level 1:colcon.colcon_core.package_identification:_identify(src/unitree_ros2/cyclonedds_ws/src/unitree) by extensions ['ros']
[0.254s] Level 1:colcon.colcon_core.package_identification:_identify(src/unitree_ros2/cyclonedds_ws/src/unitree) by extension 'ros'
[0.254s] Level 1:colcon.colcon_core.package_identification:_identify(src/unitree_ros2/cyclonedds_ws/src/unitree) by extensions ['cmake', 'python']
[0.254s] Level 1:colcon.colcon_core.package_identification:_identify(src/unitree_ros2/cyclonedds_ws/src/unitree) by extension 'cmake'
[0.254s] Level 1:colcon.colcon_core.package_identification:_identify(src/unitree_ros2/cyclonedds_ws/src/unitree) by extension 'python'
[0.254s] Level 1:colcon.colcon_core.package_identification:_identify(src/unitree_ros2/cyclonedds_ws/src/unitree) by extensions ['python_setup_py']
[0.255s] Level 1:colcon.colcon_core.package_identification:_identify(src/unitree_ros2/cyclonedds_ws/src/unitree) by extension 'python_setup_py'
[0.255s] Level 1:colcon.colcon_core.package_identification:_identify(src/unitree_ros2/cyclonedds_ws/src/unitree/unitree_api) by extensions ['ignore', 'ignore_ament_install']
[0.255s] Level 1:colcon.colcon_core.package_identification:_identify(src/unitree_ros2/cyclonedds_ws/src/unitree/unitree_api) by extension 'ignore'
[0.255s] Level 1:colcon.colcon_core.package_identification:_identify(src/unitree_ros2/cyclonedds_ws/src/unitree/unitree_api) by extension 'ignore_ament_install'
[0.255s] Level 1:colcon.colcon_core.package_identification:_identify(src/unitree_ros2/cyclonedds_ws/src/unitree/unitree_api) by extensions ['colcon_pkg']
[0.255s] Level 1:colcon.colcon_core.package_identification:_identify(src/unitree_ros2/cyclonedds_ws/src/unitree/unitree_api) by extension 'colcon_pkg'
[0.255s] Level 1:colcon.colcon_core.package_identification:_identify(src/unitree_ros2/cyclonedds_ws/src/unitree/unitree_api) by extensions ['colcon_meta']
[0.255s] Level 1:colcon.colcon_core.package_identification:_identify(src/unitree_ros2/cyclonedds_ws/src/unitree/unitree_api) by extension 'colcon_meta'
[0.255s] Level 1:colcon.colcon_core.package_identification:_identify(src/unitree_ros2/cyclonedds_ws/src/unitree/unitree_api) by extensions ['ros']
[0.255s] Level 1:colcon.colcon_core.package_identification:_identify(src/unitree_ros2/cyclonedds_ws/src/unitree/unitree_api) by extension 'ros'
[0.256s] DEBUG:colcon.colcon_core.package_identification:Package 'src/unitree_ros2/cyclonedds_ws/src/unitree/unitree_api' with type 'ros.ament_cmake' and name 'unitree_api'
[0.256s] Level 1:colcon.colcon_core.package_identification:_identify(src/unitree_ros2/cyclonedds_ws/src/unitree/unitree_go) by extensions ['ignore', 'ignore_ament_install']
[0.256s] Level 1:colcon.colcon_core.package_identification:_identify(src/unitree_ros2/cyclonedds_ws/src/unitree/unitree_go) by extension 'ignore'
[0.256s] Level 1:colcon.colcon_core.package_identification:_identify(src/unitree_ros2/cyclonedds_ws/src/unitree/unitree_go) by extension 'ignore_ament_install'
[0.256s] Level 1:colcon.colcon_core.package_identification:_identify(src/unitree_ros2/cyclonedds_ws/src/unitree/unitree_go) by extensions ['colcon_pkg']
[0.256s] Level 1:colcon.colcon_core.package_identification:_identify(src/unitree_ros2/cyclonedds_ws/src/unitree/unitree_go) by extension 'colcon_pkg'
[0.256s] Level 1:colcon.colcon_core.package_identification:_identify(src/unitree_ros2/cyclonedds_ws/src/unitree/unitree_go) by extensions ['colcon_meta']
[0.256s] Level 1:colcon.colcon_core.package_identification:_identify(src/unitree_ros2/cyclonedds_ws/src/unitree/unitree_go) by extension 'colcon_meta'
[0.256s] Level 1:colcon.colcon_core.package_identification:_identify(src/unitree_ros2/cyclonedds_ws/src/unitree/unitree_go) by extensions ['ros']
[0.256s] Level 1:colcon.colcon_core.package_identification:_identify(src/unitree_ros2/cyclonedds_ws/src/unitree/unitree_go) by extension 'ros'
[0.257s] DEBUG:colcon.colcon_core.package_identification:Package 'src/unitree_ros2/cyclonedds_ws/src/unitree/unitree_go' with type 'ros.ament_cmake' and name 'unitree_go'
[0.257s] Level 1:colcon.colcon_core.package_identification:_identify(src/unitree_ros2/cyclonedds_ws/src/unitree/unitree_hg) by extensions ['ignore', 'ignore_ament_install']
[0.257s] Level 1:colcon.colcon_core.package_identification:_identify(src/unitree_ros2/cyclonedds_ws/src/unitree/unitree_hg) by extension 'ignore'
[0.257s] Level 1:colcon.colcon_core.package_identification:_identify(src/unitree_ros2/cyclonedds_ws/src/unitree/unitree_hg) by extension 'ignore_ament_install'
[0.257s] Level 1:colcon.colcon_core.package_identification:_identify(src/unitree_ros2/cyclonedds_ws/src/unitree/unitree_hg) by extensions ['colcon_pkg']
[0.257s] Level 1:colcon.colcon_core.package_identification:_identify(src/unitree_ros2/cyclonedds_ws/src/unitree/unitree_hg) by extension 'colcon_pkg'
[0.257s] Level 1:colcon.colcon_core.package_identification:_identify(src/unitree_ros2/cyclonedds_ws/src/unitree/unitree_hg) by extensions ['colcon_meta']
[0.257s] Level 1:colcon.colcon_core.package_identification:_identify(src/unitree_ros2/cyclonedds_ws/src/unitree/unitree_hg) by extension 'colcon_meta'
[0.258s] Level 1:colcon.colcon_core.package_identification:_identify(src/unitree_ros2/cyclonedds_ws/src/unitree/unitree_hg) by extensions ['ros']
[0.258s] Level 1:colcon.colcon_core.package_identification:_identify(src/unitree_ros2/cyclonedds_ws/src/unitree/unitree_hg) by extension 'ros'
[0.258s] DEBUG:colcon.colcon_core.package_identification:Package 'src/unitree_ros2/cyclonedds_ws/src/unitree/unitree_hg' with type 'ros.ament_cmake' and name 'unitree_hg'
[0.258s] Level 1:colcon.colcon_core.package_identification:_identify(src/unitree_ros2/docs) by extensions ['ignore', 'ignore_ament_install']
[0.258s] Level 1:colcon.colcon_core.package_identification:_identify(src/unitree_ros2/docs) by extension 'ignore'
[0.258s] Level 1:colcon.colcon_core.package_identification:_identify(src/unitree_ros2/docs) by extension 'ignore_ament_install'
[0.258s] Level 1:colcon.colcon_core.package_identification:_identify(src/unitree_ros2/docs) by extensions ['colcon_pkg']
[0.259s] Level 1:colcon.colcon_core.package_identification:_identify(src/unitree_ros2/docs) by extension 'colcon_pkg'
[0.259s] Level 1:colcon.colcon_core.package_identification:_identify(src/unitree_ros2/docs) by extensions ['colcon_meta']
[0.259s] Level 1:colcon.colcon_core.package_identification:_identify(src/unitree_ros2/docs) by extension 'colcon_meta'
[0.259s] Level 1:colcon.colcon_core.package_identification:_identify(src/unitree_ros2/docs) by extensions ['ros']
[0.259s] Level 1:colcon.colcon_core.package_identification:_identify(src/unitree_ros2/docs) by extension 'ros'
[0.259s] Level 1:colcon.colcon_core.package_identification:_identify(src/unitree_ros2/docs) by extensions ['cmake', 'python']
[0.259s] Level 1:colcon.colcon_core.package_identification:_identify(src/unitree_ros2/docs) by extension 'cmake'
[0.259s] Level 1:colcon.colcon_core.package_identification:_identify(src/unitree_ros2/docs) by extension 'python'
[0.259s] Level 1:colcon.colcon_core.package_identification:_identify(src/unitree_ros2/docs) by extensions ['python_setup_py']
[0.259s] Level 1:colcon.colcon_core.package_identification:_identify(src/unitree_ros2/docs) by extension 'python_setup_py'
[0.259s] Level 1:colcon.colcon_core.package_identification:_identify(src/unitree_ros2/docs/image) by extensions ['ignore', 'ignore_ament_install']
[0.259s] Level 1:colcon.colcon_core.package_identification:_identify(src/unitree_ros2/docs/image) by extension 'ignore'
[0.259s] Level 1:colcon.colcon_core.package_identification:_identify(src/unitree_ros2/docs/image) by extension 'ignore_ament_install'
[0.259s] Level 1:colcon.colcon_core.package_identification:_identify(src/unitree_ros2/docs/image) by extensions ['colcon_pkg']
[0.259s] Level 1:colcon.colcon_core.package_identification:_identify(src/unitree_ros2/docs/image) by extension 'colcon_pkg'
[0.259s] Level 1:colcon.colcon_core.package_identification:_identify(src/unitree_ros2/docs/image) by extensions ['colcon_meta']
[0.259s] Level 1:colcon.colcon_core.package_identification:_identify(src/unitree_ros2/docs/image) by extension 'colcon_meta'
[0.259s] Level 1:colcon.colcon_core.package_identification:_identify(src/unitree_ros2/docs/image) by extensions ['ros']
[0.259s] Level 1:colcon.colcon_core.package_identification:_identify(src/unitree_ros2/docs/image) by extension 'ros'
[0.260s] Level 1:colcon.colcon_core.package_identification:_identify(src/unitree_ros2/docs/image) by extensions ['cmake', 'python']
[0.260s] Level 1:colcon.colcon_core.package_identification:_identify(src/unitree_ros2/docs/image) by extension 'cmake'
[0.260s] Level 1:colcon.colcon_core.package_identification:_identify(src/unitree_ros2/docs/image) by extension 'python'
[0.260s] Level 1:colcon.colcon_core.package_identification:_identify(src/unitree_ros2/docs/image) by extensions ['python_setup_py']
[0.260s] Level 1:colcon.colcon_core.package_identification:_identify(src/unitree_ros2/docs/image) by extension 'python_setup_py'
[0.260s] Level 1:colcon.colcon_core.package_identification:_identify(src/unitree_ros2/example) by extensions ['ignore', 'ignore_ament_install']
[0.260s] Level 1:colcon.colcon_core.package_identification:_identify(src/unitree_ros2/example) by extension 'ignore'
[0.260s] Level 1:colcon.colcon_core.package_identification:_identify(src/unitree_ros2/example) by extension 'ignore_ament_install'
[0.260s] Level 1:colcon.colcon_core.package_identification:_identify(src/unitree_ros2/example) by extensions ['colcon_pkg']
[0.260s] Level 1:colcon.colcon_core.package_identification:_identify(src/unitree_ros2/example) by extension 'colcon_pkg'
[0.260s] Level 1:colcon.colcon_core.package_identification:_identify(src/unitree_ros2/example) by extensions ['colcon_meta']
[0.260s] Level 1:colcon.colcon_core.package_identification:_identify(src/unitree_ros2/example) by extension 'colcon_meta'
[0.260s] Level 1:colcon.colcon_core.package_identification:_identify(src/unitree_ros2/example) by extensions ['ros']
[0.260s] Level 1:colcon.colcon_core.package_identification:_identify(src/unitree_ros2/example) by extension 'ros'
[0.260s] Level 1:colcon.colcon_core.package_identification:_identify(src/unitree_ros2/example) by extensions ['cmake', 'python']
[0.260s] Level 1:colcon.colcon_core.package_identification:_identify(src/unitree_ros2/example) by extension 'cmake'
[0.260s] Level 1:colcon.colcon_core.package_identification:_identify(src/unitree_ros2/example) by extension 'python'
[0.260s] Level 1:colcon.colcon_core.package_identification:_identify(src/unitree_ros2/example) by extensions ['python_setup_py']
[0.260s] Level 1:colcon.colcon_core.package_identification:_identify(src/unitree_ros2/example) by extension 'python_setup_py'
[0.261s] Level 1:colcon.colcon_core.package_identification:_identify(src/unitree_ros2/example/build) by extensions ['ignore', 'ignore_ament_install']
[0.261s] Level 1:colcon.colcon_core.package_identification:_identify(src/unitree_ros2/example/build) by extension 'ignore'
[0.261s] Level 1:colcon.colcon_core.package_identification:_identify(src/unitree_ros2/example/build) ignored
[0.261s] Level 1:colcon.colcon_core.package_identification:_identify(src/unitree_ros2/example/install) by extensions ['ignore', 'ignore_ament_install']
[0.261s] Level 1:colcon.colcon_core.package_identification:_identify(src/unitree_ros2/example/install) by extension 'ignore'
[0.261s] Level 1:colcon.colcon_core.package_identification:_identify(src/unitree_ros2/example/install) ignored
[0.261s] Level 1:colcon.colcon_core.package_identification:_identify(src/unitree_ros2/example/log) by extensions ['ignore', 'ignore_ament_install']
[0.261s] Level 1:colcon.colcon_core.package_identification:_identify(src/unitree_ros2/example/log) by extension 'ignore'
[0.261s] Level 1:colcon.colcon_core.package_identification:_identify(src/unitree_ros2/example/log) ignored
[0.261s] Level 1:colcon.colcon_core.package_identification:_identify(src/unitree_ros2/example/src) by extensions ['ignore', 'ignore_ament_install']
[0.261s] Level 1:colcon.colcon_core.package_identification:_identify(src/unitree_ros2/example/src) by extension 'ignore'
[0.261s] Level 1:colcon.colcon_core.package_identification:_identify(src/unitree_ros2/example/src) by extension 'ignore_ament_install'
[0.261s] Level 1:colcon.colcon_core.package_identification:_identify(src/unitree_ros2/example/src) by extensions ['colcon_pkg']
[0.262s] Level 1:colcon.colcon_core.package_identification:_identify(src/unitree_ros2/example/src) by extension 'colcon_pkg'
[0.262s] Level 1:colcon.colcon_core.package_identification:_identify(src/unitree_ros2/example/src) by extensions ['colcon_meta']
[0.262s] Level 1:colcon.colcon_core.package_identification:_identify(src/unitree_ros2/example/src) by extension 'colcon_meta'
[0.262s] Level 1:colcon.colcon_core.package_identification:_identify(src/unitree_ros2/example/src) by extensions ['ros']
[0.262s] Level 1:colcon.colcon_core.package_identification:_identify(src/unitree_ros2/example/src) by extension 'ros'
[0.262s] DEBUG:colcon.colcon_core.package_identification:Package 'src/unitree_ros2/example/src' with type 'ros.ament_cmake' and name 'unitree_ros2_example'
[0.263s] Level 1:colcon.colcon_core.package_identification:_identify(src/unitree_ros2/install) by extensions ['ignore', 'ignore_ament_install']
[0.263s] Level 1:colcon.colcon_core.package_identification:_identify(src/unitree_ros2/install) by extension 'ignore'
[0.263s] Level 1:colcon.colcon_core.package_identification:_identify(src/unitree_ros2/install) ignored
[0.263s] Level 1:colcon.colcon_core.package_identification:_identify(src/unitree_ros2/log) by extensions ['ignore', 'ignore_ament_install']
[0.263s] Level 1:colcon.colcon_core.package_identification:_identify(src/unitree_ros2/log) by extension 'ignore'
[0.263s] Level 1:colcon.colcon_core.package_identification:_identify(src/unitree_ros2/log) ignored
[0.263s] Level 1:colcon.colcon_core.package_discovery:discover_packages(recursive) using defaults
[0.263s] Level 1:colcon.colcon_core.package_discovery:discover_packages(ignore) discover
[0.263s] Level 1:colcon.colcon_core.package_discovery:discover_packages(ignore) using defaults
[0.263s] Level 1:colcon.colcon_core.package_discovery:discover_packages(path) discover
[0.263s] Level 1:colcon.colcon_core.package_discovery:discover_packages(path) using defaults
[0.291s] Level 1:colcon.colcon_core.package_discovery:discover_packages(prefix_path) check parameters
[0.291s] Level 1:colcon.colcon_core.package_discovery:discover_packages(prefix_path) discover
[0.293s] DEBUG:colcon.colcon_installed_package_information.package_discovery:Found 9 installed packages in /home/utec/humanoid_ws/install
[0.294s] DEBUG:colcon.colcon_installed_package_information.package_discovery:Found 433 installed packages in /opt/ros/humble
[0.296s] Level 1:colcon.colcon_core.package_discovery:discover_packages(prefix_path) using defaults
[0.336s] Level 5:colcon.colcon_core.verb:set package 'h1_2_algoritms' build argument 'cmake_args' from command line to 'None'
[0.336s] Level 5:colcon.colcon_core.verb:set package 'h1_2_algoritms' build argument 'cmake_target' from command line to 'None'
[0.336s] Level 5:colcon.colcon_core.verb:set package 'h1_2_algoritms' build argument 'cmake_target_skip_unavailable' from command line to 'False'
[0.336s] Level 5:colcon.colcon_core.verb:set package 'h1_2_algoritms' build argument 'cmake_clean_cache' from command line to 'False'
[0.336s] Level 5:colcon.colcon_core.verb:set package 'h1_2_algoritms' build argument 'cmake_clean_first' from command line to 'False'
[0.336s] Level 5:colcon.colcon_core.verb:set package 'h1_2_algoritms' build argument 'cmake_force_configure' from command line to 'False'
[0.336s] Level 5:colcon.colcon_core.verb:set package 'h1_2_algoritms' build argument 'ament_cmake_args' from command line to 'None'
[0.336s] Level 5:colcon.colcon_core.verb:set package 'h1_2_algoritms' build argument 'catkin_cmake_args' from command line to 'None'
[0.336s] Level 5:colcon.colcon_core.verb:set package 'h1_2_algoritms' build argument 'catkin_skip_building_tests' from command line to 'False'
[0.336s] DEBUG:colcon.colcon_core.verb:Building package 'h1_2_algoritms' with the following arguments: {'ament_cmake_args': None, 'build_base': '/home/utec/humanoid_ws/build/h1_2_algoritms', 'catkin_cmake_args': None, 'catkin_skip_building_tests': False, 'cmake_args': None, 'cmake_clean_cache': False, 'cmake_clean_first': False, 'cmake_force_configure': False, 'cmake_target': None, 'cmake_target_skip_unavailable': False, 'install_base': '/home/utec/humanoid_ws/install/h1_2_algoritms', 'merge_install': False, 'path': '/home/utec/humanoid_ws/src/h1_2_algoritms', 'symlink_install': False, 'test_result_base': None}
[0.336s] Level 5:colcon.colcon_core.verb:set package 'h1_2_description' build argument 'cmake_args' from command line to 'None'
[0.337s] Level 5:colcon.colcon_core.verb:set package 'h1_2_description' build argument 'cmake_target' from command line to 'None'
[0.337s] Level 5:colcon.colcon_core.verb:set package 'h1_2_description' build argument 'cmake_target_skip_unavailable' from command line to 'False'
[0.337s] Level 5:colcon.colcon_core.verb:set package 'h1_2_description' build argument 'cmake_clean_cache' from command line to 'False'
[0.337s] Level 5:colcon.colcon_core.verb:set package 'h1_2_description' build argument 'cmake_clean_first' from command line to 'False'
[0.337s] Level 5:colcon.colcon_core.verb:set package 'h1_2_description' build argument 'cmake_force_configure' from command line to 'False'
[0.337s] Level 5:colcon.colcon_core.verb:set package 'h1_2_description' build argument 'ament_cmake_args' from command line to 'None'
[0.337s] Level 5:colcon.colcon_core.verb:set package 'h1_2_description' build argument 'catkin_cmake_args' from command line to 'None'
[0.337s] Level 5:colcon.colcon_core.verb:set package 'h1_2_description' build argument 'catkin_skip_building_tests' from command line to 'False'
[0.337s] DEBUG:colcon.colcon_core.verb:Building package 'h1_2_description' with the following arguments: {'ament_cmake_args': None, 'build_base': '/home/utec/humanoid_ws/build/h1_2_description', 'catkin_cmake_args': None, 'catkin_skip_building_tests': False, 'cmake_args': None, 'cmake_clean_cache': False, 'cmake_clean_first': False, 'cmake_force_configure': False, 'cmake_target': None, 'cmake_target_skip_unavailable': False, 'install_base': '/home/utec/humanoid_ws/install/h1_2_description', 'merge_install': False, 'path': '/home/utec/humanoid_ws/src/h1_2_utec/h1_2_description', 'symlink_install': False, 'test_result_base': None}
[0.337s] Level 5:colcon.colcon_core.verb:set package 'unitree_api' build argument 'cmake_args' from command line to 'None'
[0.337s] Level 5:colcon.colcon_core.verb:set package 'unitree_api' build argument 'cmake_target' from command line to 'None'
[0.337s] Level 5:colcon.colcon_core.verb:set package 'unitree_api' build argument 'cmake_target_skip_unavailable' from command line to 'False'
[0.337s] Level 5:colcon.colcon_core.verb:set package 'unitree_api' build argument 'cmake_clean_cache' from command line to 'False'
[0.337s] Level 5:colcon.colcon_core.verb:set package 'unitree_api' build argument 'cmake_clean_first' from command line to 'False'
[0.337s] Level 5:colcon.colcon_core.verb:set package 'unitree_api' build argument 'cmake_force_configure' from command line to 'False'
[0.337s] Level 5:colcon.colcon_core.verb:set package 'unitree_api' build argument 'ament_cmake_args' from command line to 'None'
[0.337s] Level 5:colcon.colcon_core.verb:set package 'unitree_api' build argument 'catkin_cmake_args' from command line to 'None'
[0.337s] Level 5:colcon.colcon_core.verb:set package 'unitree_api' build argument 'catkin_skip_building_tests' from command line to 'False'
[0.337s] DEBUG:colcon.colcon_core.verb:Building package 'unitree_api' with the following arguments: {'ament_cmake_args': None, 'build_base': '/home/utec/humanoid_ws/build/unitree_api', 'catkin_cmake_args': None, 'catkin_skip_building_tests': False, 'cmake_args': None, 'cmake_clean_cache': False, 'cmake_clean_first': False, 'cmake_force_configure': False, 'cmake_target': None, 'cmake_target_skip_unavailable': False, 'install_base': '/home/utec/humanoid_ws/install/unitree_api', 'merge_install': False, 'path': '/home/utec/humanoid_ws/src/unitree_ros2/cyclonedds_ws/src/unitree/unitree_api', 'symlink_install': False, 'test_result_base': None}
[0.338s] Level 5:colcon.colcon_core.verb:set package 'unitree_go' build argument 'cmake_args' from command line to 'None'
[0.338s] Level 5:colcon.colcon_core.verb:set package 'unitree_go' build argument 'cmake_target' from command line to 'None'
[0.338s] Level 5:colcon.colcon_core.verb:set package 'unitree_go' build argument 'cmake_target_skip_unavailable' from command line to 'False'
[0.338s] Level 5:colcon.colcon_core.verb:set package 'unitree_go' build argument 'cmake_clean_cache' from command line to 'False'
[0.338s] Level 5:colcon.colcon_core.verb:set package 'unitree_go' build argument 'cmake_clean_first' from command line to 'False'
[0.338s] Level 5:colcon.colcon_core.verb:set package 'unitree_go' build argument 'cmake_force_configure' from command line to 'False'
[0.338s] Level 5:colcon.colcon_core.verb:set package 'unitree_go' build argument 'ament_cmake_args' from command line to 'None'
[0.338s] Level 5:colcon.colcon_core.verb:set package 'unitree_go' build argument 'catkin_cmake_args' from command line to 'None'
[0.338s] Level 5:colcon.colcon_core.verb:set package 'unitree_go' build argument 'catkin_skip_building_tests' from command line to 'False'
[0.338s] DEBUG:colcon.colcon_core.verb:Building package 'unitree_go' with the following arguments: {'ament_cmake_args': None, 'build_base': '/home/utec/humanoid_ws/build/unitree_go', 'catkin_cmake_args': None, 'catkin_skip_building_tests': False, 'cmake_args': None, 'cmake_clean_cache': False, 'cmake_clean_first': False, 'cmake_force_configure': False, 'cmake_target': None, 'cmake_target_skip_unavailable': False, 'install_base': '/home/utec/humanoid_ws/install/unitree_go', 'merge_install': False, 'path': '/home/utec/humanoid_ws/src/unitree_ros2/cyclonedds_ws/src/unitree/unitree_go', 'symlink_install': False, 'test_result_base': None}
[0.338s] Level 5:colcon.colcon_core.verb:set package 'unitree_hg' build argument 'cmake_args' from command line to 'None'
[0.338s] Level 5:colcon.colcon_core.verb:set package 'unitree_hg' build argument 'cmake_target' from command line to 'None'
[0.338s] Level 5:colcon.colcon_core.verb:set package 'unitree_hg' build argument 'cmake_target_skip_unavailable' from command line to 'False'
[0.338s] Level 5:colcon.colcon_core.verb:set package 'unitree_hg' build argument 'cmake_clean_cache' from command line to 'False'
[0.338s] Level 5:colcon.colcon_core.verb:set package 'unitree_hg' build argument 'cmake_clean_first' from command line to 'False'
[0.338s] Level 5:colcon.colcon_core.verb:set package 'unitree_hg' build argument 'cmake_force_configure' from command line to 'False'
[0.338s] Level 5:colcon.colcon_core.verb:set package 'unitree_hg' build argument 'ament_cmake_args' from command line to 'None'
[0.339s] Level 5:colcon.colcon_core.verb:set package 'unitree_hg' build argument 'catkin_cmake_args' from command line to 'None'
[0.339s] Level 5:colcon.colcon_core.verb:set package 'unitree_hg' build argument 'catkin_skip_building_tests' from command line to 'False'
[0.339s] DEBUG:colcon.colcon_core.verb:Building package 'unitree_hg' with the following arguments: {'ament_cmake_args': None, 'build_base': '/home/utec/humanoid_ws/build/unitree_hg', 'catkin_cmake_args': None, 'catkin_skip_building_tests': False, 'cmake_args': None, 'cmake_clean_cache': False, 'cmake_clean_first': False, 'cmake_force_configure': False, 'cmake_target': None, 'cmake_target_skip_unavailable': False, 'install_base': '/home/utec/humanoid_ws/install/unitree_hg', 'merge_install': False, 'path': '/home/utec/humanoid_ws/src/unitree_ros2/cyclonedds_ws/src/unitree/unitree_hg', 'symlink_install': False, 'test_result_base': None}
[0.339s] Level 5:colcon.colcon_core.verb:set package 'h1_2_interface' build argument 'cmake_args' from command line to 'None'
[0.339s] Level 5:colcon.colcon_core.verb:set package 'h1_2_interface' build argument 'cmake_target' from command line to 'None'
[0.339s] Level 5:colcon.colcon_core.verb:set package 'h1_2_interface' build argument 'cmake_target_skip_unavailable' from command line to 'False'
[0.339s] Level 5:colcon.colcon_core.verb:set package 'h1_2_interface' build argument 'cmake_clean_cache' from command line to 'False'
[0.339s] Level 5:colcon.colcon_core.verb:set package 'h1_2_interface' build argument 'cmake_clean_first' from command line to 'False'
[0.339s] Level 5:colcon.colcon_core.verb:set package 'h1_2_interface' build argument 'cmake_force_configure' from command line to 'False'
[0.339s] Level 5:colcon.colcon_core.verb:set package 'h1_2_interface' build argument 'ament_cmake_args' from command line to 'None'
[0.339s] Level 5:colcon.colcon_core.verb:set package 'h1_2_interface' build argument 'catkin_cmake_args' from command line to 'None'
[0.339s] Level 5:colcon.colcon_core.verb:set package 'h1_2_interface' build argument 'catkin_skip_building_tests' from command line to 'False'
[0.339s] DEBUG:colcon.colcon_core.verb:Building package 'h1_2_interface' with the following arguments: {'ament_cmake_args': None, 'build_base': '/home/utec/humanoid_ws/build/h1_2_interface', 'catkin_cmake_args': None, 'catkin_skip_building_tests': False, 'cmake_args': None, 'cmake_clean_cache': False, 'cmake_clean_first': False, 'cmake_force_configure': False, 'cmake_target': None, 'cmake_target_skip_unavailable': False, 'install_base': '/home/utec/humanoid_ws/install/h1_2_interface', 'merge_install': False, 'path': '/home/utec/humanoid_ws/src/h1_2_utec/h1_2_interface', 'symlink_install': False, 'test_result_base': None}
[0.340s] Level 5:colcon.colcon_core.verb:set package 'h1_2_model' build argument 'cmake_args' from command line to 'None'
[0.340s] Level 5:colcon.colcon_core.verb:set package 'h1_2_model' build argument 'cmake_target' from command line to 'None'
[0.340s] Level 5:colcon.colcon_core.verb:set package 'h1_2_model' build argument 'cmake_target_skip_unavailable' from command line to 'False'
[0.340s] Level 5:colcon.colcon_core.verb:set package 'h1_2_model' build argument 'cmake_clean_cache' from command line to 'False'
[0.340s] Level 5:colcon.colcon_core.verb:set package 'h1_2_model' build argument 'cmake_clean_first' from command line to 'False'
[0.340s] Level 5:colcon.colcon_core.verb:set package 'h1_2_model' build argument 'cmake_force_configure' from command line to 'False'
[0.340s] Level 5:colcon.colcon_core.verb:set package 'h1_2_model' build argument 'ament_cmake_args' from command line to 'None'
[0.340s] Level 5:colcon.colcon_core.verb:set package 'h1_2_model' build argument 'catkin_cmake_args' from command line to 'None'
[0.340s] Level 5:colcon.colcon_core.verb:set package 'h1_2_model' build argument 'catkin_skip_building_tests' from command line to 'False'
[0.340s] DEBUG:colcon.colcon_core.verb:Building package 'h1_2_model' with the following arguments: {'ament_cmake_args': None, 'build_base': '/home/utec/humanoid_ws/build/h1_2_model', 'catkin_cmake_args': None, 'catkin_skip_building_tests': False, 'cmake_args': None, 'cmake_clean_cache': False, 'cmake_clean_first': False, 'cmake_force_configure': False, 'cmake_target': None, 'cmake_target_skip_unavailable': False, 'install_base': '/home/utec/humanoid_ws/install/h1_2_model', 'merge_install': False, 'path': '/home/utec/humanoid_ws/src/h1_2_utec/h1_2_model', 'symlink_install': False, 'test_result_base': None}
[0.340s] Level 5:colcon.colcon_core.verb:set package 'pycodes_h1' build argument 'cmake_args' from command line to 'None'
[0.340s] Level 5:colcon.colcon_core.verb:set package 'pycodes_h1' build argument 'cmake_target' from command line to 'None'
[0.340s] Level 5:colcon.colcon_core.verb:set package 'pycodes_h1' build argument 'cmake_target_skip_unavailable' from command line to 'False'
[0.340s] Level 5:colcon.colcon_core.verb:set package 'pycodes_h1' build argument 'cmake_clean_cache' from command line to 'False'
[0.340s] Level 5:colcon.colcon_core.verb:set package 'pycodes_h1' build argument 'cmake_clean_first' from command line to 'False'
[0.340s] Level 5:colcon.colcon_core.verb:set package 'pycodes_h1' build argument 'cmake_force_configure' from command line to 'False'
[0.340s] Level 5:colcon.colcon_core.verb:set package 'pycodes_h1' build argument 'ament_cmake_args' from command line to 'None'
[0.340s] Level 5:colcon.colcon_core.verb:set package 'pycodes_h1' build argument 'catkin_cmake_args' from command line to 'None'
[0.340s] Level 5:colcon.colcon_core.verb:set package 'pycodes_h1' build argument 'catkin_skip_building_tests' from command line to 'False'
[0.340s] DEBUG:colcon.colcon_core.verb:Building package 'pycodes_h1' with the following arguments: {'ament_cmake_args': None, 'build_base': '/home/utec/humanoid_ws/build/pycodes_h1', 'catkin_cmake_args': None, 'catkin_skip_building_tests': False, 'cmake_args': None, 'cmake_clean_cache': False, 'cmake_clean_first': False, 'cmake_force_configure': False, 'cmake_target': None, 'cmake_target_skip_unavailable': False, 'install_base': '/home/utec/humanoid_ws/install/pycodes_h1', 'merge_install': False, 'path': '/home/utec/humanoid_ws/src/pycodes_h1', 'symlink_install': False, 'test_result_base': None}
[0.341s] Level 5:colcon.colcon_core.verb:set package 'unitree_ros2_example' build argument 'cmake_args' from command line to 'None'
[0.341s] Level 5:colcon.colcon_core.verb:set package 'unitree_ros2_example' build argument 'cmake_target' from command line to 'None'
[0.341s] Level 5:colcon.colcon_core.verb:set package 'unitree_ros2_example' build argument 'cmake_target_skip_unavailable' from command line to 'False'
[0.341s] Level 5:colcon.colcon_core.verb:set package 'unitree_ros2_example' build argument 'cmake_clean_cache' from command line to 'False'
[0.341s] Level 5:colcon.colcon_core.verb:set package 'unitree_ros2_example' build argument 'cmake_clean_first' from command line to 'False'
[0.341s] Level 5:colcon.colcon_core.verb:set package 'unitree_ros2_example' build argument 'cmake_force_configure' from command line to 'False'
[0.341s] Level 5:colcon.colcon_core.verb:set package 'unitree_ros2_example' build argument 'ament_cmake_args' from command line to 'None'
[0.341s] Level 5:colcon.colcon_core.verb:set package 'unitree_ros2_example' build argument 'catkin_cmake_args' from command line to 'None'
[0.341s] Level 5:colcon.colcon_core.verb:set package 'unitree_ros2_example' build argument 'catkin_skip_building_tests' from command line to 'False'
[0.341s] DEBUG:colcon.colcon_core.verb:Building package 'unitree_ros2_example' with the following arguments: {'ament_cmake_args': None, 'build_base': '/home/utec/humanoid_ws/build/unitree_ros2_example', 'catkin_cmake_args': None, 'catkin_skip_building_tests': False, 'cmake_args': None, 'cmake_clean_cache': False, 'cmake_clean_first': False, 'cmake_force_configure': False, 'cmake_target': None, 'cmake_target_skip_unavailable': False, 'install_base': '/home/utec/humanoid_ws/install/unitree_ros2_example', 'merge_install': False, 'path': '/home/utec/humanoid_ws/src/unitree_ros2/example/src', 'symlink_install': False, 'test_result_base': None}
[0.341s] INFO:colcon.colcon_core.executor:Executing jobs using 'parallel' executor
[0.342s] DEBUG:colcon.colcon_parallel_executor.executor.parallel:run_until_complete
[0.342s] INFO:colcon.colcon_ros.task.ament_cmake.build:Building ROS package in '/home/utec/humanoid_ws/src/unitree_ros2/cyclonedds_ws/src/unitree/unitree_hg' with build type 'ament_cmake'
[0.342s] INFO:colcon.colcon_cmake.task.cmake.build:Building CMake package in '/home/utec/humanoid_ws/src/unitree_ros2/cyclonedds_ws/src/unitree/unitree_hg'
[0.344s] INFO:colcon.colcon_core.plugin_system:Skipping extension 'colcon_core.shell.bat': Not used on non-Windows systems
[0.344s] INFO:colcon.colcon_core.shell:Skip shell extension 'powershell' for command environment: Not usable outside of PowerShell
[0.345s] DEBUG:colcon.colcon_core.shell:Skip shell extension 'dsv' for command environment
[0.349s] INFO:colcon.colcon_ros.task.ament_cmake.build:Building ROS package in '/home/utec/humanoid_ws/src/h1_2_utec/h1_2_description' with build type 'ament_cmake'
[0.350s] INFO:colcon.colcon_cmake.task.cmake.build:Building CMake package in '/home/utec/humanoid_ws/src/h1_2_utec/h1_2_description'
[0.350s] INFO:colcon.colcon_core.shell:Skip shell extension 'powershell' for command environment: Not usable outside of PowerShell
[0.350s] DEBUG:colcon.colcon_core.shell:Skip shell extension 'dsv' for command environment
[0.354s] INFO:colcon.colcon_ros.task.ament_cmake.build:Building ROS package in '/home/utec/humanoid_ws/src/unitree_ros2/cyclonedds_ws/src/unitree/unitree_api' with build type 'ament_cmake'
[0.354s] INFO:colcon.colcon_cmake.task.cmake.build:Building CMake package in '/home/utec/humanoid_ws/src/unitree_ros2/cyclonedds_ws/src/unitree/unitree_api'
[0.354s] INFO:colcon.colcon_core.shell:Skip shell extension 'powershell' for command environment: Not usable outside of PowerShell
[0.354s] DEBUG:colcon.colcon_core.shell:Skip shell extension 'dsv' for command environment
[0.357s] INFO:colcon.colcon_ros.task.ament_cmake.build:Building ROS package in '/home/utec/humanoid_ws/src/unitree_ros2/cyclonedds_ws/src/unitree/unitree_go' with build type 'ament_cmake'
[0.357s] INFO:colcon.colcon_cmake.task.cmake.build:Building CMake package in '/home/utec/humanoid_ws/src/unitree_ros2/cyclonedds_ws/src/unitree/unitree_go'
[0.358s] INFO:colcon.colcon_core.shell:Skip shell extension 'powershell' for command environment: Not usable outside of PowerShell
[0.358s] DEBUG:colcon.colcon_core.shell:Skip shell extension 'dsv' for command environment
[0.361s] INFO:colcon.colcon_ros.task.ament_python.build:Building ROS package in '/home/utec/humanoid_ws/src/h1_2_algoritms' with build type 'ament_python'
[0.361s] Level 1:colcon.colcon_core.shell:create_environment_hook('h1_2_algoritms', 'ament_prefix_path')
[0.361s] INFO:colcon.colcon_core.shell:Creating environment hook '/home/utec/humanoid_ws/install/h1_2_algoritms/share/h1_2_algoritms/hook/ament_prefix_path.ps1'
[0.362s] INFO:colcon.colcon_core.shell:Creating environment descriptor '/home/utec/humanoid_ws/install/h1_2_algoritms/share/h1_2_algoritms/hook/ament_prefix_path.dsv'
[0.362s] INFO:colcon.colcon_core.shell:Creating environment hook '/home/utec/humanoid_ws/install/h1_2_algoritms/share/h1_2_algoritms/hook/ament_prefix_path.sh'
[0.363s] INFO:colcon.colcon_core.shell:Skip shell extension 'powershell' for command environment: Not usable outside of PowerShell
[0.363s] DEBUG:colcon.colcon_core.shell:Skip shell extension 'dsv' for command environment
[0.368s] DEBUG:colcon.colcon_core.event_handler.log_command:Invoking command in '/home/utec/humanoid_ws/build/unitree_hg': CMAKE_PREFIX_PATH=${CMAKE_PREFIX_PATH}:/home/utec/humanoid_ws/install/pycodes_h1:/home/utec/humanoid_ws/install/h1_2_model:/home/utec/humanoid_ws/install/h1_2_algoritms:/opt/ros/humble /usr/bin/cmake --build /home/utec/humanoid_ws/build/unitree_hg -- -j8 -l8
[0.372s] DEBUG:colcon.colcon_core.event_handler.log_command:Invoking command in '/home/utec/humanoid_ws/build/h1_2_description': CMAKE_PREFIX_PATH=${CMAKE_PREFIX_PATH}:/home/utec/humanoid_ws/install/pycodes_h1:/home/utec/humanoid_ws/install/h1_2_model:/home/utec/humanoid_ws/install/h1_2_algoritms:/opt/ros/humble /usr/bin/cmake --build /home/utec/humanoid_ws/build/h1_2_description -- -j8 -l8
[0.374s] DEBUG:colcon.colcon_core.event_handler.log_command:Invoking command in '/home/utec/humanoid_ws/build/unitree_api': CMAKE_PREFIX_PATH=${CMAKE_PREFIX_PATH}:/home/utec/humanoid_ws/install/pycodes_h1:/home/utec/humanoid_ws/install/h1_2_model:/home/utec/humanoid_ws/install/h1_2_algoritms:/opt/ros/humble /usr/bin/cmake --build /home/utec/humanoid_ws/build/unitree_api -- -j8 -l8
[0.376s] DEBUG:colcon.colcon_core.event_handler.log_command:Invoking command in '/home/utec/humanoid_ws/build/unitree_go': CMAKE_PREFIX_PATH=${CMAKE_PREFIX_PATH}:/home/utec/humanoid_ws/install/pycodes_h1:/home/utec/humanoid_ws/install/h1_2_model:/home/utec/humanoid_ws/install/h1_2_algoritms:/opt/ros/humble /usr/bin/cmake --build /home/utec/humanoid_ws/build/unitree_go -- -j8 -l8
[0.820s] INFO:colcon.colcon_core.task.python.build:Building Python package in '/home/utec/humanoid_ws/src/h1_2_algoritms'
[0.820s] INFO:colcon.colcon_core.shell:Skip shell extension 'powershell' for command environment: Not usable outside of PowerShell
[0.821s] DEBUG:colcon.colcon_core.shell:Skip shell extension 'dsv' for command environment
[0.836s] DEBUG:colcon.colcon_core.event_handler.log_command:Invoked command in '/home/utec/humanoid_ws/build/h1_2_description' returned '0': CMAKE_PREFIX_PATH=${CMAKE_PREFIX_PATH}:/home/utec/humanoid_ws/install/pycodes_h1:/home/utec/humanoid_ws/install/h1_2_model:/home/utec/humanoid_ws/install/h1_2_algoritms:/opt/ros/humble /usr/bin/cmake --build /home/utec/humanoid_ws/build/h1_2_description -- -j8 -l8
[0.847s] DEBUG:colcon.colcon_core.event_handler.log_command:Invoking command in '/home/utec/humanoid_ws/build/h1_2_description': CMAKE_PREFIX_PATH=${CMAKE_PREFIX_PATH}:/home/utec/humanoid_ws/install/pycodes_h1:/home/utec/humanoid_ws/install/h1_2_model:/home/utec/humanoid_ws/install/h1_2_algoritms:/opt/ros/humble /usr/bin/cmake --install /home/utec/humanoid_ws/build/h1_2_description
[0.878s] Level 1:colcon.colcon_core.environment:create_environment_scripts_only(h1_2_description)
[0.889s] DEBUG:colcon.colcon_core.event_handler.log_command:Invoked command in '/home/utec/humanoid_ws/build/h1_2_description' returned '0': CMAKE_PREFIX_PATH=${CMAKE_PREFIX_PATH}:/home/utec/humanoid_ws/install/pycodes_h1:/home/utec/humanoid_ws/install/h1_2_model:/home/utec/humanoid_ws/install/h1_2_algoritms:/opt/ros/humble /usr/bin/cmake --install /home/utec/humanoid_ws/build/h1_2_description
[0.893s] Level 1:colcon.colcon_core.environment:checking '/home/utec/humanoid_ws/install/h1_2_description' for CMake module files
[0.893s] Level 1:colcon.colcon_core.environment:checking '/home/utec/humanoid_ws/install/h1_2_description' for CMake config files
[0.895s] Level 1:colcon.colcon_core.shell:create_environment_hook('h1_2_description', 'cmake_prefix_path')
[0.895s] INFO:colcon.colcon_core.shell:Creating environment hook '/home/utec/humanoid_ws/install/h1_2_description/share/h1_2_description/hook/cmake_prefix_path.ps1'
[0.897s] INFO:colcon.colcon_core.shell:Creating environment descriptor '/home/utec/humanoid_ws/install/h1_2_description/share/h1_2_description/hook/cmake_prefix_path.dsv'
[0.898s] INFO:colcon.colcon_core.shell:Creating environment hook '/home/utec/humanoid_ws/install/h1_2_description/share/h1_2_description/hook/cmake_prefix_path.sh'
[0.901s] Level 1:colcon.colcon_core.environment:checking '/home/utec/humanoid_ws/install/h1_2_description/bin'
[0.901s] Level 1:colcon.colcon_core.environment:checking '/home/utec/humanoid_ws/install/h1_2_description/lib/pkgconfig/h1_2_description.pc'
[0.901s] Level 1:colcon.colcon_core.environment:checking '/home/utec/humanoid_ws/install/h1_2_description/lib/python3.10/site-packages'
[0.902s] Level 1:colcon.colcon_core.environment:checking '/home/utec/humanoid_ws/install/h1_2_description/bin'
[0.902s] INFO:colcon.colcon_core.shell:Creating package script '/home/utec/humanoid_ws/install/h1_2_description/share/h1_2_description/package.ps1'
[0.904s] INFO:colcon.colcon_core.shell:Creating package descriptor '/home/utec/humanoid_ws/install/h1_2_description/share/h1_2_description/package.dsv'
[0.905s] INFO:colcon.colcon_core.shell:Creating package script '/home/utec/humanoid_ws/install/h1_2_description/share/h1_2_description/package.sh'
[0.906s] INFO:colcon.colcon_core.shell:Creating package script '/home/utec/humanoid_ws/install/h1_2_description/share/h1_2_description/package.bash'
[0.907s] INFO:colcon.colcon_core.shell:Creating package script '/home/utec/humanoid_ws/install/h1_2_description/share/h1_2_description/package.zsh'
[0.908s] Level 1:colcon.colcon_core.environment:create_file_with_runtime_dependencies(/home/utec/humanoid_ws/install/h1_2_description/share/colcon-core/packages/h1_2_description)
[0.910s] Level 1:colcon.colcon_core.environment:create_environment_scripts_only(h1_2_description)
[0.910s] Level 1:colcon.colcon_core.environment:checking '/home/utec/humanoid_ws/install/h1_2_description' for CMake module files
[0.911s] Level 1:colcon.colcon_core.environment:checking '/home/utec/humanoid_ws/install/h1_2_description' for CMake config files
[0.911s] Level 1:colcon.colcon_core.shell:create_environment_hook('h1_2_description', 'cmake_prefix_path')
[0.912s] INFO:colcon.colcon_core.shell:Creating environment hook '/home/utec/humanoid_ws/install/h1_2_description/share/h1_2_description/hook/cmake_prefix_path.ps1'
[0.912s] INFO:colcon.colcon_core.shell:Creating environment descriptor '/home/utec/humanoid_ws/install/h1_2_description/share/h1_2_description/hook/cmake_prefix_path.dsv'
[0.913s] INFO:colcon.colcon_core.shell:Creating environment hook '/home/utec/humanoid_ws/install/h1_2_description/share/h1_2_description/hook/cmake_prefix_path.sh'
[0.914s] Level 1:colcon.colcon_core.environment:checking '/home/utec/humanoid_ws/install/h1_2_description/bin'
[0.914s] Level 1:colcon.colcon_core.environment:checking '/home/utec/humanoid_ws/install/h1_2_description/lib/pkgconfig/h1_2_description.pc'
[0.914s] Level 1:colcon.colcon_core.environment:checking '/home/utec/humanoid_ws/install/h1_2_description/lib/python3.10/site-packages'
[0.915s] Level 1:colcon.colcon_core.environment:checking '/home/utec/humanoid_ws/install/h1_2_description/bin'
[0.915s] INFO:colcon.colcon_core.shell:Creating package script '/home/utec/humanoid_ws/install/h1_2_description/share/h1_2_description/package.ps1'
[0.916s] INFO:colcon.colcon_core.shell:Creating package descriptor '/home/utec/humanoid_ws/install/h1_2_description/share/h1_2_description/package.dsv'
[0.917s] INFO:colcon.colcon_core.shell:Creating package script '/home/utec/humanoid_ws/install/h1_2_description/share/h1_2_description/package.sh'
[0.917s] INFO:colcon.colcon_core.shell:Creating package script '/home/utec/humanoid_ws/install/h1_2_description/share/h1_2_description/package.bash'
[0.918s] INFO:colcon.colcon_core.shell:Creating package script '/home/utec/humanoid_ws/install/h1_2_description/share/h1_2_description/package.zsh'
[0.919s] Level 1:colcon.colcon_core.environment:create_file_with_runtime_dependencies(/home/utec/humanoid_ws/install/h1_2_description/share/colcon-core/packages/h1_2_description)
[0.919s] INFO:colcon.colcon_ros.task.ament_python.build:Building ROS package in '/home/utec/humanoid_ws/src/h1_2_utec/h1_2_model' with build type 'ament_python'
[0.919s] Level 1:colcon.colcon_core.shell:create_environment_hook('h1_2_model', 'ament_prefix_path')
[0.920s] INFO:colcon.colcon_core.shell:Creating environment hook '/home/utec/humanoid_ws/install/h1_2_model/share/h1_2_model/hook/ament_prefix_path.ps1'
[0.921s] INFO:colcon.colcon_core.shell:Creating environment descriptor '/home/utec/humanoid_ws/install/h1_2_model/share/h1_2_model/hook/ament_prefix_path.dsv'
[0.922s] INFO:colcon.colcon_core.shell:Creating environment hook '/home/utec/humanoid_ws/install/h1_2_model/share/h1_2_model/hook/ament_prefix_path.sh'
[0.923s] INFO:colcon.colcon_core.shell:Skip shell extension 'powershell' for command environment: Not usable outside of PowerShell
[0.923s] DEBUG:colcon.colcon_core.shell:Skip shell extension 'dsv' for command environment
[1.292s] INFO:colcon.colcon_core.task.python.build:Building Python package in '/home/utec/humanoid_ws/src/h1_2_utec/h1_2_model'
[1.293s] INFO:colcon.colcon_core.shell:Skip shell extension 'powershell' for command environment: Not usable outside of PowerShell
[1.293s] DEBUG:colcon.colcon_core.shell:Skip shell extension 'dsv' for command environment
[1.297s] DEBUG:colcon.colcon_core.event_handler.log_command:Invoked command in '/home/utec/humanoid_ws/build/unitree_hg' returned '0': CMAKE_PREFIX_PATH=${CMAKE_PREFIX_PATH}:/home/utec/humanoid_ws/install/pycodes_h1:/home/utec/humanoid_ws/install/h1_2_model:/home/utec/humanoid_ws/install/h1_2_algoritms:/opt/ros/humble /usr/bin/cmake --build /home/utec/humanoid_ws/build/unitree_hg -- -j8 -l8
[1.299s] DEBUG:colcon.colcon_core.event_handler.log_command:Invoking command in '/home/utec/humanoid_ws/build/unitree_hg': CMAKE_PREFIX_PATH=${CMAKE_PREFIX_PATH}:/home/utec/humanoid_ws/install/pycodes_h1:/home/utec/humanoid_ws/install/h1_2_model:/home/utec/humanoid_ws/install/h1_2_algoritms:/opt/ros/humble /usr/bin/cmake --install /home/utec/humanoid_ws/build/unitree_hg
[1.299s] DEBUG:colcon.colcon_core.event_handler.log_command:Invoked command in '/home/utec/humanoid_ws/build/unitree_api' returned '0': CMAKE_PREFIX_PATH=${CMAKE_PREFIX_PATH}:/home/utec/humanoid_ws/install/pycodes_h1:/home/utec/humanoid_ws/install/h1_2_model:/home/utec/humanoid_ws/install/h1_2_algoritms:/opt/ros/humble /usr/bin/cmake --build /home/utec/humanoid_ws/build/unitree_api -- -j8 -l8
[1.300s] DEBUG:colcon.colcon_core.event_handler.log_command:Invoking command in '/home/utec/humanoid_ws/build/unitree_api': CMAKE_PREFIX_PATH=${CMAKE_PREFIX_PATH}:/home/utec/humanoid_ws/install/pycodes_h1:/home/utec/humanoid_ws/install/h1_2_model:/home/utec/humanoid_ws/install/h1_2_algoritms:/opt/ros/humble /usr/bin/cmake --install /home/utec/humanoid_ws/build/unitree_api
[1.302s] DEBUG:colcon.colcon_core.event_handler.log_command:Invoked command in '/home/utec/humanoid_ws/build/unitree_go' returned '0': CMAKE_PREFIX_PATH=${CMAKE_PREFIX_PATH}:/home/utec/humanoid_ws/install/pycodes_h1:/home/utec/humanoid_ws/install/h1_2_model:/home/utec/humanoid_ws/install/h1_2_algoritms:/opt/ros/humble /usr/bin/cmake --build /home/utec/humanoid_ws/build/unitree_go -- -j8 -l8
[1.303s] DEBUG:colcon.colcon_core.event_handler.log_command:Invoking command in '/home/utec/humanoid_ws/build/unitree_go': CMAKE_PREFIX_PATH=${CMAKE_PREFIX_PATH}:/home/utec/humanoid_ws/install/pycodes_h1:/home/utec/humanoid_ws/install/h1_2_model:/home/utec/humanoid_ws/install/h1_2_algoritms:/opt/ros/humble /usr/bin/cmake --install /home/utec/humanoid_ws/build/unitree_go
[1.397s] Level 1:colcon.colcon_core.environment:create_environment_scripts_only(unitree_api)
[1.397s] Level 1:colcon.colcon_core.environment:checking '/home/utec/humanoid_ws/install/unitree_api' for CMake module files
[1.401s] Level 1:colcon.colcon_core.environment:checking '/home/utec/humanoid_ws/install/unitree_api' for CMake config files
[1.406s] Level 1:colcon.colcon_core.shell:create_environment_hook('unitree_api', 'cmake_prefix_path')
[1.408s] INFO:colcon.colcon_core.shell:Creating environment hook '/home/utec/humanoid_ws/install/unitree_api/share/unitree_api/hook/cmake_prefix_path.ps1'
[1.411s] INFO:colcon.colcon_core.shell:Creating environment descriptor '/home/utec/humanoid_ws/install/unitree_api/share/unitree_api/hook/cmake_prefix_path.dsv'
[1.414s] INFO:colcon.colcon_core.shell:Creating environment hook '/home/utec/humanoid_ws/install/unitree_api/share/unitree_api/hook/cmake_prefix_path.sh'
[1.416s] Level 1:colcon.colcon_core.environment:checking '/home/utec/humanoid_ws/install/unitree_api/lib'
[1.416s] Level 1:colcon.colcon_core.shell:create_environment_hook('unitree_api', 'ld_library_path_lib')
[1.416s] INFO:colcon.colcon_core.shell:Creating environment hook '/home/utec/humanoid_ws/install/unitree_api/share/unitree_api/hook/ld_library_path_lib.ps1'
[1.417s] INFO:colcon.colcon_core.shell:Creating environment descriptor '/home/utec/humanoid_ws/install/unitree_api/share/unitree_api/hook/ld_library_path_lib.dsv'
[1.418s] INFO:colcon.colcon_core.shell:Creating environment hook '/home/utec/humanoid_ws/install/unitree_api/share/unitree_api/hook/ld_library_path_lib.sh'
[1.419s] Level 1:colcon.colcon_core.environment:checking '/home/utec/humanoid_ws/install/unitree_api/bin'
[1.420s] Level 1:colcon.colcon_core.environment:checking '/home/utec/humanoid_ws/install/unitree_api/lib/pkgconfig/unitree_api.pc'
[1.420s] Level 1:colcon.colcon_core.environment:checking '/home/utec/humanoid_ws/install/unitree_api/lib/python3.10/site-packages'
[1.420s] Level 1:colcon.colcon_core.environment:checking '/home/utec/humanoid_ws/install/unitree_api/bin'
[1.421s] INFO:colcon.colcon_core.shell:Creating package script '/home/utec/humanoid_ws/install/unitree_api/share/unitree_api/package.ps1'
[1.422s] INFO:colcon.colcon_core.shell:Creating package descriptor '/home/utec/humanoid_ws/install/unitree_api/share/unitree_api/package.dsv'
[1.423s] INFO:colcon.colcon_core.shell:Creating package script '/home/utec/humanoid_ws/install/unitree_api/share/unitree_api/package.sh'
[1.424s] INFO:colcon.colcon_core.shell:Creating package script '/home/utec/humanoid_ws/install/unitree_api/share/unitree_api/package.bash'
[1.426s] INFO:colcon.colcon_core.shell:Creating package script '/home/utec/humanoid_ws/install/unitree_api/share/unitree_api/package.zsh'
[1.428s] Level 1:colcon.colcon_core.environment:create_file_with_runtime_dependencies(/home/utec/humanoid_ws/install/unitree_api/share/colcon-core/packages/unitree_api)
[1.432s] Level 1:colcon.colcon_core.environment:create_environment_scripts_only(unitree_api)
[1.432s] Level 1:colcon.colcon_core.environment:checking '/home/utec/humanoid_ws/install/unitree_api' for CMake module files
[1.440s] Level 1:colcon.colcon_core.environment:checking '/home/utec/humanoid_ws/install/unitree_api' for CMake config files
[1.441s] Level 1:colcon.colcon_core.shell:create_environment_hook('unitree_api', 'cmake_prefix_path')
[1.441s] INFO:colcon.colcon_core.shell:Creating environment hook '/home/utec/humanoid_ws/install/unitree_api/share/unitree_api/hook/cmake_prefix_path.ps1'
[1.442s] DEBUG:colcon.colcon_core.event_handler.log_command:Invoking command in '/home/utec/humanoid_ws/src/h1_2_algoritms': PYTHONPATH=/home/utec/humanoid_ws/build/h1_2_algoritms/prefix_override:/usr/lib/python3/dist-packages/colcon_core/task/python/colcon_distutils_commands:/home/utec/humanoid_ws/install/h1_2_algoritms/lib/python3.10/site-packages:${PYTHONPATH} /usr/bin/python3 -W ignore:setup.py install is deprecated -W ignore:easy_install command is deprecated setup.py egg_info --egg-base ../../build/h1_2_algoritms build --build-base /home/utec/humanoid_ws/build/h1_2_algoritms/build install --record /home/utec/humanoid_ws/build/h1_2_algoritms/install.log --single-version-externally-managed install_data
[1.442s] INFO:colcon.colcon_core.shell:Creating environment descriptor '/home/utec/humanoid_ws/install/unitree_api/share/unitree_api/hook/cmake_prefix_path.dsv'
[1.444s] INFO:colcon.colcon_core.shell:Creating environment hook '/home/utec/humanoid_ws/install/unitree_api/share/unitree_api/hook/cmake_prefix_path.sh'
[1.446s] Level 1:colcon.colcon_core.environment:checking '/home/utec/humanoid_ws/install/unitree_api/lib'
[1.447s] Level 1:colcon.colcon_core.shell:create_environment_hook('unitree_api', 'ld_library_path_lib')
[1.447s] INFO:colcon.colcon_core.shell:Creating environment hook '/home/utec/humanoid_ws/install/unitree_api/share/unitree_api/hook/ld_library_path_lib.ps1'
[1.449s] INFO:colcon.colcon_core.shell:Creating environment descriptor '/home/utec/humanoid_ws/install/unitree_api/share/unitree_api/hook/ld_library_path_lib.dsv'
[1.451s] INFO:colcon.colcon_core.shell:Creating environment hook '/home/utec/humanoid_ws/install/unitree_api/share/unitree_api/hook/ld_library_path_lib.sh'
[1.452s] DEBUG:colcon.colcon_core.event_handler.log_command:Invoked command in '/home/utec/humanoid_ws/build/unitree_api' returned '0': CMAKE_PREFIX_PATH=${CMAKE_PREFIX_PATH}:/home/utec/humanoid_ws/install/pycodes_h1:/home/utec/humanoid_ws/install/h1_2_model:/home/utec/humanoid_ws/install/h1_2_algoritms:/opt/ros/humble /usr/bin/cmake --install /home/utec/humanoid_ws/build/unitree_api
[1.454s] Level 1:colcon.colcon_core.environment:checking '/home/utec/humanoid_ws/install/unitree_api/bin'
[1.454s] Level 1:colcon.colcon_core.environment:checking '/home/utec/humanoid_ws/install/unitree_api/lib/pkgconfig/unitree_api.pc'
[1.454s] Level 1:colcon.colcon_core.environment:checking '/home/utec/humanoid_ws/install/unitree_api/lib/python3.10/site-packages'
[1.455s] Level 1:colcon.colcon_core.environment:checking '/home/utec/humanoid_ws/install/unitree_api/bin'
[1.455s] INFO:colcon.colcon_core.shell:Creating package script '/home/utec/humanoid_ws/install/unitree_api/share/unitree_api/package.ps1'
[1.457s] INFO:colcon.colcon_core.shell:Creating package descriptor '/home/utec/humanoid_ws/install/unitree_api/share/unitree_api/package.dsv'
[1.459s] INFO:colcon.colcon_core.shell:Creating package script '/home/utec/humanoid_ws/install/unitree_api/share/unitree_api/package.sh'
[1.460s] INFO:colcon.colcon_core.shell:Creating package script '/home/utec/humanoid_ws/install/unitree_api/share/unitree_api/package.bash'
[1.462s] INFO:colcon.colcon_core.shell:Creating package script '/home/utec/humanoid_ws/install/unitree_api/share/unitree_api/package.zsh'
[1.464s] Level 1:colcon.colcon_core.environment:create_file_with_runtime_dependencies(/home/utec/humanoid_ws/install/unitree_api/share/colcon-core/packages/unitree_api)
[1.465s] Level 1:colcon.colcon_core.environment:create_environment_scripts_only(unitree_hg)
[1.465s] Level 1:colcon.colcon_core.environment:checking '/home/utec/humanoid_ws/install/unitree_hg' for CMake module files
[1.466s] DEBUG:colcon.colcon_core.event_handler.log_command:Invoked command in '/home/utec/humanoid_ws/build/unitree_hg' returned '0': CMAKE_PREFIX_PATH=${CMAKE_PREFIX_PATH}:/home/utec/humanoid_ws/install/pycodes_h1:/home/utec/humanoid_ws/install/h1_2_model:/home/utec/humanoid_ws/install/h1_2_algoritms:/opt/ros/humble /usr/bin/cmake --install /home/utec/humanoid_ws/build/unitree_hg
[1.467s] Level 1:colcon.colcon_core.environment:checking '/home/utec/humanoid_ws/install/unitree_hg' for CMake config files
[1.467s] Level 1:colcon.colcon_core.shell:create_environment_hook('unitree_hg', 'cmake_prefix_path')
[1.467s] INFO:colcon.colcon_core.shell:Creating environment hook '/home/utec/humanoid_ws/install/unitree_hg/share/unitree_hg/hook/cmake_prefix_path.ps1'
[1.468s] INFO:colcon.colcon_core.shell:Creating environment descriptor '/home/utec/humanoid_ws/install/unitree_hg/share/unitree_hg/hook/cmake_prefix_path.dsv'
[1.469s] INFO:colcon.colcon_core.shell:Creating environment hook '/home/utec/humanoid_ws/install/unitree_hg/share/unitree_hg/hook/cmake_prefix_path.sh'
[1.470s] Level 1:colcon.colcon_core.environment:checking '/home/utec/humanoid_ws/install/unitree_hg/lib'
[1.470s] Level 1:colcon.colcon_core.shell:create_environment_hook('unitree_hg', 'ld_library_path_lib')
[1.471s] INFO:colcon.colcon_core.shell:Creating environment hook '/home/utec/humanoid_ws/install/unitree_hg/share/unitree_hg/hook/ld_library_path_lib.ps1'
[1.472s] INFO:colcon.colcon_core.shell:Creating environment descriptor '/home/utec/humanoid_ws/install/unitree_hg/share/unitree_hg/hook/ld_library_path_lib.dsv'
[1.472s] INFO:colcon.colcon_core.shell:Creating environment hook '/home/utec/humanoid_ws/install/unitree_hg/share/unitree_hg/hook/ld_library_path_lib.sh'
[1.473s] Level 1:colcon.colcon_core.environment:checking '/home/utec/humanoid_ws/install/unitree_hg/bin'
[1.473s] Level 1:colcon.colcon_core.environment:checking '/home/utec/humanoid_ws/install/unitree_hg/lib/pkgconfig/unitree_hg.pc'
[1.474s] Level 1:colcon.colcon_core.environment:checking '/home/utec/humanoid_ws/install/unitree_hg/lib/python3.10/site-packages'
[1.474s] Level 1:colcon.colcon_core.environment:checking '/home/utec/humanoid_ws/install/unitree_hg/bin'
[1.475s] INFO:colcon.colcon_core.shell:Creating package script '/home/utec/humanoid_ws/install/unitree_hg/share/unitree_hg/package.ps1'
[1.476s] INFO:colcon.colcon_core.shell:Creating package descriptor '/home/utec/humanoid_ws/install/unitree_hg/share/unitree_hg/package.dsv'
[1.476s] INFO:colcon.colcon_core.shell:Creating package script '/home/utec/humanoid_ws/install/unitree_hg/share/unitree_hg/package.sh'
[1.477s] INFO:colcon.colcon_core.shell:Creating package script '/home/utec/humanoid_ws/install/unitree_hg/share/unitree_hg/package.bash'
[1.477s] INFO:colcon.colcon_core.shell:Creating package script '/home/utec/humanoid_ws/install/unitree_hg/share/unitree_hg/package.zsh'
[1.478s] Level 1:colcon.colcon_core.environment:create_file_with_runtime_dependencies(/home/utec/humanoid_ws/install/unitree_hg/share/colcon-core/packages/unitree_hg)
[1.478s] Level 1:colcon.colcon_core.environment:create_environment_scripts_only(unitree_hg)
[1.479s] Level 1:colcon.colcon_core.environment:checking '/home/utec/humanoid_ws/install/unitree_hg' for CMake module files
[1.479s] Level 1:colcon.colcon_core.environment:checking '/home/utec/humanoid_ws/install/unitree_hg' for CMake config files
[1.480s] Level 1:colcon.colcon_core.shell:create_environment_hook('unitree_hg', 'cmake_prefix_path')
[1.480s] INFO:colcon.colcon_core.shell:Creating environment hook '/home/utec/humanoid_ws/install/unitree_hg/share/unitree_hg/hook/cmake_prefix_path.ps1'
[1.480s] INFO:colcon.colcon_core.shell:Creating environment descriptor '/home/utec/humanoid_ws/install/unitree_hg/share/unitree_hg/hook/cmake_prefix_path.dsv'
[1.481s] INFO:colcon.colcon_core.shell:Creating environment hook '/home/utec/humanoid_ws/install/unitree_hg/share/unitree_hg/hook/cmake_prefix_path.sh'
[1.481s] Level 1:colcon.colcon_core.environment:checking '/home/utec/humanoid_ws/install/unitree_hg/lib'
[1.481s] Level 1:colcon.colcon_core.shell:create_environment_hook('unitree_hg', 'ld_library_path_lib')
[1.481s] INFO:colcon.colcon_core.shell:Creating environment hook '/home/utec/humanoid_ws/install/unitree_hg/share/unitree_hg/hook/ld_library_path_lib.ps1'
[1.482s] INFO:colcon.colcon_core.shell:Creating environment descriptor '/home/utec/humanoid_ws/install/unitree_hg/share/unitree_hg/hook/ld_library_path_lib.dsv'
[1.482s] INFO:colcon.colcon_core.shell:Creating environment hook '/home/utec/humanoid_ws/install/unitree_hg/share/unitree_hg/hook/ld_library_path_lib.sh'
[1.482s] Level 1:colcon.colcon_core.environment:checking '/home/utec/humanoid_ws/install/unitree_hg/bin'
[1.482s] Level 1:colcon.colcon_core.environment:checking '/home/utec/humanoid_ws/install/unitree_hg/lib/pkgconfig/unitree_hg.pc'
[1.483s] Level 1:colcon.colcon_core.environment:checking '/home/utec/humanoid_ws/install/unitree_hg/lib/python3.10/site-packages'
[1.483s] Level 1:colcon.colcon_core.environment:checking '/home/utec/humanoid_ws/install/unitree_hg/bin'
[1.483s] INFO:colcon.colcon_core.shell:Creating package script '/home/utec/humanoid_ws/install/unitree_hg/share/unitree_hg/package.ps1'
[1.484s] INFO:colcon.colcon_core.shell:Creating package descriptor '/home/utec/humanoid_ws/install/unitree_hg/share/unitree_hg/package.dsv'
[1.484s] INFO:colcon.colcon_core.shell:Creating package script '/home/utec/humanoid_ws/install/unitree_hg/share/unitree_hg/package.sh'
[1.484s] INFO:colcon.colcon_core.shell:Creating package script '/home/utec/humanoid_ws/install/unitree_hg/share/unitree_hg/package.bash'
[1.485s] INFO:colcon.colcon_core.shell:Creating package script '/home/utec/humanoid_ws/install/unitree_hg/share/unitree_hg/package.zsh'
[1.485s] Level 1:colcon.colcon_core.environment:create_file_with_runtime_dependencies(/home/utec/humanoid_ws/install/unitree_hg/share/colcon-core/packages/unitree_hg)
[1.485s] INFO:colcon.colcon_ros.task.ament_cmake.build:Building ROS package in '/home/utec/humanoid_ws/src/h1_2_utec/h1_2_interface' with build type 'ament_cmake'
[1.486s] INFO:colcon.colcon_cmake.task.cmake.build:Building CMake package in '/home/utec/humanoid_ws/src/h1_2_utec/h1_2_interface'
[1.486s] INFO:colcon.colcon_core.shell:Skip shell extension 'powershell' for command environment: Not usable outside of PowerShell
[1.486s] DEBUG:colcon.colcon_core.shell:Skip shell extension 'dsv' for command environment
[1.490s] INFO:colcon.colcon_ros.task.ament_python.build:Building ROS package in '/home/utec/humanoid_ws/src/pycodes_h1' with build type 'ament_python'
[1.490s] Level 1:colcon.colcon_core.shell:create_environment_hook('pycodes_h1', 'ament_prefix_path')
[1.491s] INFO:colcon.colcon_core.shell:Creating environment hook '/home/utec/humanoid_ws/install/pycodes_h1/share/pycodes_h1/hook/ament_prefix_path.ps1'
[1.491s] INFO:colcon.colcon_core.shell:Creating environment descriptor '/home/utec/humanoid_ws/install/pycodes_h1/share/pycodes_h1/hook/ament_prefix_path.dsv'
[1.491s] INFO:colcon.colcon_core.shell:Creating environment hook '/home/utec/humanoid_ws/install/pycodes_h1/share/pycodes_h1/hook/ament_prefix_path.sh'
[1.492s] INFO:colcon.colcon_core.shell:Skip shell extension 'powershell' for command environment: Not usable outside of PowerShell
[1.492s] DEBUG:colcon.colcon_core.shell:Skip shell extension 'dsv' for command environment
[1.497s] Level 1:colcon.colcon_core.environment:create_environment_scripts_only(unitree_go)
[1.497s] Level 1:colcon.colcon_core.environment:checking '/home/utec/humanoid_ws/install/unitree_go' for CMake module files
[1.498s] Level 1:colcon.colcon_core.environment:checking '/home/utec/humanoid_ws/install/unitree_go' for CMake config files
[1.498s] Level 1:colcon.colcon_core.shell:create_environment_hook('unitree_go', 'cmake_prefix_path')
[1.498s] INFO:colcon.colcon_core.shell:Creating environment hook '/home/utec/humanoid_ws/install/unitree_go/share/unitree_go/hook/cmake_prefix_path.ps1'
[1.499s] INFO:colcon.colcon_core.shell:Creating environment descriptor '/home/utec/humanoid_ws/install/unitree_go/share/unitree_go/hook/cmake_prefix_path.dsv'
[1.500s] DEBUG:colcon.colcon_core.event_handler.log_command:Invoked command in '/home/utec/humanoid_ws/build/unitree_go' returned '0': CMAKE_PREFIX_PATH=${CMAKE_PREFIX_PATH}:/home/utec/humanoid_ws/install/pycodes_h1:/home/utec/humanoid_ws/install/h1_2_model:/home/utec/humanoid_ws/install/h1_2_algoritms:/opt/ros/humble /usr/bin/cmake --install /home/utec/humanoid_ws/build/unitree_go
[1.500s] INFO:colcon.colcon_core.shell:Creating environment hook '/home/utec/humanoid_ws/install/unitree_go/share/unitree_go/hook/cmake_prefix_path.sh'
[1.501s] Level 1:colcon.colcon_core.environment:checking '/home/utec/humanoid_ws/install/unitree_go/lib'
[1.501s] Level 1:colcon.colcon_core.shell:create_environment_hook('unitree_go', 'ld_library_path_lib')
[1.502s] INFO:colcon.colcon_core.shell:Creating environment hook '/home/utec/humanoid_ws/install/unitree_go/share/unitree_go/hook/ld_library_path_lib.ps1'
[1.503s] INFO:colcon.colcon_core.shell:Creating environment descriptor '/home/utec/humanoid_ws/install/unitree_go/share/unitree_go/hook/ld_library_path_lib.dsv'
[1.503s] INFO:colcon.colcon_core.shell:Creating environment hook '/home/utec/humanoid_ws/install/unitree_go/share/unitree_go/hook/ld_library_path_lib.sh'
[1.504s] Level 1:colcon.colcon_core.environment:checking '/home/utec/humanoid_ws/install/unitree_go/bin'
[1.504s] Level 1:colcon.colcon_core.environment:checking '/home/utec/humanoid_ws/install/unitree_go/lib/pkgconfig/unitree_go.pc'
[1.504s] Level 1:colcon.colcon_core.environment:checking '/home/utec/humanoid_ws/install/unitree_go/lib/python3.10/site-packages'
[1.504s] Level 1:colcon.colcon_core.environment:checking '/home/utec/humanoid_ws/install/unitree_go/bin'
[1.505s] INFO:colcon.colcon_core.shell:Creating package script '/home/utec/humanoid_ws/install/unitree_go/share/unitree_go/package.ps1'
[1.505s] INFO:colcon.colcon_core.shell:Creating package descriptor '/home/utec/humanoid_ws/install/unitree_go/share/unitree_go/package.dsv'
[1.506s] INFO:colcon.colcon_core.shell:Creating package script '/home/utec/humanoid_ws/install/unitree_go/share/unitree_go/package.sh'
[1.506s] INFO:colcon.colcon_core.shell:Creating package script '/home/utec/humanoid_ws/install/unitree_go/share/unitree_go/package.bash'
[1.506s] INFO:colcon.colcon_core.shell:Creating package script '/home/utec/humanoid_ws/install/unitree_go/share/unitree_go/package.zsh'
[1.507s] Level 1:colcon.colcon_core.environment:create_file_with_runtime_dependencies(/home/utec/humanoid_ws/install/unitree_go/share/colcon-core/packages/unitree_go)
[1.507s] Level 1:colcon.colcon_core.environment:create_environment_scripts_only(unitree_go)
[1.507s] Level 1:colcon.colcon_core.environment:checking '/home/utec/humanoid_ws/install/unitree_go' for CMake module files
[1.508s] Level 1:colcon.colcon_core.environment:checking '/home/utec/humanoid_ws/install/unitree_go' for CMake config files
[1.508s] Level 1:colcon.colcon_core.shell:create_environment_hook('unitree_go', 'cmake_prefix_path')
[1.508s] INFO:colcon.colcon_core.shell:Creating environment hook '/home/utec/humanoid_ws/install/unitree_go/share/unitree_go/hook/cmake_prefix_path.ps1'
[1.509s] INFO:colcon.colcon_core.shell:Creating environment descriptor '/home/utec/humanoid_ws/install/unitree_go/share/unitree_go/hook/cmake_prefix_path.dsv'
[1.509s] INFO:colcon.colcon_core.shell:Creating environment hook '/home/utec/humanoid_ws/install/unitree_go/share/unitree_go/hook/cmake_prefix_path.sh'
[1.510s] Level 1:colcon.colcon_core.environment:checking '/home/utec/humanoid_ws/install/unitree_go/lib'
[1.510s] Level 1:colcon.colcon_core.shell:create_environment_hook('unitree_go', 'ld_library_path_lib')
[1.510s] INFO:colcon.colcon_core.shell:Creating environment hook '/home/utec/humanoid_ws/install/unitree_go/share/unitree_go/hook/ld_library_path_lib.ps1'
[1.511s] INFO:colcon.colcon_core.shell:Creating environment descriptor '/home/utec/humanoid_ws/install/unitree_go/share/unitree_go/hook/ld_library_path_lib.dsv'
[1.511s] INFO:colcon.colcon_core.shell:Creating environment hook '/home/utec/humanoid_ws/install/unitree_go/share/unitree_go/hook/ld_library_path_lib.sh'
[1.511s] Level 1:colcon.colcon_core.environment:checking '/home/utec/humanoid_ws/install/unitree_go/bin'
[1.511s] Level 1:colcon.colcon_core.environment:checking '/home/utec/humanoid_ws/install/unitree_go/lib/pkgconfig/unitree_go.pc'
[1.512s] Level 1:colcon.colcon_core.environment:checking '/home/utec/humanoid_ws/install/unitree_go/lib/python3.10/site-packages'
[1.512s] Level 1:colcon.colcon_core.environment:checking '/home/utec/humanoid_ws/install/unitree_go/bin'
[1.512s] INFO:colcon.colcon_core.shell:Creating package script '/home/utec/humanoid_ws/install/unitree_go/share/unitree_go/package.ps1'
[1.513s] INFO:colcon.colcon_core.shell:Creating package descriptor '/home/utec/humanoid_ws/install/unitree_go/share/unitree_go/package.dsv'
[1.513s] INFO:colcon.colcon_core.shell:Creating package script '/home/utec/humanoid_ws/install/unitree_go/share/unitree_go/package.sh'
[1.514s] INFO:colcon.colcon_core.shell:Creating package script '/home/utec/humanoid_ws/install/unitree_go/share/unitree_go/package.bash'
[1.514s] INFO:colcon.colcon_core.shell:Creating package script '/home/utec/humanoid_ws/install/unitree_go/share/unitree_go/package.zsh'
[1.514s] Level 1:colcon.colcon_core.environment:create_file_with_runtime_dependencies(/home/utec/humanoid_ws/install/unitree_go/share/colcon-core/packages/unitree_go)
[1.515s] INFO:colcon.colcon_ros.task.ament_cmake.build:Building ROS package in '/home/utec/humanoid_ws/src/unitree_ros2/example/src' with build type 'ament_cmake'
[1.515s] INFO:colcon.colcon_cmake.task.cmake.build:Building CMake package in '/home/utec/humanoid_ws/src/unitree_ros2/example/src'
[1.515s] INFO:colcon.colcon_core.shell:Skip shell extension 'powershell' for command environment: Not usable outside of PowerShell
[1.515s] DEBUG:colcon.colcon_core.shell:Skip shell extension 'dsv' for command environment
[1.523s] DEBUG:colcon.colcon_core.event_handler.log_command:Invoking command in '/home/utec/humanoid_ws/build/h1_2_interface': CMAKE_PREFIX_PATH=/home/utec/humanoid_ws/install/unitree_hg:/home/utec/humanoid_ws/install/unitree_ros2_example:/home/utec/humanoid_ws/install/h1_2_interface:/home/utec/humanoid_ws/install/unitree_go:/home/utec/humanoid_ws/install/unitree_api:/home/utec/humanoid_ws/install/h1_2_description:/home/utec/humanoid_ws/install/pycodes_h1:/home/utec/humanoid_ws/install/h1_2_model:/home/utec/humanoid_ws/install/h1_2_algoritms:/opt/ros/humble /usr/bin/cmake --build /home/utec/humanoid_ws/build/h1_2_interface -- -j8 -l8
[1.897s] INFO:colcon.colcon_core.task.python.build:Building Python package in '/home/utec/humanoid_ws/src/pycodes_h1'
[1.897s] INFO:colcon.colcon_core.shell:Skip shell extension 'powershell' for command environment: Not usable outside of PowerShell
[1.897s] DEBUG:colcon.colcon_core.shell:Skip shell extension 'dsv' for command environment
[1.905s] DEBUG:colcon.colcon_core.event_handler.log_command:Invoked command in '/home/utec/humanoid_ws/build/h1_2_interface' returned '0': CMAKE_PREFIX_PATH=/home/utec/humanoid_ws/install/unitree_hg:/home/utec/humanoid_ws/install/unitree_ros2_example:/home/utec/humanoid_ws/install/h1_2_interface:/home/utec/humanoid_ws/install/unitree_go:/home/utec/humanoid_ws/install/unitree_api:/home/utec/humanoid_ws/install/h1_2_description:/home/utec/humanoid_ws/install/pycodes_h1:/home/utec/humanoid_ws/install/h1_2_model:/home/utec/humanoid_ws/install/h1_2_algoritms:/opt/ros/humble /usr/bin/cmake --build /home/utec/humanoid_ws/build/h1_2_interface -- -j8 -l8
[1.906s] DEBUG:colcon.colcon_core.event_handler.log_command:Invoking command in '/home/utec/humanoid_ws/build/h1_2_interface': CMAKE_PREFIX_PATH=/home/utec/humanoid_ws/install/unitree_hg:/home/utec/humanoid_ws/install/unitree_ros2_example:/home/utec/humanoid_ws/install/h1_2_interface:/home/utec/humanoid_ws/install/unitree_go:/home/utec/humanoid_ws/install/unitree_api:/home/utec/humanoid_ws/install/h1_2_description:/home/utec/humanoid_ws/install/pycodes_h1:/home/utec/humanoid_ws/install/h1_2_model:/home/utec/humanoid_ws/install/h1_2_algoritms:/opt/ros/humble /usr/bin/cmake --install /home/utec/humanoid_ws/build/h1_2_interface
[1.911s] Level 1:colcon.colcon_core.environment:checking '/home/utec/humanoid_ws/install/h1_2_algoritms' for CMake module files
[1.912s] DEBUG:colcon.colcon_core.event_handler.log_command:Invoking command in '/home/utec/humanoid_ws/build/unitree_ros2_example': CMAKE_PREFIX_PATH=/home/utec/humanoid_ws/install/unitree_hg:/home/utec/humanoid_ws/install/unitree_go:/home/utec/humanoid_ws/install/unitree_api:/home/utec/humanoid_ws/install/unitree_ros2_example:/home/utec/humanoid_ws/install/h1_2_interface:/home/utec/humanoid_ws/install/h1_2_description:/home/utec/humanoid_ws/install/pycodes_h1:/home/utec/humanoid_ws/install/h1_2_model:/home/utec/humanoid_ws/install/h1_2_algoritms:/opt/ros/humble /usr/bin/cmake --build /home/utec/humanoid_ws/build/unitree_ros2_example -- -j8 -l8
[1.912s] DEBUG:colcon.colcon_core.event_handler.log_command:Invoking command in '/home/utec/humanoid_ws/src/h1_2_utec/h1_2_model': CMAKE_PREFIX_PATH=/home/utec/humanoid_ws/install/h1_2_description:/home/utec/humanoid_ws/install/unitree_ros2_example:/home/utec/humanoid_ws/install/h1_2_interface:/home/utec/humanoid_ws/install/unitree_hg:/home/utec/humanoid_ws/install/unitree_go:/home/utec/humanoid_ws/install/unitree_api PYTHONPATH=/home/utec/humanoid_ws/build/h1_2_model/prefix_override:/usr/lib/python3/dist-packages/colcon_core/task/python/colcon_distutils_commands:/home/utec/humanoid_ws/install/h1_2_model/lib/python3.10/site-packages:${PYTHONPATH} /usr/bin/python3 -W ignore:setup.py install is deprecated -W ignore:easy_install command is deprecated setup.py egg_info --egg-base ../../../build/h1_2_model build --build-base /home/utec/humanoid_ws/build/h1_2_model/build install --record /home/utec/humanoid_ws/build/h1_2_model/install.log --single-version-externally-managed install_data
[1.913s] DEBUG:colcon.colcon_core.event_handler.log_command:Invoked command in '/home/utec/humanoid_ws/src/h1_2_algoritms' returned '0': PYTHONPATH=/home/utec/humanoid_ws/build/h1_2_algoritms/prefix_override:/usr/lib/python3/dist-packages/colcon_core/task/python/colcon_distutils_commands:/home/utec/humanoid_ws/install/h1_2_algoritms/lib/python3.10/site-packages:${PYTHONPATH} /usr/bin/python3 -W ignore:setup.py install is deprecated -W ignore:easy_install command is deprecated setup.py egg_info --egg-base ../../build/h1_2_algoritms build --build-base /home/utec/humanoid_ws/build/h1_2_algoritms/build install --record /home/utec/humanoid_ws/build/h1_2_algoritms/install.log --single-version-externally-managed install_data
[1.913s] Level 1:colcon.colcon_core.environment:checking '/home/utec/humanoid_ws/install/h1_2_algoritms' for CMake config files
[1.914s] Level 1:colcon.colcon_core.environment:checking '/home/utec/humanoid_ws/install/h1_2_algoritms/lib'
[1.914s] Level 1:colcon.colcon_core.environment:checking '/home/utec/humanoid_ws/install/h1_2_algoritms/bin'
[1.914s] Level 1:colcon.colcon_core.environment:checking '/home/utec/humanoid_ws/install/h1_2_algoritms/lib/pkgconfig/h1_2_algoritms.pc'
[1.914s] Level 1:colcon.colcon_core.environment:checking '/home/utec/humanoid_ws/install/h1_2_algoritms/lib/python3.10/site-packages'
[1.914s] Level 1:colcon.colcon_core.shell:create_environment_hook('h1_2_algoritms', 'pythonpath')
[1.915s] INFO:colcon.colcon_core.shell:Creating environment hook '/home/utec/humanoid_ws/install/h1_2_algoritms/share/h1_2_algoritms/hook/pythonpath.ps1'
[1.915s] INFO:colcon.colcon_core.shell:Creating environment descriptor '/home/utec/humanoid_ws/install/h1_2_algoritms/share/h1_2_algoritms/hook/pythonpath.dsv'
[1.916s] INFO:colcon.colcon_core.shell:Creating environment hook '/home/utec/humanoid_ws/install/h1_2_algoritms/share/h1_2_algoritms/hook/pythonpath.sh'
[1.917s] Level 1:colcon.colcon_core.environment:checking '/home/utec/humanoid_ws/install/h1_2_algoritms/bin'
[1.917s] Level 1:colcon.colcon_core.environment:create_environment_scripts_only(h1_2_algoritms)
[1.918s] INFO:colcon.colcon_core.shell:Creating package script '/home/utec/humanoid_ws/install/h1_2_algoritms/share/h1_2_algoritms/package.ps1'
[1.919s] INFO:colcon.colcon_core.shell:Creating package descriptor '/home/utec/humanoid_ws/install/h1_2_algoritms/share/h1_2_algoritms/package.dsv'
[1.920s] INFO:colcon.colcon_core.shell:Creating package script '/home/utec/humanoid_ws/install/h1_2_algoritms/share/h1_2_algoritms/package.sh'
[1.920s] INFO:colcon.colcon_core.shell:Creating package script '/home/utec/humanoid_ws/install/h1_2_algoritms/share/h1_2_algoritms/package.bash'
[1.921s] INFO:colcon.colcon_core.shell:Creating package script '/home/utec/humanoid_ws/install/h1_2_algoritms/share/h1_2_algoritms/package.zsh'
[1.921s] Level 1:colcon.colcon_core.environment:create_file_with_runtime_dependencies(/home/utec/humanoid_ws/install/h1_2_algoritms/share/colcon-core/packages/h1_2_algoritms)
[1.927s] Level 1:colcon.colcon_core.environment:create_environment_scripts_only(h1_2_interface)
[1.927s] Level 1:colcon.colcon_core.environment:checking '/home/utec/humanoid_ws/install/h1_2_interface' for CMake module files
[1.928s] DEBUG:colcon.colcon_core.event_handler.log_command:Invoked command in '/home/utec/humanoid_ws/build/h1_2_interface' returned '0': CMAKE_PREFIX_PATH=/home/utec/humanoid_ws/install/unitree_hg:/home/utec/humanoid_ws/install/unitree_ros2_example:/home/utec/humanoid_ws/install/h1_2_interface:/home/utec/humanoid_ws/install/unitree_go:/home/utec/humanoid_ws/install/unitree_api:/home/utec/humanoid_ws/install/h1_2_description:/home/utec/humanoid_ws/install/pycodes_h1:/home/utec/humanoid_ws/install/h1_2_model:/home/utec/humanoid_ws/install/h1_2_algoritms:/opt/ros/humble /usr/bin/cmake --install /home/utec/humanoid_ws/build/h1_2_interface
[1.932s] Level 1:colcon.colcon_core.environment:checking '/home/utec/humanoid_ws/install/h1_2_interface' for CMake config files
[1.932s] Level 1:colcon.colcon_core.shell:create_environment_hook('h1_2_interface', 'cmake_prefix_path')
[1.932s] INFO:colcon.colcon_core.shell:Creating environment hook '/home/utec/humanoid_ws/install/h1_2_interface/share/h1_2_interface/hook/cmake_prefix_path.ps1'
[1.933s] INFO:colcon.colcon_core.shell:Creating environment descriptor '/home/utec/humanoid_ws/install/h1_2_interface/share/h1_2_interface/hook/cmake_prefix_path.dsv'
[1.934s] INFO:colcon.colcon_core.shell:Creating environment hook '/home/utec/humanoid_ws/install/h1_2_interface/share/h1_2_interface/hook/cmake_prefix_path.sh'
[1.934s] Level 1:colcon.colcon_core.environment:checking '/home/utec/humanoid_ws/install/h1_2_interface/lib'
[1.934s] Level 1:colcon.colcon_core.environment:checking '/home/utec/humanoid_ws/install/h1_2_interface/bin'
[1.934s] Level 1:colcon.colcon_core.environment:checking '/home/utec/humanoid_ws/install/h1_2_interface/lib/pkgconfig/h1_2_interface.pc'
[1.935s] Level 1:colcon.colcon_core.environment:checking '/home/utec/humanoid_ws/install/h1_2_interface/lib/python3.10/site-packages'
[1.935s] Level 1:colcon.colcon_core.environment:checking '/home/utec/humanoid_ws/install/h1_2_interface/bin'
[1.936s] INFO:colcon.colcon_core.shell:Creating package script '/home/utec/humanoid_ws/install/h1_2_interface/share/h1_2_interface/package.ps1'
[1.936s] INFO:colcon.colcon_core.shell:Creating package descriptor '/home/utec/humanoid_ws/install/h1_2_interface/share/h1_2_interface/package.dsv'
[1.937s] INFO:colcon.colcon_core.shell:Creating package script '/home/utec/humanoid_ws/install/h1_2_interface/share/h1_2_interface/package.sh'
[1.937s] INFO:colcon.colcon_core.shell:Creating package script '/home/utec/humanoid_ws/install/h1_2_interface/share/h1_2_interface/package.bash'
[1.938s] INFO:colcon.colcon_core.shell:Creating package script '/home/utec/humanoid_ws/install/h1_2_interface/share/h1_2_interface/package.zsh'
[1.938s] Level 1:colcon.colcon_core.environment:create_file_with_runtime_dependencies(/home/utec/humanoid_ws/install/h1_2_interface/share/colcon-core/packages/h1_2_interface)
[1.939s] Level 1:colcon.colcon_core.environment:create_environment_scripts_only(h1_2_interface)
[1.939s] Level 1:colcon.colcon_core.environment:checking '/home/utec/humanoid_ws/install/h1_2_interface' for CMake module files
[1.940s] Level 1:colcon.colcon_core.environment:checking '/home/utec/humanoid_ws/install/h1_2_interface' for CMake config files
[1.940s] Level 1:colcon.colcon_core.shell:create_environment_hook('h1_2_interface', 'cmake_prefix_path')
[1.940s] INFO:colcon.colcon_core.shell:Creating environment hook '/home/utec/humanoid_ws/install/h1_2_interface/share/h1_2_interface/hook/cmake_prefix_path.ps1'
[1.941s] INFO:colcon.colcon_core.shell:Creating environment descriptor '/home/utec/humanoid_ws/install/h1_2_interface/share/h1_2_interface/hook/cmake_prefix_path.dsv'
[1.941s] INFO:colcon.colcon_core.shell:Creating environment hook '/home/utec/humanoid_ws/install/h1_2_interface/share/h1_2_interface/hook/cmake_prefix_path.sh'
[1.942s] Level 1:colcon.colcon_core.environment:checking '/home/utec/humanoid_ws/install/h1_2_interface/lib'
[1.942s] Level 1:colcon.colcon_core.environment:checking '/home/utec/humanoid_ws/install/h1_2_interface/bin'
[1.942s] Level 1:colcon.colcon_core.environment:checking '/home/utec/humanoid_ws/install/h1_2_interface/lib/pkgconfig/h1_2_interface.pc'
[1.943s] Level 1:colcon.colcon_core.environment:checking '/home/utec/humanoid_ws/install/h1_2_interface/lib/python3.10/site-packages'
[1.943s] Level 1:colcon.colcon_core.environment:checking '/home/utec/humanoid_ws/install/h1_2_interface/bin'
[1.944s] INFO:colcon.colcon_core.shell:Creating package script '/home/utec/humanoid_ws/install/h1_2_interface/share/h1_2_interface/package.ps1'
[1.945s] INFO:colcon.colcon_core.shell:Creating package descriptor '/home/utec/humanoid_ws/install/h1_2_interface/share/h1_2_interface/package.dsv'
[1.945s] INFO:colcon.colcon_core.shell:Creating package script '/home/utec/humanoid_ws/install/h1_2_interface/share/h1_2_interface/package.sh'
[1.946s] INFO:colcon.colcon_core.shell:Creating package script '/home/utec/humanoid_ws/install/h1_2_interface/share/h1_2_interface/package.bash'
[1.946s] INFO:colcon.colcon_core.shell:Creating package script '/home/utec/humanoid_ws/install/h1_2_interface/share/h1_2_interface/package.zsh'
[1.947s] Level 1:colcon.colcon_core.environment:create_file_with_runtime_dependencies(/home/utec/humanoid_ws/install/h1_2_interface/share/colcon-core/packages/h1_2_interface)
[2.256s] DEBUG:colcon.colcon_core.event_handler.log_command:Invoked command in '/home/utec/humanoid_ws/build/unitree_ros2_example' returned '0': CMAKE_PREFIX_PATH=/home/utec/humanoid_ws/install/unitree_hg:/home/utec/humanoid_ws/install/unitree_go:/home/utec/humanoid_ws/install/unitree_api:/home/utec/humanoid_ws/install/unitree_ros2_example:/home/utec/humanoid_ws/install/h1_2_interface:/home/utec/humanoid_ws/install/h1_2_description:/home/utec/humanoid_ws/install/pycodes_h1:/home/utec/humanoid_ws/install/h1_2_model:/home/utec/humanoid_ws/install/h1_2_algoritms:/opt/ros/humble /usr/bin/cmake --build /home/utec/humanoid_ws/build/unitree_ros2_example -- -j8 -l8
[2.258s] DEBUG:colcon.colcon_core.event_handler.log_command:Invoking command in '/home/utec/humanoid_ws/build/unitree_ros2_example': CMAKE_PREFIX_PATH=/home/utec/humanoid_ws/install/unitree_hg:/home/utec/humanoid_ws/install/unitree_go:/home/utec/humanoid_ws/install/unitree_api:/home/utec/humanoid_ws/install/unitree_ros2_example:/home/utec/humanoid_ws/install/h1_2_interface:/home/utec/humanoid_ws/install/h1_2_description:/home/utec/humanoid_ws/install/pycodes_h1:/home/utec/humanoid_ws/install/h1_2_model:/home/utec/humanoid_ws/install/h1_2_algoritms:/opt/ros/humble /usr/bin/cmake --install /home/utec/humanoid_ws/build/unitree_ros2_example
[2.274s] Level 1:colcon.colcon_core.environment:create_environment_scripts_only(unitree_ros2_example)
[2.275s] Level 1:colcon.colcon_core.environment:checking '/home/utec/humanoid_ws/install/unitree_ros2_example' for CMake module files
[2.275s] Level 1:colcon.colcon_core.environment:checking '/home/utec/humanoid_ws/install/unitree_ros2_example' for CMake config files
[2.276s] DEBUG:colcon.colcon_core.event_handler.log_command:Invoked command in '/home/utec/humanoid_ws/build/unitree_ros2_example' returned '0': CMAKE_PREFIX_PATH=/home/utec/humanoid_ws/install/unitree_hg:/home/utec/humanoid_ws/install/unitree_go:/home/utec/humanoid_ws/install/unitree_api:/home/utec/humanoid_ws/install/unitree_ros2_example:/home/utec/humanoid_ws/install/h1_2_interface:/home/utec/humanoid_ws/install/h1_2_description:/home/utec/humanoid_ws/install/pycodes_h1:/home/utec/humanoid_ws/install/h1_2_model:/home/utec/humanoid_ws/install/h1_2_algoritms:/opt/ros/humble /usr/bin/cmake --install /home/utec/humanoid_ws/build/unitree_ros2_example
[2.276s] Level 1:colcon.colcon_core.shell:create_environment_hook('unitree_ros2_example', 'cmake_prefix_path')
[2.276s] INFO:colcon.colcon_core.shell:Creating environment hook '/home/utec/humanoid_ws/install/unitree_ros2_example/share/unitree_ros2_example/hook/cmake_prefix_path.ps1'
[2.277s] INFO:colcon.colcon_core.shell:Creating environment descriptor '/home/utec/humanoid_ws/install/unitree_ros2_example/share/unitree_ros2_example/hook/cmake_prefix_path.dsv'
[2.278s] INFO:colcon.colcon_core.shell:Creating environment hook '/home/utec/humanoid_ws/install/unitree_ros2_example/share/unitree_ros2_example/hook/cmake_prefix_path.sh'
[2.278s] Level 1:colcon.colcon_core.environment:checking '/home/utec/humanoid_ws/install/unitree_ros2_example/lib'
[2.278s] Level 1:colcon.colcon_core.environment:checking '/home/utec/humanoid_ws/install/unitree_ros2_example/bin'
[2.278s] Level 1:colcon.colcon_core.shell:create_environment_hook('unitree_ros2_example', 'path')
[2.279s] INFO:colcon.colcon_core.shell:Creating environment hook '/home/utec/humanoid_ws/install/unitree_ros2_example/share/unitree_ros2_example/hook/path.ps1'
[2.279s] INFO:colcon.colcon_core.shell:Creating environment descriptor '/home/utec/humanoid_ws/install/unitree_ros2_example/share/unitree_ros2_example/hook/path.dsv'
[2.280s] INFO:colcon.colcon_core.shell:Creating environment hook '/home/utec/humanoid_ws/install/unitree_ros2_example/share/unitree_ros2_example/hook/path.sh'
[2.280s] Level 1:colcon.colcon_core.environment:checking '/home/utec/humanoid_ws/install/unitree_ros2_example/lib/pkgconfig/unitree_ros2_example.pc'
[2.280s] Level 1:colcon.colcon_core.environment:checking '/home/utec/humanoid_ws/install/unitree_ros2_example/lib/python3.10/site-packages'
[2.281s] Level 1:colcon.colcon_core.environment:checking '/home/utec/humanoid_ws/install/unitree_ros2_example/bin'
[2.281s] Level 1:colcon.colcon_core.shell:create_environment_hook('unitree_ros2_example', 'pythonscriptspath')
[2.281s] INFO:colcon.colcon_core.shell:Creating environment hook '/home/utec/humanoid_ws/install/unitree_ros2_example/share/unitree_ros2_example/hook/pythonscriptspath.ps1'
[2.281s] INFO:colcon.colcon_core.shell:Creating environment descriptor '/home/utec/humanoid_ws/install/unitree_ros2_example/share/unitree_ros2_example/hook/pythonscriptspath.dsv'
[2.282s] INFO:colcon.colcon_core.shell:Creating environment hook '/home/utec/humanoid_ws/install/unitree_ros2_example/share/unitree_ros2_example/hook/pythonscriptspath.sh'
[2.282s] INFO:colcon.colcon_core.shell:Creating package script '/home/utec/humanoid_ws/install/unitree_ros2_example/share/unitree_ros2_example/package.ps1'
[2.283s] INFO:colcon.colcon_core.shell:Creating package descriptor '/home/utec/humanoid_ws/install/unitree_ros2_example/share/unitree_ros2_example/package.dsv'
[2.283s] INFO:colcon.colcon_core.shell:Creating package script '/home/utec/humanoid_ws/install/unitree_ros2_example/share/unitree_ros2_example/package.sh'
[2.284s] INFO:colcon.colcon_core.shell:Creating package script '/home/utec/humanoid_ws/install/unitree_ros2_example/share/unitree_ros2_example/package.bash'
[2.284s] INFO:colcon.colcon_core.shell:Creating package script '/home/utec/humanoid_ws/install/unitree_ros2_example/share/unitree_ros2_example/package.zsh'
[2.284s] Level 1:colcon.colcon_core.environment:create_file_with_runtime_dependencies(/home/utec/humanoid_ws/install/unitree_ros2_example/share/colcon-core/packages/unitree_ros2_example)
[2.285s] Level 1:colcon.colcon_core.environment:create_environment_scripts_only(unitree_ros2_example)
[2.285s] Level 1:colcon.colcon_core.environment:checking '/home/utec/humanoid_ws/install/unitree_ros2_example' for CMake module files
[2.285s] Level 1:colcon.colcon_core.environment:checking '/home/utec/humanoid_ws/install/unitree_ros2_example' for CMake config files
[2.285s] Level 1:colcon.colcon_core.shell:create_environment_hook('unitree_ros2_example', 'cmake_prefix_path')
[2.286s] INFO:colcon.colcon_core.shell:Creating environment hook '/home/utec/humanoid_ws/install/unitree_ros2_example/share/unitree_ros2_example/hook/cmake_prefix_path.ps1'
[2.286s] INFO:colcon.colcon_core.shell:Creating environment descriptor '/home/utec/humanoid_ws/install/unitree_ros2_example/share/unitree_ros2_example/hook/cmake_prefix_path.dsv'
[2.286s] INFO:colcon.colcon_core.shell:Creating environment hook '/home/utec/humanoid_ws/install/unitree_ros2_example/share/unitree_ros2_example/hook/cmake_prefix_path.sh'
[2.287s] Level 1:colcon.colcon_core.environment:checking '/home/utec/humanoid_ws/install/unitree_ros2_example/lib'
[2.287s] Level 1:colcon.colcon_core.environment:checking '/home/utec/humanoid_ws/install/unitree_ros2_example/bin'
[2.287s] Level 1:colcon.colcon_core.shell:create_environment_hook('unitree_ros2_example', 'path')
[2.287s] INFO:colcon.colcon_core.shell:Creating environment hook '/home/utec/humanoid_ws/install/unitree_ros2_example/share/unitree_ros2_example/hook/path.ps1'
[2.288s] INFO:colcon.colcon_core.shell:Creating environment descriptor '/home/utec/humanoid_ws/install/unitree_ros2_example/share/unitree_ros2_example/hook/path.dsv'
[2.288s] INFO:colcon.colcon_core.shell:Creating environment hook '/home/utec/humanoid_ws/install/unitree_ros2_example/share/unitree_ros2_example/hook/path.sh'
[2.288s] Level 1:colcon.colcon_core.environment:checking '/home/utec/humanoid_ws/install/unitree_ros2_example/lib/pkgconfig/unitree_ros2_example.pc'
[2.288s] Level 1:colcon.colcon_core.environment:checking '/home/utec/humanoid_ws/install/unitree_ros2_example/lib/python3.10/site-packages'
[2.289s] Level 1:colcon.colcon_core.environment:checking '/home/utec/humanoid_ws/install/unitree_ros2_example/bin'
[2.289s] Level 1:colcon.colcon_core.shell:create_environment_hook('unitree_ros2_example', 'pythonscriptspath')
[2.289s] INFO:colcon.colcon_core.shell:Creating environment hook '/home/utec/humanoid_ws/install/unitree_ros2_example/share/unitree_ros2_example/hook/pythonscriptspath.ps1'
[2.289s] INFO:colcon.colcon_core.shell:Creating environment descriptor '/home/utec/humanoid_ws/install/unitree_ros2_example/share/unitree_ros2_example/hook/pythonscriptspath.dsv'
[2.290s] INFO:colcon.colcon_core.shell:Creating environment hook '/home/utec/humanoid_ws/install/unitree_ros2_example/share/unitree_ros2_example/hook/pythonscriptspath.sh'
[2.290s] INFO:colcon.colcon_core.shell:Creating package script '/home/utec/humanoid_ws/install/unitree_ros2_example/share/unitree_ros2_example/package.ps1'
[2.291s] INFO:colcon.colcon_core.shell:Creating package descriptor '/home/utec/humanoid_ws/install/unitree_ros2_example/share/unitree_ros2_example/package.dsv'
[2.292s] INFO:colcon.colcon_core.shell:Creating package script '/home/utec/humanoid_ws/install/unitree_ros2_example/share/unitree_ros2_example/package.sh'
[2.292s] INFO:colcon.colcon_core.shell:Creating package script '/home/utec/humanoid_ws/install/unitree_ros2_example/share/unitree_ros2_example/package.bash'
[2.293s] INFO:colcon.colcon_core.shell:Creating package script '/home/utec/humanoid_ws/install/unitree_ros2_example/share/unitree_ros2_example/package.zsh'
[2.293s] Level 1:colcon.colcon_core.environment:create_file_with_runtime_dependencies(/home/utec/humanoid_ws/install/unitree_ros2_example/share/colcon-core/packages/unitree_ros2_example)
[2.504s] DEBUG:colcon.colcon_core.event_handler.log_command:Invoking command in '/home/utec/humanoid_ws/src/pycodes_h1': CMAKE_PREFIX_PATH=/home/utec/humanoid_ws/install/unitree_hg:/home/utec/humanoid_ws/install/unitree_ros2_example:/home/utec/humanoid_ws/install/h1_2_interface:/home/utec/humanoid_ws/install/unitree_go:/home/utec/humanoid_ws/install/unitree_api:/home/utec/humanoid_ws/install/h1_2_description PYTHONPATH=/home/utec/humanoid_ws/build/pycodes_h1/prefix_override:/usr/lib/python3/dist-packages/colcon_core/task/python/colcon_distutils_commands:/home/utec/humanoid_ws/install/pycodes_h1/lib/python3.10/site-packages:${PYTHONPATH} /usr/bin/python3 -W ignore:setup.py install is deprecated -W ignore:easy_install command is deprecated setup.py egg_info --egg-base ../../build/pycodes_h1 build --build-base /home/utec/humanoid_ws/build/pycodes_h1/build install --record /home/utec/humanoid_ws/build/pycodes_h1/install.log --single-version-externally-managed install_data
[2.505s] Level 1:colcon.colcon_core.environment:checking '/home/utec/humanoid_ws/install/h1_2_model' for CMake module files
[2.506s] DEBUG:colcon.colcon_core.event_handler.log_command:Invoked command in '/home/utec/humanoid_ws/src/h1_2_utec/h1_2_model' returned '0': CMAKE_PREFIX_PATH=/home/utec/humanoid_ws/install/h1_2_description:/home/utec/humanoid_ws/install/unitree_ros2_example:/home/utec/humanoid_ws/install/h1_2_interface:/home/utec/humanoid_ws/install/unitree_hg:/home/utec/humanoid_ws/install/unitree_go:/home/utec/humanoid_ws/install/unitree_api PYTHONPATH=/home/utec/humanoid_ws/build/h1_2_model/prefix_override:/usr/lib/python3/dist-packages/colcon_core/task/python/colcon_distutils_commands:/home/utec/humanoid_ws/install/h1_2_model/lib/python3.10/site-packages:${PYTHONPATH} /usr/bin/python3 -W ignore:setup.py install is deprecated -W ignore:easy_install command is deprecated setup.py egg_info --egg-base ../../../build/h1_2_model build --build-base /home/utec/humanoid_ws/build/h1_2_model/build install --record /home/utec/humanoid_ws/build/h1_2_model/install.log --single-version-externally-managed install_data
[2.506s] Level 1:colcon.colcon_core.environment:checking '/home/utec/humanoid_ws/install/h1_2_model' for CMake config files
[2.506s] Level 1:colcon.colcon_core.environment:checking '/home/utec/humanoid_ws/install/h1_2_model/lib'
[2.506s] Level 1:colcon.colcon_core.environment:checking '/home/utec/humanoid_ws/install/h1_2_model/bin'
[2.506s] Level 1:colcon.colcon_core.environment:checking '/home/utec/humanoid_ws/install/h1_2_model/lib/pkgconfig/h1_2_model.pc'
[2.507s] Level 1:colcon.colcon_core.environment:checking '/home/utec/humanoid_ws/install/h1_2_model/lib/python3.10/site-packages'
[2.507s] Level 1:colcon.colcon_core.shell:create_environment_hook('h1_2_model', 'pythonpath')
[2.507s] INFO:colcon.colcon_core.shell:Creating environment hook '/home/utec/humanoid_ws/install/h1_2_model/share/h1_2_model/hook/pythonpath.ps1'
[2.507s] INFO:colcon.colcon_core.shell:Creating environment descriptor '/home/utec/humanoid_ws/install/h1_2_model/share/h1_2_model/hook/pythonpath.dsv'
[2.507s] INFO:colcon.colcon_core.shell:Creating environment hook '/home/utec/humanoid_ws/install/h1_2_model/share/h1_2_model/hook/pythonpath.sh'
[2.508s] Level 1:colcon.colcon_core.environment:checking '/home/utec/humanoid_ws/install/h1_2_model/bin'
[2.508s] Level 1:colcon.colcon_core.environment:create_environment_scripts_only(h1_2_model)
[2.508s] INFO:colcon.colcon_core.shell:Creating package script '/home/utec/humanoid_ws/install/h1_2_model/share/h1_2_model/package.ps1'
[2.509s] INFO:colcon.colcon_core.shell:Creating package descriptor '/home/utec/humanoid_ws/install/h1_2_model/share/h1_2_model/package.dsv'
[2.509s] INFO:colcon.colcon_core.shell:Creating package script '/home/utec/humanoid_ws/install/h1_2_model/share/h1_2_model/package.sh'
[2.510s] INFO:colcon.colcon_core.shell:Creating package script '/home/utec/humanoid_ws/install/h1_2_model/share/h1_2_model/package.bash'
[2.510s] INFO:colcon.colcon_core.shell:Creating package script '/home/utec/humanoid_ws/install/h1_2_model/share/h1_2_model/package.zsh'
[2.510s] Level 1:colcon.colcon_core.environment:create_file_with_runtime_dependencies(/home/utec/humanoid_ws/install/h1_2_model/share/colcon-core/packages/h1_2_model)
[2.801s] Level 1:colcon.colcon_core.environment:checking '/home/utec/humanoid_ws/install/pycodes_h1' for CMake module files
[2.801s] DEBUG:colcon.colcon_core.event_handler.log_command:Invoked command in '/home/utec/humanoid_ws/src/pycodes_h1' returned '0': CMAKE_PREFIX_PATH=/home/utec/humanoid_ws/install/unitree_hg:/home/utec/humanoid_ws/install/unitree_ros2_example:/home/utec/humanoid_ws/install/h1_2_interface:/home/utec/humanoid_ws/install/unitree_go:/home/utec/humanoid_ws/install/unitree_api:/home/utec/humanoid_ws/install/h1_2_description PYTHONPATH=/home/utec/humanoid_ws/build/pycodes_h1/prefix_override:/usr/lib/python3/dist-packages/colcon_core/task/python/colcon_distutils_commands:/home/utec/humanoid_ws/install/pycodes_h1/lib/python3.10/site-packages:${PYTHONPATH} /usr/bin/python3 -W ignore:setup.py install is deprecated -W ignore:easy_install command is deprecated setup.py egg_info --egg-base ../../build/pycodes_h1 build --build-base /home/utec/humanoid_ws/build/pycodes_h1/build install --record /home/utec/humanoid_ws/build/pycodes_h1/install.log --single-version-externally-managed install_data
[2.802s] Level 1:colcon.colcon_core.environment:checking '/home/utec/humanoid_ws/install/pycodes_h1' for CMake config files
[2.802s] Level 1:colcon.colcon_core.environment:checking '/home/utec/humanoid_ws/install/pycodes_h1/lib'
[2.802s] Level 1:colcon.colcon_core.environment:checking '/home/utec/humanoid_ws/install/pycodes_h1/bin'
[2.802s] Level 1:colcon.colcon_core.environment:checking '/home/utec/humanoid_ws/install/pycodes_h1/lib/pkgconfig/pycodes_h1.pc'
[2.802s] Level 1:colcon.colcon_core.environment:checking '/home/utec/humanoid_ws/install/pycodes_h1/lib/python3.10/site-packages'
[2.802s] Level 1:colcon.colcon_core.shell:create_environment_hook('pycodes_h1', 'pythonpath')
[2.803s] INFO:colcon.colcon_core.shell:Creating environment hook '/home/utec/humanoid_ws/install/pycodes_h1/share/pycodes_h1/hook/pythonpath.ps1'
[2.803s] INFO:colcon.colcon_core.shell:Creating environment descriptor '/home/utec/humanoid_ws/install/pycodes_h1/share/pycodes_h1/hook/pythonpath.dsv'
[2.803s] INFO:colcon.colcon_core.shell:Creating environment hook '/home/utec/humanoid_ws/install/pycodes_h1/share/pycodes_h1/hook/pythonpath.sh'
[2.804s] Level 1:colcon.colcon_core.environment:checking '/home/utec/humanoid_ws/install/pycodes_h1/bin'
[2.804s] Level 1:colcon.colcon_core.environment:create_environment_scripts_only(pycodes_h1)
[2.804s] INFO:colcon.colcon_core.shell:Creating package script '/home/utec/humanoid_ws/install/pycodes_h1/share/pycodes_h1/package.ps1'
[2.804s] INFO:colcon.colcon_core.shell:Creating package descriptor '/home/utec/humanoid_ws/install/pycodes_h1/share/pycodes_h1/package.dsv'
[2.805s] INFO:colcon.colcon_core.shell:Creating package script '/home/utec/humanoid_ws/install/pycodes_h1/share/pycodes_h1/package.sh'
[2.805s] INFO:colcon.colcon_core.shell:Creating package script '/home/utec/humanoid_ws/install/pycodes_h1/share/pycodes_h1/package.bash'
[2.805s] INFO:colcon.colcon_core.shell:Creating package script '/home/utec/humanoid_ws/install/pycodes_h1/share/pycodes_h1/package.zsh'
[2.806s] Level 1:colcon.colcon_core.environment:create_file_with_runtime_dependencies(/home/utec/humanoid_ws/install/pycodes_h1/share/colcon-core/packages/pycodes_h1)
[2.806s] DEBUG:colcon.colcon_parallel_executor.executor.parallel:closing loop
[2.806s] DEBUG:colcon.colcon_parallel_executor.executor.parallel:loop closed
[2.806s] DEBUG:colcon.colcon_parallel_executor.executor.parallel:run_until_complete finished with '0'
[2.806s] DEBUG:colcon.colcon_core.event_reactor:joining thread
[2.816s] INFO:colcon.colcon_core.plugin_system:Skipping extension 'colcon_notification.desktop_notification.terminal_notifier': Not used on non-Darwin systems
[2.816s] INFO:colcon.colcon_core.plugin_system:Skipping extension 'colcon_notification.desktop_notification.win32': Not used on non-Windows systems
[2.816s] INFO:colcon.colcon_notification.desktop_notification:Sending desktop notification using 'notify2'
[2.825s] DEBUG:colcon.colcon_core.event_reactor:joined thread
[2.825s] INFO:colcon.colcon_core.shell:Creating prefix script '/home/utec/humanoid_ws/install/local_setup.ps1'
[2.826s] INFO:colcon.colcon_core.shell:Creating prefix util module '/home/utec/humanoid_ws/install/_local_setup_util_ps1.py'
[2.827s] INFO:colcon.colcon_core.shell:Creating prefix chain script '/home/utec/humanoid_ws/install/setup.ps1'
[2.829s] INFO:colcon.colcon_core.shell:Creating prefix script '/home/utec/humanoid_ws/install/local_setup.sh'
[2.830s] INFO:colcon.colcon_core.shell:Creating prefix util module '/home/utec/humanoid_ws/install/_local_setup_util_sh.py'
[2.830s] INFO:colcon.colcon_core.shell:Creating prefix chain script '/home/utec/humanoid_ws/install/setup.sh'
[2.831s] INFO:colcon.colcon_core.shell:Creating prefix script '/home/utec/humanoid_ws/install/local_setup.bash'
[2.831s] INFO:colcon.colcon_core.shell:Creating prefix chain script '/home/utec/humanoid_ws/install/setup.bash'
[2.832s] INFO:colcon.colcon_core.shell:Creating prefix script '/home/utec/humanoid_ws/install/local_setup.zsh'
[2.832s] INFO:colcon.colcon_core.shell:Creating prefix chain script '/home/utec/humanoid_ws/install/setup.zsh'
