[0.091s] DEBUG:colcon:Command line arguments: ['/usr/bin/colcon', 'build']
[0.091s] DEBUG:colcon:Parsed command line arguments: Namespace(log_base=None, log_level=None, verb_name='build', build_base='build', install_base='install', merge_install=False, symlink_install=False, test_result_base=None, continue_on_error=False, executor='parallel', parallel_workers=8, event_handlers=None, ignore_user_meta=False, metas=['./colcon.meta'], base_paths=['.'], packages_ignore=None, packages_ignore_regex=None, paths=None, packages_up_to=None, packages_up_to_regex=None, packages_above=None, packages_above_and_dependencies=None, packages_above_depth=None, packages_select_by_dep=None, packages_skip_by_dep=None, packages_skip_up_to=None, packages_select_build_failed=False, packages_skip_build_finished=False, packages_select_test_failures=False, packages_skip_test_passed=False, packages_select=None, packages_skip=None, packages_select_regex=None, packages_skip_regex=None, packages_start=None, packages_end=None, allow_overriding=[], cmake_args=None, cmake_target=None, cmake_target_skip_unavailable=False, cmake_clean_cache=False, cmake_clean_first=False, cmake_force_configure=False, ament_cmake_args=None, catkin_cmake_args=None, catkin_skip_building_tests=False, verb_parser=<colcon_defaults.argument_parser.defaults.DefaultArgumentsDecorator object at 0x7db37fd1e050>, verb_extension=<colcon_core.verb.build.BuildVerb object at 0x7db37fd1db10>, main=<bound method BuildVerb.main of <colcon_core.verb.build.BuildVerb object at 0x7db37fd1db10>>)
[0.247s] Level 1:colcon.colcon_core.package_discovery:discover_packages(colcon_meta) check parameters
[0.247s] Level 1:colcon.colcon_core.package_discovery:discover_packages(recursive) check parameters
[0.247s] Level 1:colcon.colcon_core.package_discovery:discover_packages(ignore) check parameters
[0.247s] Level 1:colcon.colcon_core.package_discovery:discover_packages(path) check parameters
[0.247s] Level 1:colcon.colcon_core.package_discovery:discover_packages(colcon_meta) discover
[0.247s] Level 1:colcon.colcon_core.package_discovery:discover_packages(recursive) discover
[0.247s] INFO:colcon.colcon_core.package_discovery:Crawling recursively for packages in '/home/utec/humanoid_ws'
[0.247s] Level 1:colcon.colcon_core.package_identification:_identify(.) by extensions ['ignore', 'ignore_ament_install']
[0.248s] Level 1:colcon.colcon_core.package_identification:_identify(.) by extension 'ignore'
[0.248s] Level 1:colcon.colcon_core.package_identification:_identify(.) by extension 'ignore_ament_install'
[0.248s] Level 1:colcon.colcon_core.package_identification:_identify(.) by extensions ['colcon_pkg']
[0.248s] Level 1:colcon.colcon_core.package_identification:_identify(.) by extension 'colcon_pkg'
[0.248s] Level 1:colcon.colcon_core.package_identification:_identify(.) by extensions ['colcon_meta']
[0.248s] Level 1:colcon.colcon_core.package_identification:_identify(.) by extension 'colcon_meta'
[0.248s] Level 1:colcon.colcon_core.package_identification:_identify(.) by extensions ['ros']
[0.248s] Level 1:colcon.colcon_core.package_identification:_identify(.) by extension 'ros'
[0.257s] Level 1:colcon.colcon_core.package_identification:_identify(.) by extensions ['cmake', 'python']
[0.257s] Level 1:colcon.colcon_core.package_identification:_identify(.) by extension 'cmake'
[0.257s] Level 1:colcon.colcon_core.package_identification:_identify(.) by extension 'python'
[0.257s] Level 1:colcon.colcon_core.package_identification:_identify(.) by extensions ['python_setup_py']
[0.257s] Level 1:colcon.colcon_core.package_identification:_identify(.) by extension 'python_setup_py'
[0.257s] Level 1:colcon.colcon_core.package_identification:_identify(build) by extensions ['ignore', 'ignore_ament_install']
[0.257s] Level 1:colcon.colcon_core.package_identification:_identify(build) by extension 'ignore'
[0.257s] Level 1:colcon.colcon_core.package_identification:_identify(build) ignored
[0.257s] Level 1:colcon.colcon_core.package_identification:_identify(install) by extensions ['ignore', 'ignore_ament_install']
[0.257s] Level 1:colcon.colcon_core.package_identification:_identify(install) by extension 'ignore'
[0.257s] Level 1:colcon.colcon_core.package_identification:_identify(install) ignored
[0.257s] Level 1:colcon.colcon_core.package_identification:_identify(log) by extensions ['ignore', 'ignore_ament_install']
[0.257s] Level 1:colcon.colcon_core.package_identification:_identify(log) by extension 'ignore'
[0.257s] Level 1:colcon.colcon_core.package_identification:_identify(log) ignored
[0.257s] Level 1:colcon.colcon_core.package_identification:_identify(src) by extensions ['ignore', 'ignore_ament_install']
[0.258s] Level 1:colcon.colcon_core.package_identification:_identify(src) by extension 'ignore'
[0.258s] Level 1:colcon.colcon_core.package_identification:_identify(src) by extension 'ignore_ament_install'
[0.258s] Level 1:colcon.colcon_core.package_identification:_identify(src) by extensions ['colcon_pkg']
[0.258s] Level 1:colcon.colcon_core.package_identification:_identify(src) by extension 'colcon_pkg'
[0.258s] Level 1:colcon.colcon_core.package_identification:_identify(src) by extensions ['colcon_meta']
[0.258s] Level 1:colcon.colcon_core.package_identification:_identify(src) by extension 'colcon_meta'
[0.258s] Level 1:colcon.colcon_core.package_identification:_identify(src) by extensions ['ros']
[0.258s] Level 1:colcon.colcon_core.package_identification:_identify(src) by extension 'ros'
[0.258s] Level 1:colcon.colcon_core.package_identification:_identify(src) by extensions ['cmake', 'python']
[0.258s] Level 1:colcon.colcon_core.package_identification:_identify(src) by extension 'cmake'
[0.258s] Level 1:colcon.colcon_core.package_identification:_identify(src) by extension 'python'
[0.258s] Level 1:colcon.colcon_core.package_identification:_identify(src) by extensions ['python_setup_py']
[0.258s] Level 1:colcon.colcon_core.package_identification:_identify(src) by extension 'python_setup_py'
[0.258s] Level 1:colcon.colcon_core.package_identification:_identify(src/h1_2_utec) by extensions ['ignore', 'ignore_ament_install']
[0.258s] Level 1:colcon.colcon_core.package_identification:_identify(src/h1_2_utec) by extension 'ignore'
[0.258s] Level 1:colcon.colcon_core.package_identification:_identify(src/h1_2_utec) by extension 'ignore_ament_install'
[0.258s] Level 1:colcon.colcon_core.package_identification:_identify(src/h1_2_utec) by extensions ['colcon_pkg']
[0.258s] Level 1:colcon.colcon_core.package_identification:_identify(src/h1_2_utec) by extension 'colcon_pkg'
[0.258s] Level 1:colcon.colcon_core.package_identification:_identify(src/h1_2_utec) by extensions ['colcon_meta']
[0.258s] Level 1:colcon.colcon_core.package_identification:_identify(src/h1_2_utec) by extension 'colcon_meta'
[0.258s] Level 1:colcon.colcon_core.package_identification:_identify(src/h1_2_utec) by extensions ['ros']
[0.258s] Level 1:colcon.colcon_core.package_identification:_identify(src/h1_2_utec) by extension 'ros'
[0.258s] Level 1:colcon.colcon_core.package_identification:_identify(src/h1_2_utec) by extensions ['cmake', 'python']
[0.258s] Level 1:colcon.colcon_core.package_identification:_identify(src/h1_2_utec) by extension 'cmake'
[0.258s] Level 1:colcon.colcon_core.package_identification:_identify(src/h1_2_utec) by extension 'python'
[0.258s] Level 1:colcon.colcon_core.package_identification:_identify(src/h1_2_utec) by extensions ['python_setup_py']
[0.258s] Level 1:colcon.colcon_core.package_identification:_identify(src/h1_2_utec) by extension 'python_setup_py'
[0.259s] Level 1:colcon.colcon_core.package_identification:_identify(src/h1_2_utec/h1_2_description) by extensions ['ignore', 'ignore_ament_install']
[0.259s] Level 1:colcon.colcon_core.package_identification:_identify(src/h1_2_utec/h1_2_description) by extension 'ignore'
[0.259s] Level 1:colcon.colcon_core.package_identification:_identify(src/h1_2_utec/h1_2_description) by extension 'ignore_ament_install'
[0.259s] Level 1:colcon.colcon_core.package_identification:_identify(src/h1_2_utec/h1_2_description) by extensions ['colcon_pkg']
[0.259s] Level 1:colcon.colcon_core.package_identification:_identify(src/h1_2_utec/h1_2_description) by extension 'colcon_pkg'
[0.259s] Level 1:colcon.colcon_core.package_identification:_identify(src/h1_2_utec/h1_2_description) by extensions ['colcon_meta']
[0.259s] Level 1:colcon.colcon_core.package_identification:_identify(src/h1_2_utec/h1_2_description) by extension 'colcon_meta'
[0.259s] Level 1:colcon.colcon_core.package_identification:_identify(src/h1_2_utec/h1_2_description) by extensions ['ros']
[0.259s] Level 1:colcon.colcon_core.package_identification:_identify(src/h1_2_utec/h1_2_description) by extension 'ros'
[0.261s] DEBUG:colcon.colcon_core.package_identification:Package 'src/h1_2_utec/h1_2_description' with type 'ros.ament_cmake' and name 'h1_2_description'
[0.261s] Level 1:colcon.colcon_core.package_identification:_identify(src/h1_2_utec/h1_2_interface) by extensions ['ignore', 'ignore_ament_install']
[0.261s] Level 1:colcon.colcon_core.package_identification:_identify(src/h1_2_utec/h1_2_interface) by extension 'ignore'
[0.261s] Level 1:colcon.colcon_core.package_identification:_identify(src/h1_2_utec/h1_2_interface) by extension 'ignore_ament_install'
[0.261s] Level 1:colcon.colcon_core.package_identification:_identify(src/h1_2_utec/h1_2_interface) by extensions ['colcon_pkg']
[0.261s] Level 1:colcon.colcon_core.package_identification:_identify(src/h1_2_utec/h1_2_interface) by extension 'colcon_pkg'
[0.261s] Level 1:colcon.colcon_core.package_identification:_identify(src/h1_2_utec/h1_2_interface) by extensions ['colcon_meta']
[0.261s] Level 1:colcon.colcon_core.package_identification:_identify(src/h1_2_utec/h1_2_interface) by extension 'colcon_meta'
[0.261s] Level 1:colcon.colcon_core.package_identification:_identify(src/h1_2_utec/h1_2_interface) by extensions ['ros']
[0.261s] Level 1:colcon.colcon_core.package_identification:_identify(src/h1_2_utec/h1_2_interface) by extension 'ros'
[0.262s] DEBUG:colcon.colcon_core.package_identification:Package 'src/h1_2_utec/h1_2_interface' with type 'ros.ament_cmake' and name 'h1_2_interface'
[0.262s] Level 1:colcon.colcon_core.package_identification:_identify(src/h1_2_utec/h1_2_model) by extensions ['ignore', 'ignore_ament_install']
[0.262s] Level 1:colcon.colcon_core.package_identification:_identify(src/h1_2_utec/h1_2_model) by extension 'ignore'
[0.262s] Level 1:colcon.colcon_core.package_identification:_identify(src/h1_2_utec/h1_2_model) by extension 'ignore_ament_install'
[0.262s] Level 1:colcon.colcon_core.package_identification:_identify(src/h1_2_utec/h1_2_model) by extensions ['colcon_pkg']
[0.262s] Level 1:colcon.colcon_core.package_identification:_identify(src/h1_2_utec/h1_2_model) by extension 'colcon_pkg'
[0.262s] Level 1:colcon.colcon_core.package_identification:_identify(src/h1_2_utec/h1_2_model) by extensions ['colcon_meta']
[0.262s] Level 1:colcon.colcon_core.package_identification:_identify(src/h1_2_utec/h1_2_model) by extension 'colcon_meta'
[0.262s] Level 1:colcon.colcon_core.package_identification:_identify(src/h1_2_utec/h1_2_model) by extensions ['ros']
[0.262s] Level 1:colcon.colcon_core.package_identification:_identify(src/h1_2_utec/h1_2_model) by extension 'ros'
[0.263s] DEBUG:colcon.colcon_core.package_identification:Package 'src/h1_2_utec/h1_2_model' with type 'ros.ament_python' and name 'h1_2_model'
[0.263s] Level 1:colcon.colcon_core.package_identification:_identify(src/pycodes_h1) by extensions ['ignore', 'ignore_ament_install']
[0.263s] Level 1:colcon.colcon_core.package_identification:_identify(src/pycodes_h1) by extension 'ignore'
[0.263s] Level 1:colcon.colcon_core.package_identification:_identify(src/pycodes_h1) by extension 'ignore_ament_install'
[0.263s] Level 1:colcon.colcon_core.package_identification:_identify(src/pycodes_h1) by extensions ['colcon_pkg']
[0.264s] Level 1:colcon.colcon_core.package_identification:_identify(src/pycodes_h1) by extension 'colcon_pkg'
[0.264s] Level 1:colcon.colcon_core.package_identification:_identify(src/pycodes_h1) by extensions ['colcon_meta']
[0.264s] Level 1:colcon.colcon_core.package_identification:_identify(src/pycodes_h1) by extension 'colcon_meta'
[0.264s] Level 1:colcon.colcon_core.package_identification:_identify(src/pycodes_h1) by extensions ['ros']
[0.264s] Level 1:colcon.colcon_core.package_identification:_identify(src/pycodes_h1) by extension 'ros'
[0.264s] DEBUG:colcon.colcon_core.package_identification:Package 'src/pycodes_h1' with type 'ros.ament_python' and name 'pycodes_h1'
[0.264s] Level 1:colcon.colcon_core.package_identification:_identify(src/unitree_ros2) by extensions ['ignore', 'ignore_ament_install']
[0.264s] Level 1:colcon.colcon_core.package_identification:_identify(src/unitree_ros2) by extension 'ignore'
[0.264s] Level 1:colcon.colcon_core.package_identification:_identify(src/unitree_ros2) by extension 'ignore_ament_install'
[0.264s] Level 1:colcon.colcon_core.package_identification:_identify(src/unitree_ros2) by extensions ['colcon_pkg']
[0.264s] Level 1:colcon.colcon_core.package_identification:_identify(src/unitree_ros2) by extension 'colcon_pkg'
[0.264s] Level 1:colcon.colcon_core.package_identification:_identify(src/unitree_ros2) by extensions ['colcon_meta']
[0.264s] Level 1:colcon.colcon_core.package_identification:_identify(src/unitree_ros2) by extension 'colcon_meta'
[0.265s] Level 1:colcon.colcon_core.package_identification:_identify(src/unitree_ros2) by extensions ['ros']
[0.265s] Level 1:colcon.colcon_core.package_identification:_identify(src/unitree_ros2) by extension 'ros'
[0.265s] Level 1:colcon.colcon_core.package_identification:_identify(src/unitree_ros2) by extensions ['cmake', 'python']
[0.265s] Level 1:colcon.colcon_core.package_identification:_identify(src/unitree_ros2) by extension 'cmake'
[0.265s] Level 1:colcon.colcon_core.package_identification:_identify(src/unitree_ros2) by extension 'python'
[0.265s] Level 1:colcon.colcon_core.package_identification:_identify(src/unitree_ros2) by extensions ['python_setup_py']
[0.265s] Level 1:colcon.colcon_core.package_identification:_identify(src/unitree_ros2) by extension 'python_setup_py'
[0.265s] Level 1:colcon.colcon_core.package_identification:_identify(src/unitree_ros2/build) by extensions ['ignore', 'ignore_ament_install']
[0.265s] Level 1:colcon.colcon_core.package_identification:_identify(src/unitree_ros2/build) by extension 'ignore'
[0.265s] Level 1:colcon.colcon_core.package_identification:_identify(src/unitree_ros2/build) ignored
[0.265s] Level 1:colcon.colcon_core.package_identification:_identify(src/unitree_ros2/cyclonedds_ws) by extensions ['ignore', 'ignore_ament_install']
[0.265s] Level 1:colcon.colcon_core.package_identification:_identify(src/unitree_ros2/cyclonedds_ws) by extension 'ignore'
[0.265s] Level 1:colcon.colcon_core.package_identification:_identify(src/unitree_ros2/cyclonedds_ws) by extension 'ignore_ament_install'
[0.265s] Level 1:colcon.colcon_core.package_identification:_identify(src/unitree_ros2/cyclonedds_ws) by extensions ['colcon_pkg']
[0.265s] Level 1:colcon.colcon_core.package_identification:_identify(src/unitree_ros2/cyclonedds_ws) by extension 'colcon_pkg'
[0.265s] Level 1:colcon.colcon_core.package_identification:_identify(src/unitree_ros2/cyclonedds_ws) by extensions ['colcon_meta']
[0.265s] Level 1:colcon.colcon_core.package_identification:_identify(src/unitree_ros2/cyclonedds_ws) by extension 'colcon_meta'
[0.265s] Level 1:colcon.colcon_core.package_identification:_identify(src/unitree_ros2/cyclonedds_ws) by extensions ['ros']
[0.265s] Level 1:colcon.colcon_core.package_identification:_identify(src/unitree_ros2/cyclonedds_ws) by extension 'ros'
[0.265s] Level 1:colcon.colcon_core.package_identification:_identify(src/unitree_ros2/cyclonedds_ws) by extensions ['cmake', 'python']
[0.265s] Level 1:colcon.colcon_core.package_identification:_identify(src/unitree_ros2/cyclonedds_ws) by extension 'cmake'
[0.266s] Level 1:colcon.colcon_core.package_identification:_identify(src/unitree_ros2/cyclonedds_ws) by extension 'python'
[0.266s] Level 1:colcon.colcon_core.package_identification:_identify(src/unitree_ros2/cyclonedds_ws) by extensions ['python_setup_py']
[0.266s] Level 1:colcon.colcon_core.package_identification:_identify(src/unitree_ros2/cyclonedds_ws) by extension 'python_setup_py'
[0.266s] Level 1:colcon.colcon_core.package_identification:_identify(src/unitree_ros2/cyclonedds_ws/build) by extensions ['ignore', 'ignore_ament_install']
[0.266s] Level 1:colcon.colcon_core.package_identification:_identify(src/unitree_ros2/cyclonedds_ws/build) by extension 'ignore'
[0.266s] Level 1:colcon.colcon_core.package_identification:_identify(src/unitree_ros2/cyclonedds_ws/build) ignored
[0.266s] Level 1:colcon.colcon_core.package_identification:_identify(src/unitree_ros2/cyclonedds_ws/install) by extensions ['ignore', 'ignore_ament_install']
[0.266s] Level 1:colcon.colcon_core.package_identification:_identify(src/unitree_ros2/cyclonedds_ws/install) by extension 'ignore'
[0.266s] Level 1:colcon.colcon_core.package_identification:_identify(src/unitree_ros2/cyclonedds_ws/install) ignored
[0.266s] Level 1:colcon.colcon_core.package_identification:_identify(src/unitree_ros2/cyclonedds_ws/log) by extensions ['ignore', 'ignore_ament_install']
[0.266s] Level 1:colcon.colcon_core.package_identification:_identify(src/unitree_ros2/cyclonedds_ws/log) by extension 'ignore'
[0.266s] Level 1:colcon.colcon_core.package_identification:_identify(src/unitree_ros2/cyclonedds_ws/log) ignored
[0.266s] Level 1:colcon.colcon_core.package_identification:_identify(src/unitree_ros2/cyclonedds_ws/src) by extensions ['ignore', 'ignore_ament_install']
[0.266s] Level 1:colcon.colcon_core.package_identification:_identify(src/unitree_ros2/cyclonedds_ws/src) by extension 'ignore'
[0.266s] Level 1:colcon.colcon_core.package_identification:_identify(src/unitree_ros2/cyclonedds_ws/src) by extension 'ignore_ament_install'
[0.266s] Level 1:colcon.colcon_core.package_identification:_identify(src/unitree_ros2/cyclonedds_ws/src) by extensions ['colcon_pkg']
[0.267s] Level 1:colcon.colcon_core.package_identification:_identify(src/unitree_ros2/cyclonedds_ws/src) by extension 'colcon_pkg'
[0.267s] Level 1:colcon.colcon_core.package_identification:_identify(src/unitree_ros2/cyclonedds_ws/src) by extensions ['colcon_meta']
[0.267s] Level 1:colcon.colcon_core.package_identification:_identify(src/unitree_ros2/cyclonedds_ws/src) by extension 'colcon_meta'
[0.267s] Level 1:colcon.colcon_core.package_identification:_identify(src/unitree_ros2/cyclonedds_ws/src) by extensions ['ros']
[0.267s] Level 1:colcon.colcon_core.package_identification:_identify(src/unitree_ros2/cyclonedds_ws/src) by extension 'ros'
[0.267s] Level 1:colcon.colcon_core.package_identification:_identify(src/unitree_ros2/cyclonedds_ws/src) by extensions ['cmake', 'python']
[0.267s] Level 1:colcon.colcon_core.package_identification:_identify(src/unitree_ros2/cyclonedds_ws/src) by extension 'cmake'
[0.267s] Level 1:colcon.colcon_core.package_identification:_identify(src/unitree_ros2/cyclonedds_ws/src) by extension 'python'
[0.267s] Level 1:colcon.colcon_core.package_identification:_identify(src/unitree_ros2/cyclonedds_ws/src) by extensions ['python_setup_py']
[0.267s] Level 1:colcon.colcon_core.package_identification:_identify(src/unitree_ros2/cyclonedds_ws/src) by extension 'python_setup_py'
[0.267s] Level 1:colcon.colcon_core.package_identification:_identify(src/unitree_ros2/cyclonedds_ws/src/unitree) by extensions ['ignore', 'ignore_ament_install']
[0.267s] Level 1:colcon.colcon_core.package_identification:_identify(src/unitree_ros2/cyclonedds_ws/src/unitree) by extension 'ignore'
[0.267s] Level 1:colcon.colcon_core.package_identification:_identify(src/unitree_ros2/cyclonedds_ws/src/unitree) by extension 'ignore_ament_install'
[0.267s] Level 1:colcon.colcon_core.package_identification:_identify(src/unitree_ros2/cyclonedds_ws/src/unitree) by extensions ['colcon_pkg']
[0.267s] Level 1:colcon.colcon_core.package_identification:_identify(src/unitree_ros2/cyclonedds_ws/src/unitree) by extension 'colcon_pkg'
[0.267s] Level 1:colcon.colcon_core.package_identification:_identify(src/unitree_ros2/cyclonedds_ws/src/unitree) by extensions ['colcon_meta']
[0.267s] Level 1:colcon.colcon_core.package_identification:_identify(src/unitree_ros2/cyclonedds_ws/src/unitree) by extension 'colcon_meta'
[0.267s] Level 1:colcon.colcon_core.package_identification:_identify(src/unitree_ros2/cyclonedds_ws/src/unitree) by extensions ['ros']
[0.267s] Level 1:colcon.colcon_core.package_identification:_identify(src/unitree_ros2/cyclonedds_ws/src/unitree) by extension 'ros'
[0.267s] Level 1:colcon.colcon_core.package_identification:_identify(src/unitree_ros2/cyclonedds_ws/src/unitree) by extensions ['cmake', 'python']
[0.267s] Level 1:colcon.colcon_core.package_identification:_identify(src/unitree_ros2/cyclonedds_ws/src/unitree) by extension 'cmake'
[0.267s] Level 1:colcon.colcon_core.package_identification:_identify(src/unitree_ros2/cyclonedds_ws/src/unitree) by extension 'python'
[0.267s] Level 1:colcon.colcon_core.package_identification:_identify(src/unitree_ros2/cyclonedds_ws/src/unitree) by extensions ['python_setup_py']
[0.267s] Level 1:colcon.colcon_core.package_identification:_identify(src/unitree_ros2/cyclonedds_ws/src/unitree) by extension 'python_setup_py'
[0.268s] Level 1:colcon.colcon_core.package_identification:_identify(src/unitree_ros2/cyclonedds_ws/src/unitree/unitree_api) by extensions ['ignore', 'ignore_ament_install']
[0.268s] Level 1:colcon.colcon_core.package_identification:_identify(src/unitree_ros2/cyclonedds_ws/src/unitree/unitree_api) by extension 'ignore'
[0.268s] Level 1:colcon.colcon_core.package_identification:_identify(src/unitree_ros2/cyclonedds_ws/src/unitree/unitree_api) by extension 'ignore_ament_install'
[0.268s] Level 1:colcon.colcon_core.package_identification:_identify(src/unitree_ros2/cyclonedds_ws/src/unitree/unitree_api) by extensions ['colcon_pkg']
[0.268s] Level 1:colcon.colcon_core.package_identification:_identify(src/unitree_ros2/cyclonedds_ws/src/unitree/unitree_api) by extension 'colcon_pkg'
[0.268s] Level 1:colcon.colcon_core.package_identification:_identify(src/unitree_ros2/cyclonedds_ws/src/unitree/unitree_api) by extensions ['colcon_meta']
[0.268s] Level 1:colcon.colcon_core.package_identification:_identify(src/unitree_ros2/cyclonedds_ws/src/unitree/unitree_api) by extension 'colcon_meta'
[0.268s] Level 1:colcon.colcon_core.package_identification:_identify(src/unitree_ros2/cyclonedds_ws/src/unitree/unitree_api) by extensions ['ros']
[0.268s] Level 1:colcon.colcon_core.package_identification:_identify(src/unitree_ros2/cyclonedds_ws/src/unitree/unitree_api) by extension 'ros'
[0.269s] DEBUG:colcon.colcon_core.package_identification:Package 'src/unitree_ros2/cyclonedds_ws/src/unitree/unitree_api' with type 'ros.ament_cmake' and name 'unitree_api'
[0.269s] Level 1:colcon.colcon_core.package_identification:_identify(src/unitree_ros2/cyclonedds_ws/src/unitree/unitree_go) by extensions ['ignore', 'ignore_ament_install']
[0.269s] Level 1:colcon.colcon_core.package_identification:_identify(src/unitree_ros2/cyclonedds_ws/src/unitree/unitree_go) by extension 'ignore'
[0.269s] Level 1:colcon.colcon_core.package_identification:_identify(src/unitree_ros2/cyclonedds_ws/src/unitree/unitree_go) by extension 'ignore_ament_install'
[0.269s] Level 1:colcon.colcon_core.package_identification:_identify(src/unitree_ros2/cyclonedds_ws/src/unitree/unitree_go) by extensions ['colcon_pkg']
[0.269s] Level 1:colcon.colcon_core.package_identification:_identify(src/unitree_ros2/cyclonedds_ws/src/unitree/unitree_go) by extension 'colcon_pkg'
[0.269s] Level 1:colcon.colcon_core.package_identification:_identify(src/unitree_ros2/cyclonedds_ws/src/unitree/unitree_go) by extensions ['colcon_meta']
[0.269s] Level 1:colcon.colcon_core.package_identification:_identify(src/unitree_ros2/cyclonedds_ws/src/unitree/unitree_go) by extension 'colcon_meta'
[0.269s] Level 1:colcon.colcon_core.package_identification:_identify(src/unitree_ros2/cyclonedds_ws/src/unitree/unitree_go) by extensions ['ros']
[0.269s] Level 1:colcon.colcon_core.package_identification:_identify(src/unitree_ros2/cyclonedds_ws/src/unitree/unitree_go) by extension 'ros'
[0.270s] DEBUG:colcon.colcon_core.package_identification:Package 'src/unitree_ros2/cyclonedds_ws/src/unitree/unitree_go' with type 'ros.ament_cmake' and name 'unitree_go'
[0.270s] Level 1:colcon.colcon_core.package_identification:_identify(src/unitree_ros2/cyclonedds_ws/src/unitree/unitree_hg) by extensions ['ignore', 'ignore_ament_install']
[0.270s] Level 1:colcon.colcon_core.package_identification:_identify(src/unitree_ros2/cyclonedds_ws/src/unitree/unitree_hg) by extension 'ignore'
[0.270s] Level 1:colcon.colcon_core.package_identification:_identify(src/unitree_ros2/cyclonedds_ws/src/unitree/unitree_hg) by extension 'ignore_ament_install'
[0.270s] Level 1:colcon.colcon_core.package_identification:_identify(src/unitree_ros2/cyclonedds_ws/src/unitree/unitree_hg) by extensions ['colcon_pkg']
[0.270s] Level 1:colcon.colcon_core.package_identification:_identify(src/unitree_ros2/cyclonedds_ws/src/unitree/unitree_hg) by extension 'colcon_pkg'
[0.270s] Level 1:colcon.colcon_core.package_identification:_identify(src/unitree_ros2/cyclonedds_ws/src/unitree/unitree_hg) by extensions ['colcon_meta']
[0.270s] Level 1:colcon.colcon_core.package_identification:_identify(src/unitree_ros2/cyclonedds_ws/src/unitree/unitree_hg) by extension 'colcon_meta'
[0.270s] Level 1:colcon.colcon_core.package_identification:_identify(src/unitree_ros2/cyclonedds_ws/src/unitree/unitree_hg) by extensions ['ros']
[0.270s] Level 1:colcon.colcon_core.package_identification:_identify(src/unitree_ros2/cyclonedds_ws/src/unitree/unitree_hg) by extension 'ros'
[0.271s] DEBUG:colcon.colcon_core.package_identification:Package 'src/unitree_ros2/cyclonedds_ws/src/unitree/unitree_hg' with type 'ros.ament_cmake' and name 'unitree_hg'
[0.271s] Level 1:colcon.colcon_core.package_identification:_identify(src/unitree_ros2/docs) by extensions ['ignore', 'ignore_ament_install']
[0.271s] Level 1:colcon.colcon_core.package_identification:_identify(src/unitree_ros2/docs) by extension 'ignore'
[0.271s] Level 1:colcon.colcon_core.package_identification:_identify(src/unitree_ros2/docs) by extension 'ignore_ament_install'
[0.271s] Level 1:colcon.colcon_core.package_identification:_identify(src/unitree_ros2/docs) by extensions ['colcon_pkg']
[0.271s] Level 1:colcon.colcon_core.package_identification:_identify(src/unitree_ros2/docs) by extension 'colcon_pkg'
[0.271s] Level 1:colcon.colcon_core.package_identification:_identify(src/unitree_ros2/docs) by extensions ['colcon_meta']
[0.271s] Level 1:colcon.colcon_core.package_identification:_identify(src/unitree_ros2/docs) by extension 'colcon_meta'
[0.271s] Level 1:colcon.colcon_core.package_identification:_identify(src/unitree_ros2/docs) by extensions ['ros']
[0.271s] Level 1:colcon.colcon_core.package_identification:_identify(src/unitree_ros2/docs) by extension 'ros'
[0.271s] Level 1:colcon.colcon_core.package_identification:_identify(src/unitree_ros2/docs) by extensions ['cmake', 'python']
[0.271s] Level 1:colcon.colcon_core.package_identification:_identify(src/unitree_ros2/docs) by extension 'cmake'
[0.271s] Level 1:colcon.colcon_core.package_identification:_identify(src/unitree_ros2/docs) by extension 'python'
[0.271s] Level 1:colcon.colcon_core.package_identification:_identify(src/unitree_ros2/docs) by extensions ['python_setup_py']
[0.271s] Level 1:colcon.colcon_core.package_identification:_identify(src/unitree_ros2/docs) by extension 'python_setup_py'
[0.271s] Level 1:colcon.colcon_core.package_identification:_identify(src/unitree_ros2/docs/image) by extensions ['ignore', 'ignore_ament_install']
[0.272s] Level 1:colcon.colcon_core.package_identification:_identify(src/unitree_ros2/docs/image) by extension 'ignore'
[0.272s] Level 1:colcon.colcon_core.package_identification:_identify(src/unitree_ros2/docs/image) by extension 'ignore_ament_install'
[0.272s] Level 1:colcon.colcon_core.package_identification:_identify(src/unitree_ros2/docs/image) by extensions ['colcon_pkg']
[0.272s] Level 1:colcon.colcon_core.package_identification:_identify(src/unitree_ros2/docs/image) by extension 'colcon_pkg'
[0.272s] Level 1:colcon.colcon_core.package_identification:_identify(src/unitree_ros2/docs/image) by extensions ['colcon_meta']
[0.272s] Level 1:colcon.colcon_core.package_identification:_identify(src/unitree_ros2/docs/image) by extension 'colcon_meta'
[0.272s] Level 1:colcon.colcon_core.package_identification:_identify(src/unitree_ros2/docs/image) by extensions ['ros']
[0.272s] Level 1:colcon.colcon_core.package_identification:_identify(src/unitree_ros2/docs/image) by extension 'ros'
[0.272s] Level 1:colcon.colcon_core.package_identification:_identify(src/unitree_ros2/docs/image) by extensions ['cmake', 'python']
[0.272s] Level 1:colcon.colcon_core.package_identification:_identify(src/unitree_ros2/docs/image) by extension 'cmake'
[0.272s] Level 1:colcon.colcon_core.package_identification:_identify(src/unitree_ros2/docs/image) by extension 'python'
[0.272s] Level 1:colcon.colcon_core.package_identification:_identify(src/unitree_ros2/docs/image) by extensions ['python_setup_py']
[0.272s] Level 1:colcon.colcon_core.package_identification:_identify(src/unitree_ros2/docs/image) by extension 'python_setup_py'
[0.272s] Level 1:colcon.colcon_core.package_identification:_identify(src/unitree_ros2/example) by extensions ['ignore', 'ignore_ament_install']
[0.272s] Level 1:colcon.colcon_core.package_identification:_identify(src/unitree_ros2/example) by extension 'ignore'
[0.272s] Level 1:colcon.colcon_core.package_identification:_identify(src/unitree_ros2/example) by extension 'ignore_ament_install'
[0.272s] Level 1:colcon.colcon_core.package_identification:_identify(src/unitree_ros2/example) by extensions ['colcon_pkg']
[0.272s] Level 1:colcon.colcon_core.package_identification:_identify(src/unitree_ros2/example) by extension 'colcon_pkg'
[0.272s] Level 1:colcon.colcon_core.package_identification:_identify(src/unitree_ros2/example) by extensions ['colcon_meta']
[0.272s] Level 1:colcon.colcon_core.package_identification:_identify(src/unitree_ros2/example) by extension 'colcon_meta'
[0.272s] Level 1:colcon.colcon_core.package_identification:_identify(src/unitree_ros2/example) by extensions ['ros']
[0.272s] Level 1:colcon.colcon_core.package_identification:_identify(src/unitree_ros2/example) by extension 'ros'
[0.272s] Level 1:colcon.colcon_core.package_identification:_identify(src/unitree_ros2/example) by extensions ['cmake', 'python']
[0.272s] Level 1:colcon.colcon_core.package_identification:_identify(src/unitree_ros2/example) by extension 'cmake'
[0.272s] Level 1:colcon.colcon_core.package_identification:_identify(src/unitree_ros2/example) by extension 'python'
[0.272s] Level 1:colcon.colcon_core.package_identification:_identify(src/unitree_ros2/example) by extensions ['python_setup_py']
[0.273s] Level 1:colcon.colcon_core.package_identification:_identify(src/unitree_ros2/example) by extension 'python_setup_py'
[0.273s] Level 1:colcon.colcon_core.package_identification:_identify(src/unitree_ros2/example/build) by extensions ['ignore', 'ignore_ament_install']
[0.273s] Level 1:colcon.colcon_core.package_identification:_identify(src/unitree_ros2/example/build) by extension 'ignore'
[0.273s] Level 1:colcon.colcon_core.package_identification:_identify(src/unitree_ros2/example/build) ignored
[0.273s] Level 1:colcon.colcon_core.package_identification:_identify(src/unitree_ros2/example/install) by extensions ['ignore', 'ignore_ament_install']
[0.273s] Level 1:colcon.colcon_core.package_identification:_identify(src/unitree_ros2/example/install) by extension 'ignore'
[0.273s] Level 1:colcon.colcon_core.package_identification:_identify(src/unitree_ros2/example/install) ignored
[0.273s] Level 1:colcon.colcon_core.package_identification:_identify(src/unitree_ros2/example/log) by extensions ['ignore', 'ignore_ament_install']
[0.273s] Level 1:colcon.colcon_core.package_identification:_identify(src/unitree_ros2/example/log) by extension 'ignore'
[0.273s] Level 1:colcon.colcon_core.package_identification:_identify(src/unitree_ros2/example/log) ignored
[0.273s] Level 1:colcon.colcon_core.package_identification:_identify(src/unitree_ros2/example/src) by extensions ['ignore', 'ignore_ament_install']
[0.273s] Level 1:colcon.colcon_core.package_identification:_identify(src/unitree_ros2/example/src) by extension 'ignore'
[0.273s] Level 1:colcon.colcon_core.package_identification:_identify(src/unitree_ros2/example/src) by extension 'ignore_ament_install'
[0.273s] Level 1:colcon.colcon_core.package_identification:_identify(src/unitree_ros2/example/src) by extensions ['colcon_pkg']
[0.273s] Level 1:colcon.colcon_core.package_identification:_identify(src/unitree_ros2/example/src) by extension 'colcon_pkg'
[0.273s] Level 1:colcon.colcon_core.package_identification:_identify(src/unitree_ros2/example/src) by extensions ['colcon_meta']
[0.273s] Level 1:colcon.colcon_core.package_identification:_identify(src/unitree_ros2/example/src) by extension 'colcon_meta'
[0.273s] Level 1:colcon.colcon_core.package_identification:_identify(src/unitree_ros2/example/src) by extensions ['ros']
[0.273s] Level 1:colcon.colcon_core.package_identification:_identify(src/unitree_ros2/example/src) by extension 'ros'
[0.274s] DEBUG:colcon.colcon_core.package_identification:Package 'src/unitree_ros2/example/src' with type 'ros.ament_cmake' and name 'unitree_ros2_example'
[0.274s] Level 1:colcon.colcon_core.package_identification:_identify(src/unitree_ros2/install) by extensions ['ignore', 'ignore_ament_install']
[0.274s] Level 1:colcon.colcon_core.package_identification:_identify(src/unitree_ros2/install) by extension 'ignore'
[0.274s] Level 1:colcon.colcon_core.package_identification:_identify(src/unitree_ros2/install) ignored
[0.275s] Level 1:colcon.colcon_core.package_identification:_identify(src/unitree_ros2/log) by extensions ['ignore', 'ignore_ament_install']
[0.275s] Level 1:colcon.colcon_core.package_identification:_identify(src/unitree_ros2/log) by extension 'ignore'
[0.275s] Level 1:colcon.colcon_core.package_identification:_identify(src/unitree_ros2/log) ignored
[0.275s] Level 1:colcon.colcon_core.package_discovery:discover_packages(recursive) using defaults
[0.275s] Level 1:colcon.colcon_core.package_discovery:discover_packages(ignore) discover
[0.275s] Level 1:colcon.colcon_core.package_discovery:discover_packages(ignore) using defaults
[0.275s] Level 1:colcon.colcon_core.package_discovery:discover_packages(path) discover
[0.275s] Level 1:colcon.colcon_core.package_discovery:discover_packages(path) using defaults
[0.303s] Level 1:colcon.colcon_core.package_discovery:discover_packages(prefix_path) check parameters
[0.303s] Level 1:colcon.colcon_core.package_discovery:discover_packages(prefix_path) discover
[0.304s] DEBUG:colcon.colcon_installed_package_information.package_discovery:Found 8 installed packages in /home/utec/humanoid_ws/install
[0.306s] DEBUG:colcon.colcon_installed_package_information.package_discovery:Found 433 installed packages in /opt/ros/humble
[0.308s] Level 1:colcon.colcon_core.package_discovery:discover_packages(prefix_path) using defaults
[0.352s] Level 5:colcon.colcon_core.verb:set package 'h1_2_description' build argument 'cmake_args' from command line to 'None'
[0.352s] Level 5:colcon.colcon_core.verb:set package 'h1_2_description' build argument 'cmake_target' from command line to 'None'
[0.352s] Level 5:colcon.colcon_core.verb:set package 'h1_2_description' build argument 'cmake_target_skip_unavailable' from command line to 'False'
[0.352s] Level 5:colcon.colcon_core.verb:set package 'h1_2_description' build argument 'cmake_clean_cache' from command line to 'False'
[0.352s] Level 5:colcon.colcon_core.verb:set package 'h1_2_description' build argument 'cmake_clean_first' from command line to 'False'
[0.352s] Level 5:colcon.colcon_core.verb:set package 'h1_2_description' build argument 'cmake_force_configure' from command line to 'False'
[0.352s] Level 5:colcon.colcon_core.verb:set package 'h1_2_description' build argument 'ament_cmake_args' from command line to 'None'
[0.352s] Level 5:colcon.colcon_core.verb:set package 'h1_2_description' build argument 'catkin_cmake_args' from command line to 'None'
[0.352s] Level 5:colcon.colcon_core.verb:set package 'h1_2_description' build argument 'catkin_skip_building_tests' from command line to 'False'
[0.352s] DEBUG:colcon.colcon_core.verb:Building package 'h1_2_description' with the following arguments: {'ament_cmake_args': None, 'build_base': '/home/utec/humanoid_ws/build/h1_2_description', 'catkin_cmake_args': None, 'catkin_skip_building_tests': False, 'cmake_args': None, 'cmake_clean_cache': False, 'cmake_clean_first': False, 'cmake_force_configure': False, 'cmake_target': None, 'cmake_target_skip_unavailable': False, 'install_base': '/home/utec/humanoid_ws/install/h1_2_description', 'merge_install': False, 'path': '/home/utec/humanoid_ws/src/h1_2_utec/h1_2_description', 'symlink_install': False, 'test_result_base': None}
[0.352s] Level 5:colcon.colcon_core.verb:set package 'unitree_api' build argument 'cmake_args' from command line to 'None'
[0.352s] Level 5:colcon.colcon_core.verb:set package 'unitree_api' build argument 'cmake_target' from command line to 'None'
[0.352s] Level 5:colcon.colcon_core.verb:set package 'unitree_api' build argument 'cmake_target_skip_unavailable' from command line to 'False'
[0.352s] Level 5:colcon.colcon_core.verb:set package 'unitree_api' build argument 'cmake_clean_cache' from command line to 'False'
[0.353s] Level 5:colcon.colcon_core.verb:set package 'unitree_api' build argument 'cmake_clean_first' from command line to 'False'
[0.353s] Level 5:colcon.colcon_core.verb:set package 'unitree_api' build argument 'cmake_force_configure' from command line to 'False'
[0.353s] Level 5:colcon.colcon_core.verb:set package 'unitree_api' build argument 'ament_cmake_args' from command line to 'None'
[0.353s] Level 5:colcon.colcon_core.verb:set package 'unitree_api' build argument 'catkin_cmake_args' from command line to 'None'
[0.353s] Level 5:colcon.colcon_core.verb:set package 'unitree_api' build argument 'catkin_skip_building_tests' from command line to 'False'
[0.353s] DEBUG:colcon.colcon_core.verb:Building package 'unitree_api' with the following arguments: {'ament_cmake_args': None, 'build_base': '/home/utec/humanoid_ws/build/unitree_api', 'catkin_cmake_args': None, 'catkin_skip_building_tests': False, 'cmake_args': None, 'cmake_clean_cache': False, 'cmake_clean_first': False, 'cmake_force_configure': False, 'cmake_target': None, 'cmake_target_skip_unavailable': False, 'install_base': '/home/utec/humanoid_ws/install/unitree_api', 'merge_install': False, 'path': '/home/utec/humanoid_ws/src/unitree_ros2/cyclonedds_ws/src/unitree/unitree_api', 'symlink_install': False, 'test_result_base': None}
[0.353s] Level 5:colcon.colcon_core.verb:set package 'unitree_go' build argument 'cmake_args' from command line to 'None'
[0.353s] Level 5:colcon.colcon_core.verb:set package 'unitree_go' build argument 'cmake_target' from command line to 'None'
[0.353s] Level 5:colcon.colcon_core.verb:set package 'unitree_go' build argument 'cmake_target_skip_unavailable' from command line to 'False'
[0.353s] Level 5:colcon.colcon_core.verb:set package 'unitree_go' build argument 'cmake_clean_cache' from command line to 'False'
[0.353s] Level 5:colcon.colcon_core.verb:set package 'unitree_go' build argument 'cmake_clean_first' from command line to 'False'
[0.353s] Level 5:colcon.colcon_core.verb:set package 'unitree_go' build argument 'cmake_force_configure' from command line to 'False'
[0.353s] Level 5:colcon.colcon_core.verb:set package 'unitree_go' build argument 'ament_cmake_args' from command line to 'None'
[0.353s] Level 5:colcon.colcon_core.verb:set package 'unitree_go' build argument 'catkin_cmake_args' from command line to 'None'
[0.353s] Level 5:colcon.colcon_core.verb:set package 'unitree_go' build argument 'catkin_skip_building_tests' from command line to 'False'
[0.353s] DEBUG:colcon.colcon_core.verb:Building package 'unitree_go' with the following arguments: {'ament_cmake_args': None, 'build_base': '/home/utec/humanoid_ws/build/unitree_go', 'catkin_cmake_args': None, 'catkin_skip_building_tests': False, 'cmake_args': None, 'cmake_clean_cache': False, 'cmake_clean_first': False, 'cmake_force_configure': False, 'cmake_target': None, 'cmake_target_skip_unavailable': False, 'install_base': '/home/utec/humanoid_ws/install/unitree_go', 'merge_install': False, 'path': '/home/utec/humanoid_ws/src/unitree_ros2/cyclonedds_ws/src/unitree/unitree_go', 'symlink_install': False, 'test_result_base': None}
[0.353s] Level 5:colcon.colcon_core.verb:set package 'unitree_hg' build argument 'cmake_args' from command line to 'None'
[0.353s] Level 5:colcon.colcon_core.verb:set package 'unitree_hg' build argument 'cmake_target' from command line to 'None'
[0.353s] Level 5:colcon.colcon_core.verb:set package 'unitree_hg' build argument 'cmake_target_skip_unavailable' from command line to 'False'
[0.353s] Level 5:colcon.colcon_core.verb:set package 'unitree_hg' build argument 'cmake_clean_cache' from command line to 'False'
[0.353s] Level 5:colcon.colcon_core.verb:set package 'unitree_hg' build argument 'cmake_clean_first' from command line to 'False'
[0.353s] Level 5:colcon.colcon_core.verb:set package 'unitree_hg' build argument 'cmake_force_configure' from command line to 'False'
[0.354s] Level 5:colcon.colcon_core.verb:set package 'unitree_hg' build argument 'ament_cmake_args' from command line to 'None'
[0.354s] Level 5:colcon.colcon_core.verb:set package 'unitree_hg' build argument 'catkin_cmake_args' from command line to 'None'
[0.354s] Level 5:colcon.colcon_core.verb:set package 'unitree_hg' build argument 'catkin_skip_building_tests' from command line to 'False'
[0.354s] DEBUG:colcon.colcon_core.verb:Building package 'unitree_hg' with the following arguments: {'ament_cmake_args': None, 'build_base': '/home/utec/humanoid_ws/build/unitree_hg', 'catkin_cmake_args': None, 'catkin_skip_building_tests': False, 'cmake_args': None, 'cmake_clean_cache': False, 'cmake_clean_first': False, 'cmake_force_configure': False, 'cmake_target': None, 'cmake_target_skip_unavailable': False, 'install_base': '/home/utec/humanoid_ws/install/unitree_hg', 'merge_install': False, 'path': '/home/utec/humanoid_ws/src/unitree_ros2/cyclonedds_ws/src/unitree/unitree_hg', 'symlink_install': False, 'test_result_base': None}
[0.354s] Level 5:colcon.colcon_core.verb:set package 'h1_2_interface' build argument 'cmake_args' from command line to 'None'
[0.354s] Level 5:colcon.colcon_core.verb:set package 'h1_2_interface' build argument 'cmake_target' from command line to 'None'
[0.354s] Level 5:colcon.colcon_core.verb:set package 'h1_2_interface' build argument 'cmake_target_skip_unavailable' from command line to 'False'
[0.354s] Level 5:colcon.colcon_core.verb:set package 'h1_2_interface' build argument 'cmake_clean_cache' from command line to 'False'
[0.354s] Level 5:colcon.colcon_core.verb:set package 'h1_2_interface' build argument 'cmake_clean_first' from command line to 'False'
[0.354s] Level 5:colcon.colcon_core.verb:set package 'h1_2_interface' build argument 'cmake_force_configure' from command line to 'False'
[0.354s] Level 5:colcon.colcon_core.verb:set package 'h1_2_interface' build argument 'ament_cmake_args' from command line to 'None'
[0.354s] Level 5:colcon.colcon_core.verb:set package 'h1_2_interface' build argument 'catkin_cmake_args' from command line to 'None'
[0.354s] Level 5:colcon.colcon_core.verb:set package 'h1_2_interface' build argument 'catkin_skip_building_tests' from command line to 'False'
[0.354s] DEBUG:colcon.colcon_core.verb:Building package 'h1_2_interface' with the following arguments: {'ament_cmake_args': None, 'build_base': '/home/utec/humanoid_ws/build/h1_2_interface', 'catkin_cmake_args': None, 'catkin_skip_building_tests': False, 'cmake_args': None, 'cmake_clean_cache': False, 'cmake_clean_first': False, 'cmake_force_configure': False, 'cmake_target': None, 'cmake_target_skip_unavailable': False, 'install_base': '/home/utec/humanoid_ws/install/h1_2_interface', 'merge_install': False, 'path': '/home/utec/humanoid_ws/src/h1_2_utec/h1_2_interface', 'symlink_install': False, 'test_result_base': None}
[0.354s] Level 5:colcon.colcon_core.verb:set package 'h1_2_model' build argument 'cmake_args' from command line to 'None'
[0.354s] Level 5:colcon.colcon_core.verb:set package 'h1_2_model' build argument 'cmake_target' from command line to 'None'
[0.354s] Level 5:colcon.colcon_core.verb:set package 'h1_2_model' build argument 'cmake_target_skip_unavailable' from command line to 'False'
[0.354s] Level 5:colcon.colcon_core.verb:set package 'h1_2_model' build argument 'cmake_clean_cache' from command line to 'False'
[0.354s] Level 5:colcon.colcon_core.verb:set package 'h1_2_model' build argument 'cmake_clean_first' from command line to 'False'
[0.354s] Level 5:colcon.colcon_core.verb:set package 'h1_2_model' build argument 'cmake_force_configure' from command line to 'False'
[0.354s] Level 5:colcon.colcon_core.verb:set package 'h1_2_model' build argument 'ament_cmake_args' from command line to 'None'
[0.354s] Level 5:colcon.colcon_core.verb:set package 'h1_2_model' build argument 'catkin_cmake_args' from command line to 'None'
[0.355s] Level 5:colcon.colcon_core.verb:set package 'h1_2_model' build argument 'catkin_skip_building_tests' from command line to 'False'
[0.355s] DEBUG:colcon.colcon_core.verb:Building package 'h1_2_model' with the following arguments: {'ament_cmake_args': None, 'build_base': '/home/utec/humanoid_ws/build/h1_2_model', 'catkin_cmake_args': None, 'catkin_skip_building_tests': False, 'cmake_args': None, 'cmake_clean_cache': False, 'cmake_clean_first': False, 'cmake_force_configure': False, 'cmake_target': None, 'cmake_target_skip_unavailable': False, 'install_base': '/home/utec/humanoid_ws/install/h1_2_model', 'merge_install': False, 'path': '/home/utec/humanoid_ws/src/h1_2_utec/h1_2_model', 'symlink_install': False, 'test_result_base': None}
[0.355s] Level 5:colcon.colcon_core.verb:set package 'pycodes_h1' build argument 'cmake_args' from command line to 'None'
[0.355s] Level 5:colcon.colcon_core.verb:set package 'pycodes_h1' build argument 'cmake_target' from command line to 'None'
[0.355s] Level 5:colcon.colcon_core.verb:set package 'pycodes_h1' build argument 'cmake_target_skip_unavailable' from command line to 'False'
[0.355s] Level 5:colcon.colcon_core.verb:set package 'pycodes_h1' build argument 'cmake_clean_cache' from command line to 'False'
[0.355s] Level 5:colcon.colcon_core.verb:set package 'pycodes_h1' build argument 'cmake_clean_first' from command line to 'False'
[0.355s] Level 5:colcon.colcon_core.verb:set package 'pycodes_h1' build argument 'cmake_force_configure' from command line to 'False'
[0.355s] Level 5:colcon.colcon_core.verb:set package 'pycodes_h1' build argument 'ament_cmake_args' from command line to 'None'
[0.355s] Level 5:colcon.colcon_core.verb:set package 'pycodes_h1' build argument 'catkin_cmake_args' from command line to 'None'
[0.355s] Level 5:colcon.colcon_core.verb:set package 'pycodes_h1' build argument 'catkin_skip_building_tests' from command line to 'False'
[0.355s] DEBUG:colcon.colcon_core.verb:Building package 'pycodes_h1' with the following arguments: {'ament_cmake_args': None, 'build_base': '/home/utec/humanoid_ws/build/pycodes_h1', 'catkin_cmake_args': None, 'catkin_skip_building_tests': False, 'cmake_args': None, 'cmake_clean_cache': False, 'cmake_clean_first': False, 'cmake_force_configure': False, 'cmake_target': None, 'cmake_target_skip_unavailable': False, 'install_base': '/home/utec/humanoid_ws/install/pycodes_h1', 'merge_install': False, 'path': '/home/utec/humanoid_ws/src/pycodes_h1', 'symlink_install': False, 'test_result_base': None}
[0.355s] Level 5:colcon.colcon_core.verb:set package 'unitree_ros2_example' build argument 'cmake_args' from command line to 'None'
[0.355s] Level 5:colcon.colcon_core.verb:set package 'unitree_ros2_example' build argument 'cmake_target' from command line to 'None'
[0.355s] Level 5:colcon.colcon_core.verb:set package 'unitree_ros2_example' build argument 'cmake_target_skip_unavailable' from command line to 'False'
[0.355s] Level 5:colcon.colcon_core.verb:set package 'unitree_ros2_example' build argument 'cmake_clean_cache' from command line to 'False'
[0.355s] Level 5:colcon.colcon_core.verb:set package 'unitree_ros2_example' build argument 'cmake_clean_first' from command line to 'False'
[0.355s] Level 5:colcon.colcon_core.verb:set package 'unitree_ros2_example' build argument 'cmake_force_configure' from command line to 'False'
[0.355s] Level 5:colcon.colcon_core.verb:set package 'unitree_ros2_example' build argument 'ament_cmake_args' from command line to 'None'
[0.355s] Level 5:colcon.colcon_core.verb:set package 'unitree_ros2_example' build argument 'catkin_cmake_args' from command line to 'None'
[0.355s] Level 5:colcon.colcon_core.verb:set package 'unitree_ros2_example' build argument 'catkin_skip_building_tests' from command line to 'False'
[0.356s] DEBUG:colcon.colcon_core.verb:Building package 'unitree_ros2_example' with the following arguments: {'ament_cmake_args': None, 'build_base': '/home/utec/humanoid_ws/build/unitree_ros2_example', 'catkin_cmake_args': None, 'catkin_skip_building_tests': False, 'cmake_args': None, 'cmake_clean_cache': False, 'cmake_clean_first': False, 'cmake_force_configure': False, 'cmake_target': None, 'cmake_target_skip_unavailable': False, 'install_base': '/home/utec/humanoid_ws/install/unitree_ros2_example', 'merge_install': False, 'path': '/home/utec/humanoid_ws/src/unitree_ros2/example/src', 'symlink_install': False, 'test_result_base': None}
[0.356s] INFO:colcon.colcon_core.executor:Executing jobs using 'parallel' executor
[0.357s] DEBUG:colcon.colcon_parallel_executor.executor.parallel:run_until_complete
[0.357s] INFO:colcon.colcon_ros.task.ament_cmake.build:Building ROS package in '/home/utec/humanoid_ws/src/unitree_ros2/cyclonedds_ws/src/unitree/unitree_hg' with build type 'ament_cmake'
[0.357s] INFO:colcon.colcon_cmake.task.cmake.build:Building CMake package in '/home/utec/humanoid_ws/src/unitree_ros2/cyclonedds_ws/src/unitree/unitree_hg'
[0.359s] INFO:colcon.colcon_core.plugin_system:Skipping extension 'colcon_core.shell.bat': Not used on non-Windows systems
[0.359s] INFO:colcon.colcon_core.shell:Skip shell extension 'powershell' for command environment: Not usable outside of PowerShell
[0.359s] DEBUG:colcon.colcon_core.shell:Skip shell extension 'dsv' for command environment
[0.363s] INFO:colcon.colcon_ros.task.ament_cmake.build:Building ROS package in '/home/utec/humanoid_ws/src/h1_2_utec/h1_2_description' with build type 'ament_cmake'
[0.364s] INFO:colcon.colcon_cmake.task.cmake.build:Building CMake package in '/home/utec/humanoid_ws/src/h1_2_utec/h1_2_description'
[0.364s] INFO:colcon.colcon_core.shell:Skip shell extension 'powershell' for command environment: Not usable outside of PowerShell
[0.364s] DEBUG:colcon.colcon_core.shell:Skip shell extension 'dsv' for command environment
[0.368s] INFO:colcon.colcon_ros.task.ament_cmake.build:Building ROS package in '/home/utec/humanoid_ws/src/unitree_ros2/cyclonedds_ws/src/unitree/unitree_api' with build type 'ament_cmake'
[0.369s] INFO:colcon.colcon_cmake.task.cmake.build:Building CMake package in '/home/utec/humanoid_ws/src/unitree_ros2/cyclonedds_ws/src/unitree/unitree_api'
[0.369s] INFO:colcon.colcon_core.shell:Skip shell extension 'powershell' for command environment: Not usable outside of PowerShell
[0.369s] DEBUG:colcon.colcon_core.shell:Skip shell extension 'dsv' for command environment
[0.373s] INFO:colcon.colcon_ros.task.ament_cmake.build:Building ROS package in '/home/utec/humanoid_ws/src/unitree_ros2/cyclonedds_ws/src/unitree/unitree_go' with build type 'ament_cmake'
[0.373s] INFO:colcon.colcon_cmake.task.cmake.build:Building CMake package in '/home/utec/humanoid_ws/src/unitree_ros2/cyclonedds_ws/src/unitree/unitree_go'
[0.374s] INFO:colcon.colcon_core.shell:Skip shell extension 'powershell' for command environment: Not usable outside of PowerShell
[0.374s] DEBUG:colcon.colcon_core.shell:Skip shell extension 'dsv' for command environment
[0.381s] DEBUG:colcon.colcon_core.event_handler.log_command:Invoking command in '/home/utec/humanoid_ws/build/unitree_hg': CMAKE_PREFIX_PATH=${CMAKE_PREFIX_PATH}:/home/utec/humanoid_ws/install/pycodes_h1:/home/utec/humanoid_ws/install/h1_2_model:/opt/ros/humble /usr/bin/cmake --build /home/utec/humanoid_ws/build/unitree_hg -- -j8 -l8
[0.383s] DEBUG:colcon.colcon_core.event_handler.log_command:Invoking command in '/home/utec/humanoid_ws/build/h1_2_description': CMAKE_PREFIX_PATH=${CMAKE_PREFIX_PATH}:/home/utec/humanoid_ws/install/pycodes_h1:/home/utec/humanoid_ws/install/h1_2_model:/opt/ros/humble /usr/bin/cmake --build /home/utec/humanoid_ws/build/h1_2_description -- -j8 -l8
[0.385s] DEBUG:colcon.colcon_core.event_handler.log_command:Invoking command in '/home/utec/humanoid_ws/build/unitree_api': CMAKE_PREFIX_PATH=${CMAKE_PREFIX_PATH}:/home/utec/humanoid_ws/install/pycodes_h1:/home/utec/humanoid_ws/install/h1_2_model:/opt/ros/humble /usr/bin/cmake --build /home/utec/humanoid_ws/build/unitree_api -- -j8 -l8
[0.390s] DEBUG:colcon.colcon_core.event_handler.log_command:Invoking command in '/home/utec/humanoid_ws/build/unitree_go': CMAKE_PREFIX_PATH=${CMAKE_PREFIX_PATH}:/home/utec/humanoid_ws/install/pycodes_h1:/home/utec/humanoid_ws/install/h1_2_model:/opt/ros/humble /usr/bin/cmake --build /home/utec/humanoid_ws/build/unitree_go -- -j8 -l8
[0.423s] DEBUG:colcon.colcon_core.event_handler.log_command:Invoked command in '/home/utec/humanoid_ws/build/h1_2_description' returned '0': CMAKE_PREFIX_PATH=${CMAKE_PREFIX_PATH}:/home/utec/humanoid_ws/install/pycodes_h1:/home/utec/humanoid_ws/install/h1_2_model:/opt/ros/humble /usr/bin/cmake --build /home/utec/humanoid_ws/build/h1_2_description -- -j8 -l8
[0.442s] DEBUG:colcon.colcon_core.event_handler.log_command:Invoking command in '/home/utec/humanoid_ws/build/h1_2_description': CMAKE_PREFIX_PATH=${CMAKE_PREFIX_PATH}:/home/utec/humanoid_ws/install/pycodes_h1:/home/utec/humanoid_ws/install/h1_2_model:/opt/ros/humble /usr/bin/cmake --install /home/utec/humanoid_ws/build/h1_2_description
[0.481s] Level 1:colcon.colcon_core.environment:create_environment_scripts_only(h1_2_description)
[0.491s] Level 1:colcon.colcon_core.environment:checking '/home/utec/humanoid_ws/install/h1_2_description' for CMake module files
[0.492s] Level 1:colcon.colcon_core.environment:checking '/home/utec/humanoid_ws/install/h1_2_description' for CMake config files
[0.492s] Level 1:colcon.colcon_core.shell:create_environment_hook('h1_2_description', 'cmake_prefix_path')
[0.493s] INFO:colcon.colcon_core.shell:Creating environment hook '/home/utec/humanoid_ws/install/h1_2_description/share/h1_2_description/hook/cmake_prefix_path.ps1'
[0.500s] DEBUG:colcon.colcon_core.event_handler.log_command:Invoked command in '/home/utec/humanoid_ws/build/h1_2_description' returned '0': CMAKE_PREFIX_PATH=${CMAKE_PREFIX_PATH}:/home/utec/humanoid_ws/install/pycodes_h1:/home/utec/humanoid_ws/install/h1_2_model:/opt/ros/humble /usr/bin/cmake --install /home/utec/humanoid_ws/build/h1_2_description
[0.507s] INFO:colcon.colcon_core.shell:Creating environment descriptor '/home/utec/humanoid_ws/install/h1_2_description/share/h1_2_description/hook/cmake_prefix_path.dsv'
[0.508s] INFO:colcon.colcon_core.shell:Creating environment hook '/home/utec/humanoid_ws/install/h1_2_description/share/h1_2_description/hook/cmake_prefix_path.sh'
[0.512s] Level 1:colcon.colcon_core.environment:checking '/home/utec/humanoid_ws/install/h1_2_description/bin'
[0.512s] Level 1:colcon.colcon_core.environment:checking '/home/utec/humanoid_ws/install/h1_2_description/lib/pkgconfig/h1_2_description.pc'
[0.513s] Level 1:colcon.colcon_core.environment:checking '/home/utec/humanoid_ws/install/h1_2_description/lib/python3.10/site-packages'
[0.516s] Level 1:colcon.colcon_core.environment:checking '/home/utec/humanoid_ws/install/h1_2_description/bin'
[0.516s] INFO:colcon.colcon_core.shell:Creating package script '/home/utec/humanoid_ws/install/h1_2_description/share/h1_2_description/package.ps1'
[0.519s] INFO:colcon.colcon_core.shell:Creating package descriptor '/home/utec/humanoid_ws/install/h1_2_description/share/h1_2_description/package.dsv'
[0.528s] INFO:colcon.colcon_core.shell:Creating package script '/home/utec/humanoid_ws/install/h1_2_description/share/h1_2_description/package.sh'
[0.529s] INFO:colcon.colcon_core.shell:Creating package script '/home/utec/humanoid_ws/install/h1_2_description/share/h1_2_description/package.bash'
[0.540s] INFO:colcon.colcon_core.shell:Creating package script '/home/utec/humanoid_ws/install/h1_2_description/share/h1_2_description/package.zsh'
[0.541s] Level 1:colcon.colcon_core.environment:create_file_with_runtime_dependencies(/home/utec/humanoid_ws/install/h1_2_description/share/colcon-core/packages/h1_2_description)
[0.555s] Level 1:colcon.colcon_core.environment:create_environment_scripts_only(h1_2_description)
[0.555s] Level 1:colcon.colcon_core.environment:checking '/home/utec/humanoid_ws/install/h1_2_description' for CMake module files
[0.556s] Level 1:colcon.colcon_core.environment:checking '/home/utec/humanoid_ws/install/h1_2_description' for CMake config files
[0.556s] Level 1:colcon.colcon_core.shell:create_environment_hook('h1_2_description', 'cmake_prefix_path')
[0.556s] INFO:colcon.colcon_core.shell:Creating environment hook '/home/utec/humanoid_ws/install/h1_2_description/share/h1_2_description/hook/cmake_prefix_path.ps1'
[0.565s] INFO:colcon.colcon_core.shell:Creating environment descriptor '/home/utec/humanoid_ws/install/h1_2_description/share/h1_2_description/hook/cmake_prefix_path.dsv'
[0.565s] INFO:colcon.colcon_core.shell:Creating environment hook '/home/utec/humanoid_ws/install/h1_2_description/share/h1_2_description/hook/cmake_prefix_path.sh'
[0.566s] Level 1:colcon.colcon_core.environment:checking '/home/utec/humanoid_ws/install/h1_2_description/bin'
[0.566s] Level 1:colcon.colcon_core.environment:checking '/home/utec/humanoid_ws/install/h1_2_description/lib/pkgconfig/h1_2_description.pc'
[0.573s] Level 1:colcon.colcon_core.environment:checking '/home/utec/humanoid_ws/install/h1_2_description/lib/python3.10/site-packages'
[0.574s] Level 1:colcon.colcon_core.environment:checking '/home/utec/humanoid_ws/install/h1_2_description/bin'
[0.574s] INFO:colcon.colcon_core.shell:Creating package script '/home/utec/humanoid_ws/install/h1_2_description/share/h1_2_description/package.ps1'
[0.576s] INFO:colcon.colcon_core.shell:Creating package descriptor '/home/utec/humanoid_ws/install/h1_2_description/share/h1_2_description/package.dsv'
[0.577s] INFO:colcon.colcon_core.shell:Creating package script '/home/utec/humanoid_ws/install/h1_2_description/share/h1_2_description/package.sh'
[0.577s] INFO:colcon.colcon_core.shell:Creating package script '/home/utec/humanoid_ws/install/h1_2_description/share/h1_2_description/package.bash'
[0.578s] INFO:colcon.colcon_core.shell:Creating package script '/home/utec/humanoid_ws/install/h1_2_description/share/h1_2_description/package.zsh'
[0.579s] Level 1:colcon.colcon_core.environment:create_file_with_runtime_dependencies(/home/utec/humanoid_ws/install/h1_2_description/share/colcon-core/packages/h1_2_description)
[0.580s] INFO:colcon.colcon_ros.task.ament_python.build:Building ROS package in '/home/utec/humanoid_ws/src/h1_2_utec/h1_2_model' with build type 'ament_python'
[0.580s] Level 1:colcon.colcon_core.shell:create_environment_hook('h1_2_model', 'ament_prefix_path')
[0.581s] INFO:colcon.colcon_core.shell:Creating environment hook '/home/utec/humanoid_ws/install/h1_2_model/share/h1_2_model/hook/ament_prefix_path.ps1'
[0.582s] INFO:colcon.colcon_core.shell:Creating environment descriptor '/home/utec/humanoid_ws/install/h1_2_model/share/h1_2_model/hook/ament_prefix_path.dsv'
[0.582s] INFO:colcon.colcon_core.shell:Creating environment hook '/home/utec/humanoid_ws/install/h1_2_model/share/h1_2_model/hook/ament_prefix_path.sh'
[0.583s] INFO:colcon.colcon_core.shell:Skip shell extension 'powershell' for command environment: Not usable outside of PowerShell
[0.583s] DEBUG:colcon.colcon_core.shell:Skip shell extension 'dsv' for command environment
[1.131s] INFO:colcon.colcon_core.task.python.build:Building Python package in '/home/utec/humanoid_ws/src/h1_2_utec/h1_2_model'
[1.132s] INFO:colcon.colcon_core.shell:Skip shell extension 'powershell' for command environment: Not usable outside of PowerShell
[1.132s] DEBUG:colcon.colcon_core.shell:Skip shell extension 'dsv' for command environment
[1.140s] DEBUG:colcon.colcon_core.event_handler.log_command:Invoked command in '/home/utec/humanoid_ws/build/unitree_hg' returned '0': CMAKE_PREFIX_PATH=${CMAKE_PREFIX_PATH}:/home/utec/humanoid_ws/install/pycodes_h1:/home/utec/humanoid_ws/install/h1_2_model:/opt/ros/humble /usr/bin/cmake --build /home/utec/humanoid_ws/build/unitree_hg -- -j8 -l8
[1.141s] DEBUG:colcon.colcon_core.event_handler.log_command:Invoking command in '/home/utec/humanoid_ws/build/unitree_hg': CMAKE_PREFIX_PATH=${CMAKE_PREFIX_PATH}:/home/utec/humanoid_ws/install/pycodes_h1:/home/utec/humanoid_ws/install/h1_2_model:/opt/ros/humble /usr/bin/cmake --install /home/utec/humanoid_ws/build/unitree_hg
[1.221s] Level 1:colcon.colcon_core.environment:create_environment_scripts_only(unitree_hg)
[1.221s] Level 1:colcon.colcon_core.environment:checking '/home/utec/humanoid_ws/install/unitree_hg' for CMake module files
[1.223s] Level 1:colcon.colcon_core.environment:checking '/home/utec/humanoid_ws/install/unitree_hg' for CMake config files
[1.223s] Level 1:colcon.colcon_core.shell:create_environment_hook('unitree_hg', 'cmake_prefix_path')
[1.223s] INFO:colcon.colcon_core.shell:Creating environment hook '/home/utec/humanoid_ws/install/unitree_hg/share/unitree_hg/hook/cmake_prefix_path.ps1'
[1.224s] INFO:colcon.colcon_core.shell:Creating environment descriptor '/home/utec/humanoid_ws/install/unitree_hg/share/unitree_hg/hook/cmake_prefix_path.dsv'
[1.226s] INFO:colcon.colcon_core.shell:Creating environment hook '/home/utec/humanoid_ws/install/unitree_hg/share/unitree_hg/hook/cmake_prefix_path.sh'
[1.228s] DEBUG:colcon.colcon_core.event_handler.log_command:Invoked command in '/home/utec/humanoid_ws/build/unitree_hg' returned '0': CMAKE_PREFIX_PATH=${CMAKE_PREFIX_PATH}:/home/utec/humanoid_ws/install/pycodes_h1:/home/utec/humanoid_ws/install/h1_2_model:/opt/ros/humble /usr/bin/cmake --install /home/utec/humanoid_ws/build/unitree_hg
[1.231s] Level 1:colcon.colcon_core.environment:checking '/home/utec/humanoid_ws/install/unitree_hg/lib'
[1.232s] Level 1:colcon.colcon_core.shell:create_environment_hook('unitree_hg', 'ld_library_path_lib')
[1.232s] INFO:colcon.colcon_core.shell:Creating environment hook '/home/utec/humanoid_ws/install/unitree_hg/share/unitree_hg/hook/ld_library_path_lib.ps1'
[1.233s] INFO:colcon.colcon_core.shell:Creating environment descriptor '/home/utec/humanoid_ws/install/unitree_hg/share/unitree_hg/hook/ld_library_path_lib.dsv'
[1.234s] INFO:colcon.colcon_core.shell:Creating environment hook '/home/utec/humanoid_ws/install/unitree_hg/share/unitree_hg/hook/ld_library_path_lib.sh'
[1.235s] Level 1:colcon.colcon_core.environment:checking '/home/utec/humanoid_ws/install/unitree_hg/bin'
[1.235s] Level 1:colcon.colcon_core.environment:checking '/home/utec/humanoid_ws/install/unitree_hg/lib/pkgconfig/unitree_hg.pc'
[1.235s] Level 1:colcon.colcon_core.environment:checking '/home/utec/humanoid_ws/install/unitree_hg/lib/python3.10/site-packages'
[1.235s] Level 1:colcon.colcon_core.environment:checking '/home/utec/humanoid_ws/install/unitree_hg/bin'
[1.236s] INFO:colcon.colcon_core.shell:Creating package script '/home/utec/humanoid_ws/install/unitree_hg/share/unitree_hg/package.ps1'
[1.236s] INFO:colcon.colcon_core.shell:Creating package descriptor '/home/utec/humanoid_ws/install/unitree_hg/share/unitree_hg/package.dsv'
[1.237s] INFO:colcon.colcon_core.shell:Creating package script '/home/utec/humanoid_ws/install/unitree_hg/share/unitree_hg/package.sh'
[1.238s] INFO:colcon.colcon_core.shell:Creating package script '/home/utec/humanoid_ws/install/unitree_hg/share/unitree_hg/package.bash'
[1.238s] INFO:colcon.colcon_core.shell:Creating package script '/home/utec/humanoid_ws/install/unitree_hg/share/unitree_hg/package.zsh'
[1.238s] Level 1:colcon.colcon_core.environment:create_file_with_runtime_dependencies(/home/utec/humanoid_ws/install/unitree_hg/share/colcon-core/packages/unitree_hg)
[1.239s] Level 1:colcon.colcon_core.environment:create_environment_scripts_only(unitree_hg)
[1.239s] Level 1:colcon.colcon_core.environment:checking '/home/utec/humanoid_ws/install/unitree_hg' for CMake module files
[1.240s] Level 1:colcon.colcon_core.environment:checking '/home/utec/humanoid_ws/install/unitree_hg' for CMake config files
[1.240s] Level 1:colcon.colcon_core.shell:create_environment_hook('unitree_hg', 'cmake_prefix_path')
[1.240s] INFO:colcon.colcon_core.shell:Creating environment hook '/home/utec/humanoid_ws/install/unitree_hg/share/unitree_hg/hook/cmake_prefix_path.ps1'
[1.241s] INFO:colcon.colcon_core.shell:Creating environment descriptor '/home/utec/humanoid_ws/install/unitree_hg/share/unitree_hg/hook/cmake_prefix_path.dsv'
[1.241s] INFO:colcon.colcon_core.shell:Creating environment hook '/home/utec/humanoid_ws/install/unitree_hg/share/unitree_hg/hook/cmake_prefix_path.sh'
[1.242s] Level 1:colcon.colcon_core.environment:checking '/home/utec/humanoid_ws/install/unitree_hg/lib'
[1.242s] Level 1:colcon.colcon_core.shell:create_environment_hook('unitree_hg', 'ld_library_path_lib')
[1.242s] INFO:colcon.colcon_core.shell:Creating environment hook '/home/utec/humanoid_ws/install/unitree_hg/share/unitree_hg/hook/ld_library_path_lib.ps1'
[1.243s] INFO:colcon.colcon_core.shell:Creating environment descriptor '/home/utec/humanoid_ws/install/unitree_hg/share/unitree_hg/hook/ld_library_path_lib.dsv'
[1.243s] INFO:colcon.colcon_core.shell:Creating environment hook '/home/utec/humanoid_ws/install/unitree_hg/share/unitree_hg/hook/ld_library_path_lib.sh'
[1.243s] Level 1:colcon.colcon_core.environment:checking '/home/utec/humanoid_ws/install/unitree_hg/bin'
[1.244s] Level 1:colcon.colcon_core.environment:checking '/home/utec/humanoid_ws/install/unitree_hg/lib/pkgconfig/unitree_hg.pc'
[1.244s] Level 1:colcon.colcon_core.environment:checking '/home/utec/humanoid_ws/install/unitree_hg/lib/python3.10/site-packages'
[1.244s] Level 1:colcon.colcon_core.environment:checking '/home/utec/humanoid_ws/install/unitree_hg/bin'
[1.244s] INFO:colcon.colcon_core.shell:Creating package script '/home/utec/humanoid_ws/install/unitree_hg/share/unitree_hg/package.ps1'
[1.245s] INFO:colcon.colcon_core.shell:Creating package descriptor '/home/utec/humanoid_ws/install/unitree_hg/share/unitree_hg/package.dsv'
[1.246s] INFO:colcon.colcon_core.shell:Creating package script '/home/utec/humanoid_ws/install/unitree_hg/share/unitree_hg/package.sh'
[1.246s] INFO:colcon.colcon_core.shell:Creating package script '/home/utec/humanoid_ws/install/unitree_hg/share/unitree_hg/package.bash'
[1.247s] INFO:colcon.colcon_core.shell:Creating package script '/home/utec/humanoid_ws/install/unitree_hg/share/unitree_hg/package.zsh'
[1.247s] Level 1:colcon.colcon_core.environment:create_file_with_runtime_dependencies(/home/utec/humanoid_ws/install/unitree_hg/share/colcon-core/packages/unitree_hg)
[1.248s] INFO:colcon.colcon_ros.task.ament_cmake.build:Building ROS package in '/home/utec/humanoid_ws/src/h1_2_utec/h1_2_interface' with build type 'ament_cmake'
[1.248s] INFO:colcon.colcon_cmake.task.cmake.build:Building CMake package in '/home/utec/humanoid_ws/src/h1_2_utec/h1_2_interface'
[1.248s] INFO:colcon.colcon_core.shell:Skip shell extension 'powershell' for command environment: Not usable outside of PowerShell
[1.248s] DEBUG:colcon.colcon_core.shell:Skip shell extension 'dsv' for command environment
[1.256s] INFO:colcon.colcon_ros.task.ament_python.build:Building ROS package in '/home/utec/humanoid_ws/src/pycodes_h1' with build type 'ament_python'
[1.257s] Level 1:colcon.colcon_core.shell:create_environment_hook('pycodes_h1', 'ament_prefix_path')
[1.257s] INFO:colcon.colcon_core.shell:Creating environment hook '/home/utec/humanoid_ws/install/pycodes_h1/share/pycodes_h1/hook/ament_prefix_path.ps1'
[1.258s] INFO:colcon.colcon_core.shell:Creating environment descriptor '/home/utec/humanoid_ws/install/pycodes_h1/share/pycodes_h1/hook/ament_prefix_path.dsv'
[1.259s] INFO:colcon.colcon_core.shell:Creating environment hook '/home/utec/humanoid_ws/install/pycodes_h1/share/pycodes_h1/hook/ament_prefix_path.sh'
[1.260s] INFO:colcon.colcon_core.shell:Skip shell extension 'powershell' for command environment: Not usable outside of PowerShell
[1.260s] DEBUG:colcon.colcon_core.shell:Skip shell extension 'dsv' for command environment
[1.272s] DEBUG:colcon.colcon_core.event_handler.log_command:Invoked command in '/home/utec/humanoid_ws/build/unitree_api' returned '0': CMAKE_PREFIX_PATH=${CMAKE_PREFIX_PATH}:/home/utec/humanoid_ws/install/pycodes_h1:/home/utec/humanoid_ws/install/h1_2_model:/opt/ros/humble /usr/bin/cmake --build /home/utec/humanoid_ws/build/unitree_api -- -j8 -l8
[1.273s] DEBUG:colcon.colcon_core.event_handler.log_command:Invoking command in '/home/utec/humanoid_ws/build/unitree_api': CMAKE_PREFIX_PATH=${CMAKE_PREFIX_PATH}:/home/utec/humanoid_ws/install/pycodes_h1:/home/utec/humanoid_ws/install/h1_2_model:/opt/ros/humble /usr/bin/cmake --install /home/utec/humanoid_ws/build/unitree_api
[1.276s] DEBUG:colcon.colcon_core.event_handler.log_command:Invoking command in '/home/utec/humanoid_ws/build/h1_2_interface': CMAKE_PREFIX_PATH=/home/utec/humanoid_ws/install/unitree_hg:/home/utec/humanoid_ws/install/unitree_ros2_example:/home/utec/humanoid_ws/install/h1_2_interface:/home/utec/humanoid_ws/install/unitree_go:/home/utec/humanoid_ws/install/unitree_api:/home/utec/humanoid_ws/install/h1_2_description:/home/utec/humanoid_ws/install/pycodes_h1:/home/utec/humanoid_ws/install/h1_2_model:/opt/ros/humble /usr/bin/cmake --build /home/utec/humanoid_ws/build/h1_2_interface -- -j8 -l8
[1.665s] INFO:colcon.colcon_core.task.python.build:Building Python package in '/home/utec/humanoid_ws/src/pycodes_h1'
[1.665s] INFO:colcon.colcon_core.shell:Skip shell extension 'powershell' for command environment: Not usable outside of PowerShell
[1.665s] DEBUG:colcon.colcon_core.shell:Skip shell extension 'dsv' for command environment
[1.675s] DEBUG:colcon.colcon_core.event_handler.log_command:Invoked command in '/home/utec/humanoid_ws/build/unitree_go' returned '0': CMAKE_PREFIX_PATH=${CMAKE_PREFIX_PATH}:/home/utec/humanoid_ws/install/pycodes_h1:/home/utec/humanoid_ws/install/h1_2_model:/opt/ros/humble /usr/bin/cmake --build /home/utec/humanoid_ws/build/unitree_go -- -j8 -l8
[1.681s] DEBUG:colcon.colcon_core.event_handler.log_command:Invoking command in '/home/utec/humanoid_ws/build/unitree_go': CMAKE_PREFIX_PATH=${CMAKE_PREFIX_PATH}:/home/utec/humanoid_ws/install/pycodes_h1:/home/utec/humanoid_ws/install/h1_2_model:/opt/ros/humble /usr/bin/cmake --install /home/utec/humanoid_ws/build/unitree_go
[1.684s] DEBUG:colcon.colcon_core.event_handler.log_command:Invoked command in '/home/utec/humanoid_ws/build/h1_2_interface' returned '0': CMAKE_PREFIX_PATH=/home/utec/humanoid_ws/install/unitree_hg:/home/utec/humanoid_ws/install/unitree_ros2_example:/home/utec/humanoid_ws/install/h1_2_interface:/home/utec/humanoid_ws/install/unitree_go:/home/utec/humanoid_ws/install/unitree_api:/home/utec/humanoid_ws/install/h1_2_description:/home/utec/humanoid_ws/install/pycodes_h1:/home/utec/humanoid_ws/install/h1_2_model:/opt/ros/humble /usr/bin/cmake --build /home/utec/humanoid_ws/build/h1_2_interface -- -j8 -l8
[1.685s] DEBUG:colcon.colcon_core.event_handler.log_command:Invoking command in '/home/utec/humanoid_ws/build/h1_2_interface': CMAKE_PREFIX_PATH=/home/utec/humanoid_ws/install/unitree_hg:/home/utec/humanoid_ws/install/unitree_ros2_example:/home/utec/humanoid_ws/install/h1_2_interface:/home/utec/humanoid_ws/install/unitree_go:/home/utec/humanoid_ws/install/unitree_api:/home/utec/humanoid_ws/install/h1_2_description:/home/utec/humanoid_ws/install/pycodes_h1:/home/utec/humanoid_ws/install/h1_2_model:/opt/ros/humble /usr/bin/cmake --install /home/utec/humanoid_ws/build/h1_2_interface
[1.685s] Level 1:colcon.colcon_core.environment:create_environment_scripts_only(unitree_api)
[1.686s] Level 1:colcon.colcon_core.environment:checking '/home/utec/humanoid_ws/install/unitree_api' for CMake module files
[1.686s] Level 1:colcon.colcon_core.environment:checking '/home/utec/humanoid_ws/install/unitree_api' for CMake config files
[1.688s] DEBUG:colcon.colcon_core.event_handler.log_command:Invoked command in '/home/utec/humanoid_ws/build/unitree_api' returned '0': CMAKE_PREFIX_PATH=${CMAKE_PREFIX_PATH}:/home/utec/humanoid_ws/install/pycodes_h1:/home/utec/humanoid_ws/install/h1_2_model:/opt/ros/humble /usr/bin/cmake --install /home/utec/humanoid_ws/build/unitree_api
[1.688s] Level 1:colcon.colcon_core.shell:create_environment_hook('unitree_api', 'cmake_prefix_path')
[1.689s] INFO:colcon.colcon_core.shell:Creating environment hook '/home/utec/humanoid_ws/install/unitree_api/share/unitree_api/hook/cmake_prefix_path.ps1'
[1.689s] INFO:colcon.colcon_core.shell:Creating environment descriptor '/home/utec/humanoid_ws/install/unitree_api/share/unitree_api/hook/cmake_prefix_path.dsv'
[1.690s] INFO:colcon.colcon_core.shell:Creating environment hook '/home/utec/humanoid_ws/install/unitree_api/share/unitree_api/hook/cmake_prefix_path.sh'
[1.694s] Level 1:colcon.colcon_core.environment:checking '/home/utec/humanoid_ws/install/unitree_api/lib'
[1.694s] Level 1:colcon.colcon_core.shell:create_environment_hook('unitree_api', 'ld_library_path_lib')
[1.694s] INFO:colcon.colcon_core.shell:Creating environment hook '/home/utec/humanoid_ws/install/unitree_api/share/unitree_api/hook/ld_library_path_lib.ps1'
[1.695s] INFO:colcon.colcon_core.shell:Creating environment descriptor '/home/utec/humanoid_ws/install/unitree_api/share/unitree_api/hook/ld_library_path_lib.dsv'
[1.696s] INFO:colcon.colcon_core.shell:Creating environment hook '/home/utec/humanoid_ws/install/unitree_api/share/unitree_api/hook/ld_library_path_lib.sh'
[1.696s] Level 1:colcon.colcon_core.environment:checking '/home/utec/humanoid_ws/install/unitree_api/bin'
[1.696s] Level 1:colcon.colcon_core.environment:checking '/home/utec/humanoid_ws/install/unitree_api/lib/pkgconfig/unitree_api.pc'
[1.700s] Level 1:colcon.colcon_core.environment:checking '/home/utec/humanoid_ws/install/unitree_api/lib/python3.10/site-packages'
[1.700s] Level 1:colcon.colcon_core.environment:checking '/home/utec/humanoid_ws/install/unitree_api/bin'
[1.701s] INFO:colcon.colcon_core.shell:Creating package script '/home/utec/humanoid_ws/install/unitree_api/share/unitree_api/package.ps1'
[1.702s] INFO:colcon.colcon_core.shell:Creating package descriptor '/home/utec/humanoid_ws/install/unitree_api/share/unitree_api/package.dsv'
[1.702s] INFO:colcon.colcon_core.shell:Creating package script '/home/utec/humanoid_ws/install/unitree_api/share/unitree_api/package.sh'
[1.703s] INFO:colcon.colcon_core.shell:Creating package script '/home/utec/humanoid_ws/install/unitree_api/share/unitree_api/package.bash'
[1.703s] INFO:colcon.colcon_core.shell:Creating package script '/home/utec/humanoid_ws/install/unitree_api/share/unitree_api/package.zsh'
[1.704s] Level 1:colcon.colcon_core.environment:create_file_with_runtime_dependencies(/home/utec/humanoid_ws/install/unitree_api/share/colcon-core/packages/unitree_api)
[1.705s] Level 1:colcon.colcon_core.environment:create_environment_scripts_only(unitree_api)
[1.705s] Level 1:colcon.colcon_core.environment:checking '/home/utec/humanoid_ws/install/unitree_api' for CMake module files
[1.706s] Level 1:colcon.colcon_core.environment:checking '/home/utec/humanoid_ws/install/unitree_api' for CMake config files
[1.706s] Level 1:colcon.colcon_core.shell:create_environment_hook('unitree_api', 'cmake_prefix_path')
[1.707s] INFO:colcon.colcon_core.shell:Creating environment hook '/home/utec/humanoid_ws/install/unitree_api/share/unitree_api/hook/cmake_prefix_path.ps1'
[1.708s] INFO:colcon.colcon_core.shell:Creating environment descriptor '/home/utec/humanoid_ws/install/unitree_api/share/unitree_api/hook/cmake_prefix_path.dsv'
[1.709s] INFO:colcon.colcon_core.shell:Creating environment hook '/home/utec/humanoid_ws/install/unitree_api/share/unitree_api/hook/cmake_prefix_path.sh'
[1.710s] Level 1:colcon.colcon_core.environment:checking '/home/utec/humanoid_ws/install/unitree_api/lib'
[1.711s] Level 1:colcon.colcon_core.shell:create_environment_hook('unitree_api', 'ld_library_path_lib')
[1.711s] INFO:colcon.colcon_core.shell:Creating environment hook '/home/utec/humanoid_ws/install/unitree_api/share/unitree_api/hook/ld_library_path_lib.ps1'
[1.712s] INFO:colcon.colcon_core.shell:Creating environment descriptor '/home/utec/humanoid_ws/install/unitree_api/share/unitree_api/hook/ld_library_path_lib.dsv'
[1.713s] INFO:colcon.colcon_core.shell:Creating environment hook '/home/utec/humanoid_ws/install/unitree_api/share/unitree_api/hook/ld_library_path_lib.sh'
[1.714s] Level 1:colcon.colcon_core.environment:checking '/home/utec/humanoid_ws/install/unitree_api/bin'
[1.714s] Level 1:colcon.colcon_core.environment:checking '/home/utec/humanoid_ws/install/unitree_api/lib/pkgconfig/unitree_api.pc'
[1.715s] Level 1:colcon.colcon_core.environment:checking '/home/utec/humanoid_ws/install/unitree_api/lib/python3.10/site-packages'
[1.716s] Level 1:colcon.colcon_core.environment:checking '/home/utec/humanoid_ws/install/unitree_api/bin'
[1.716s] INFO:colcon.colcon_core.shell:Creating package script '/home/utec/humanoid_ws/install/unitree_api/share/unitree_api/package.ps1'
[1.717s] INFO:colcon.colcon_core.shell:Creating package descriptor '/home/utec/humanoid_ws/install/unitree_api/share/unitree_api/package.dsv'
[1.718s] INFO:colcon.colcon_core.shell:Creating package script '/home/utec/humanoid_ws/install/unitree_api/share/unitree_api/package.sh'
[1.718s] INFO:colcon.colcon_core.shell:Creating package script '/home/utec/humanoid_ws/install/unitree_api/share/unitree_api/package.bash'
[1.719s] INFO:colcon.colcon_core.shell:Creating package script '/home/utec/humanoid_ws/install/unitree_api/share/unitree_api/package.zsh'
[1.719s] Level 1:colcon.colcon_core.environment:create_file_with_runtime_dependencies(/home/utec/humanoid_ws/install/unitree_api/share/colcon-core/packages/unitree_api)
[1.747s] Level 1:colcon.colcon_core.environment:create_environment_scripts_only(h1_2_interface)
[1.756s] Level 1:colcon.colcon_core.environment:checking '/home/utec/humanoid_ws/install/h1_2_interface' for CMake module files
[1.757s] Level 1:colcon.colcon_core.environment:checking '/home/utec/humanoid_ws/install/h1_2_interface' for CMake config files
[1.757s] Level 1:colcon.colcon_core.shell:create_environment_hook('h1_2_interface', 'cmake_prefix_path')
[1.758s] INFO:colcon.colcon_core.shell:Creating environment hook '/home/utec/humanoid_ws/install/h1_2_interface/share/h1_2_interface/hook/cmake_prefix_path.ps1'
[1.758s] INFO:colcon.colcon_core.shell:Creating environment descriptor '/home/utec/humanoid_ws/install/h1_2_interface/share/h1_2_interface/hook/cmake_prefix_path.dsv'
[1.759s] INFO:colcon.colcon_core.shell:Creating environment hook '/home/utec/humanoid_ws/install/h1_2_interface/share/h1_2_interface/hook/cmake_prefix_path.sh'
[1.763s] Level 1:colcon.colcon_core.environment:checking '/home/utec/humanoid_ws/install/h1_2_interface/lib'
[1.763s] Level 1:colcon.colcon_core.environment:checking '/home/utec/humanoid_ws/install/h1_2_interface/bin'
[1.763s] Level 1:colcon.colcon_core.environment:checking '/home/utec/humanoid_ws/install/h1_2_interface/lib/pkgconfig/h1_2_interface.pc'
[1.763s] Level 1:colcon.colcon_core.environment:checking '/home/utec/humanoid_ws/install/h1_2_interface/lib/python3.10/site-packages'
[1.764s] Level 1:colcon.colcon_core.environment:checking '/home/utec/humanoid_ws/install/h1_2_interface/bin'
[1.764s] INFO:colcon.colcon_core.shell:Creating package script '/home/utec/humanoid_ws/install/h1_2_interface/share/h1_2_interface/package.ps1'
[1.765s] INFO:colcon.colcon_core.shell:Creating package descriptor '/home/utec/humanoid_ws/install/h1_2_interface/share/h1_2_interface/package.dsv'
[1.766s] INFO:colcon.colcon_core.shell:Creating package script '/home/utec/humanoid_ws/install/h1_2_interface/share/h1_2_interface/package.sh'
[1.769s] INFO:colcon.colcon_core.shell:Creating package script '/home/utec/humanoid_ws/install/h1_2_interface/share/h1_2_interface/package.bash'
[1.770s] INFO:colcon.colcon_core.shell:Creating package script '/home/utec/humanoid_ws/install/h1_2_interface/share/h1_2_interface/package.zsh'
[1.770s] Level 1:colcon.colcon_core.environment:create_file_with_runtime_dependencies(/home/utec/humanoid_ws/install/h1_2_interface/share/colcon-core/packages/h1_2_interface)
[1.771s] Level 1:colcon.colcon_core.environment:create_environment_scripts_only(h1_2_interface)
[1.771s] Level 1:colcon.colcon_core.environment:checking '/home/utec/humanoid_ws/install/h1_2_interface' for CMake module files
[1.777s] Level 1:colcon.colcon_core.environment:checking '/home/utec/humanoid_ws/install/h1_2_interface' for CMake config files
[1.778s] Level 1:colcon.colcon_core.shell:create_environment_hook('h1_2_interface', 'cmake_prefix_path')
[1.778s] INFO:colcon.colcon_core.shell:Creating environment hook '/home/utec/humanoid_ws/install/h1_2_interface/share/h1_2_interface/hook/cmake_prefix_path.ps1'
[1.780s] INFO:colcon.colcon_core.shell:Creating environment descriptor '/home/utec/humanoid_ws/install/h1_2_interface/share/h1_2_interface/hook/cmake_prefix_path.dsv'
[1.785s] INFO:colcon.colcon_core.shell:Creating environment hook '/home/utec/humanoid_ws/install/h1_2_interface/share/h1_2_interface/hook/cmake_prefix_path.sh'
[1.786s] Level 1:colcon.colcon_core.environment:checking '/home/utec/humanoid_ws/install/h1_2_interface/lib'
[1.786s] Level 1:colcon.colcon_core.environment:checking '/home/utec/humanoid_ws/install/h1_2_interface/bin'
[1.786s] Level 1:colcon.colcon_core.environment:checking '/home/utec/humanoid_ws/install/h1_2_interface/lib/pkgconfig/h1_2_interface.pc'
[1.786s] Level 1:colcon.colcon_core.environment:checking '/home/utec/humanoid_ws/install/h1_2_interface/lib/python3.10/site-packages'
[1.787s] Level 1:colcon.colcon_core.environment:checking '/home/utec/humanoid_ws/install/h1_2_interface/bin'
[1.787s] INFO:colcon.colcon_core.shell:Creating package script '/home/utec/humanoid_ws/install/h1_2_interface/share/h1_2_interface/package.ps1'
[1.792s] INFO:colcon.colcon_core.shell:Creating package descriptor '/home/utec/humanoid_ws/install/h1_2_interface/share/h1_2_interface/package.dsv'
[1.793s] INFO:colcon.colcon_core.shell:Creating package script '/home/utec/humanoid_ws/install/h1_2_interface/share/h1_2_interface/package.sh'
[1.793s] INFO:colcon.colcon_core.shell:Creating package script '/home/utec/humanoid_ws/install/h1_2_interface/share/h1_2_interface/package.bash'
[1.794s] INFO:colcon.colcon_core.shell:Creating package script '/home/utec/humanoid_ws/install/h1_2_interface/share/h1_2_interface/package.zsh'
[1.794s] Level 1:colcon.colcon_core.environment:create_file_with_runtime_dependencies(/home/utec/humanoid_ws/install/h1_2_interface/share/colcon-core/packages/h1_2_interface)
[1.797s] DEBUG:colcon.colcon_core.event_handler.log_command:Invoking command in '/home/utec/humanoid_ws/src/h1_2_utec/h1_2_model': CMAKE_PREFIX_PATH=/home/utec/humanoid_ws/install/h1_2_description:/home/utec/humanoid_ws/install/unitree_ros2_example:/home/utec/humanoid_ws/install/h1_2_interface:/home/utec/humanoid_ws/install/unitree_hg:/home/utec/humanoid_ws/install/unitree_go:/home/utec/humanoid_ws/install/unitree_api PYTHONPATH=/home/utec/humanoid_ws/build/h1_2_model/prefix_override:/usr/lib/python3/dist-packages/colcon_core/task/python/colcon_distutils_commands:/home/utec/humanoid_ws/install/h1_2_model/lib/python3.10/site-packages:${PYTHONPATH} /usr/bin/python3 -W ignore:setup.py install is deprecated -W ignore:easy_install command is deprecated setup.py egg_info --egg-base ../../../build/h1_2_model build --build-base /home/utec/humanoid_ws/build/h1_2_model/build install --record /home/utec/humanoid_ws/build/h1_2_model/install.log --single-version-externally-managed install_data
[1.826s] Level 1:colcon.colcon_core.environment:create_environment_scripts_only(unitree_go)
[1.827s] Level 1:colcon.colcon_core.environment:checking '/home/utec/humanoid_ws/install/unitree_go' for CMake module files
[1.831s] Level 1:colcon.colcon_core.environment:checking '/home/utec/humanoid_ws/install/unitree_go' for CMake config files
[1.831s] Level 1:colcon.colcon_core.shell:create_environment_hook('unitree_go', 'cmake_prefix_path')
[1.832s] INFO:colcon.colcon_core.shell:Creating environment hook '/home/utec/humanoid_ws/install/unitree_go/share/unitree_go/hook/cmake_prefix_path.ps1'
[1.832s] INFO:colcon.colcon_core.shell:Creating environment descriptor '/home/utec/humanoid_ws/install/unitree_go/share/unitree_go/hook/cmake_prefix_path.dsv'
[1.838s] INFO:colcon.colcon_core.shell:Creating environment hook '/home/utec/humanoid_ws/install/unitree_go/share/unitree_go/hook/cmake_prefix_path.sh'
[1.844s] DEBUG:colcon.colcon_core.event_handler.log_command:Invoked command in '/home/utec/humanoid_ws/build/h1_2_interface' returned '0': CMAKE_PREFIX_PATH=/home/utec/humanoid_ws/install/unitree_hg:/home/utec/humanoid_ws/install/unitree_ros2_example:/home/utec/humanoid_ws/install/h1_2_interface:/home/utec/humanoid_ws/install/unitree_go:/home/utec/humanoid_ws/install/unitree_api:/home/utec/humanoid_ws/install/h1_2_description:/home/utec/humanoid_ws/install/pycodes_h1:/home/utec/humanoid_ws/install/h1_2_model:/opt/ros/humble /usr/bin/cmake --install /home/utec/humanoid_ws/build/h1_2_interface
[1.846s] Level 1:colcon.colcon_core.environment:checking '/home/utec/humanoid_ws/install/unitree_go/lib'
[1.846s] Level 1:colcon.colcon_core.shell:create_environment_hook('unitree_go', 'ld_library_path_lib')
[1.847s] INFO:colcon.colcon_core.shell:Creating environment hook '/home/utec/humanoid_ws/install/unitree_go/share/unitree_go/hook/ld_library_path_lib.ps1'
[1.848s] INFO:colcon.colcon_core.shell:Creating environment descriptor '/home/utec/humanoid_ws/install/unitree_go/share/unitree_go/hook/ld_library_path_lib.dsv'
[1.852s] INFO:colcon.colcon_core.shell:Creating environment hook '/home/utec/humanoid_ws/install/unitree_go/share/unitree_go/hook/ld_library_path_lib.sh'
[1.853s] Level 1:colcon.colcon_core.environment:checking '/home/utec/humanoid_ws/install/unitree_go/bin'
[1.853s] Level 1:colcon.colcon_core.environment:checking '/home/utec/humanoid_ws/install/unitree_go/lib/pkgconfig/unitree_go.pc'
[1.853s] Level 1:colcon.colcon_core.environment:checking '/home/utec/humanoid_ws/install/unitree_go/lib/python3.10/site-packages'
[1.854s] Level 1:colcon.colcon_core.environment:checking '/home/utec/humanoid_ws/install/unitree_go/bin'
[1.854s] INFO:colcon.colcon_core.shell:Creating package script '/home/utec/humanoid_ws/install/unitree_go/share/unitree_go/package.ps1'
[1.859s] INFO:colcon.colcon_core.shell:Creating package descriptor '/home/utec/humanoid_ws/install/unitree_go/share/unitree_go/package.dsv'
[1.860s] INFO:colcon.colcon_core.shell:Creating package script '/home/utec/humanoid_ws/install/unitree_go/share/unitree_go/package.sh'
[1.860s] INFO:colcon.colcon_core.shell:Creating package script '/home/utec/humanoid_ws/install/unitree_go/share/unitree_go/package.bash'
[1.861s] INFO:colcon.colcon_core.shell:Creating package script '/home/utec/humanoid_ws/install/unitree_go/share/unitree_go/package.zsh'
[1.861s] Level 1:colcon.colcon_core.environment:create_file_with_runtime_dependencies(/home/utec/humanoid_ws/install/unitree_go/share/colcon-core/packages/unitree_go)
[1.866s] Level 1:colcon.colcon_core.environment:create_environment_scripts_only(unitree_go)
[1.866s] Level 1:colcon.colcon_core.environment:checking '/home/utec/humanoid_ws/install/unitree_go' for CMake module files
[1.867s] Level 1:colcon.colcon_core.environment:checking '/home/utec/humanoid_ws/install/unitree_go' for CMake config files
[1.867s] Level 1:colcon.colcon_core.shell:create_environment_hook('unitree_go', 'cmake_prefix_path')
[1.868s] INFO:colcon.colcon_core.shell:Creating environment hook '/home/utec/humanoid_ws/install/unitree_go/share/unitree_go/hook/cmake_prefix_path.ps1'
[1.869s] INFO:colcon.colcon_core.shell:Creating environment descriptor '/home/utec/humanoid_ws/install/unitree_go/share/unitree_go/hook/cmake_prefix_path.dsv'
[1.870s] DEBUG:colcon.colcon_core.event_handler.log_command:Invoked command in '/home/utec/humanoid_ws/build/unitree_go' returned '0': CMAKE_PREFIX_PATH=${CMAKE_PREFIX_PATH}:/home/utec/humanoid_ws/install/pycodes_h1:/home/utec/humanoid_ws/install/h1_2_model:/opt/ros/humble /usr/bin/cmake --install /home/utec/humanoid_ws/build/unitree_go
[1.872s] INFO:colcon.colcon_core.shell:Creating environment hook '/home/utec/humanoid_ws/install/unitree_go/share/unitree_go/hook/cmake_prefix_path.sh'
[1.873s] Level 1:colcon.colcon_core.environment:checking '/home/utec/humanoid_ws/install/unitree_go/lib'
[1.873s] Level 1:colcon.colcon_core.shell:create_environment_hook('unitree_go', 'ld_library_path_lib')
[1.873s] INFO:colcon.colcon_core.shell:Creating environment hook '/home/utec/humanoid_ws/install/unitree_go/share/unitree_go/hook/ld_library_path_lib.ps1'
[1.874s] INFO:colcon.colcon_core.shell:Creating environment descriptor '/home/utec/humanoid_ws/install/unitree_go/share/unitree_go/hook/ld_library_path_lib.dsv'
[1.874s] INFO:colcon.colcon_core.shell:Creating environment hook '/home/utec/humanoid_ws/install/unitree_go/share/unitree_go/hook/ld_library_path_lib.sh'
[1.875s] Level 1:colcon.colcon_core.environment:checking '/home/utec/humanoid_ws/install/unitree_go/bin'
[1.875s] Level 1:colcon.colcon_core.environment:checking '/home/utec/humanoid_ws/install/unitree_go/lib/pkgconfig/unitree_go.pc'
[1.875s] Level 1:colcon.colcon_core.environment:checking '/home/utec/humanoid_ws/install/unitree_go/lib/python3.10/site-packages'
[1.876s] Level 1:colcon.colcon_core.environment:checking '/home/utec/humanoid_ws/install/unitree_go/bin'
[1.877s] INFO:colcon.colcon_core.shell:Creating package script '/home/utec/humanoid_ws/install/unitree_go/share/unitree_go/package.ps1'
[1.878s] INFO:colcon.colcon_core.shell:Creating package descriptor '/home/utec/humanoid_ws/install/unitree_go/share/unitree_go/package.dsv'
[1.879s] INFO:colcon.colcon_core.shell:Creating package script '/home/utec/humanoid_ws/install/unitree_go/share/unitree_go/package.sh'
[1.880s] INFO:colcon.colcon_core.shell:Creating package script '/home/utec/humanoid_ws/install/unitree_go/share/unitree_go/package.bash'
[1.881s] INFO:colcon.colcon_core.shell:Creating package script '/home/utec/humanoid_ws/install/unitree_go/share/unitree_go/package.zsh'
[1.882s] Level 1:colcon.colcon_core.environment:create_file_with_runtime_dependencies(/home/utec/humanoid_ws/install/unitree_go/share/colcon-core/packages/unitree_go)
[1.883s] INFO:colcon.colcon_ros.task.ament_cmake.build:Building ROS package in '/home/utec/humanoid_ws/src/unitree_ros2/example/src' with build type 'ament_cmake'
[1.883s] INFO:colcon.colcon_cmake.task.cmake.build:Building CMake package in '/home/utec/humanoid_ws/src/unitree_ros2/example/src'
[1.884s] INFO:colcon.colcon_core.shell:Skip shell extension 'powershell' for command environment: Not usable outside of PowerShell
[1.884s] DEBUG:colcon.colcon_core.shell:Skip shell extension 'dsv' for command environment
[1.927s] DEBUG:colcon.colcon_core.event_handler.log_command:Invoking command in '/home/utec/humanoid_ws/build/unitree_ros2_example': CMAKE_PREFIX_PATH=/home/utec/humanoid_ws/install/unitree_hg:/home/utec/humanoid_ws/install/unitree_go:/home/utec/humanoid_ws/install/unitree_api:/home/utec/humanoid_ws/install/unitree_ros2_example:/home/utec/humanoid_ws/install/h1_2_interface:/home/utec/humanoid_ws/install/h1_2_description:/home/utec/humanoid_ws/install/pycodes_h1:/home/utec/humanoid_ws/install/h1_2_model:/opt/ros/humble /usr/bin/cmake --build /home/utec/humanoid_ws/build/unitree_ros2_example -- -j8 -l8
[2.406s] DEBUG:colcon.colcon_core.event_handler.log_command:Invoked command in '/home/utec/humanoid_ws/build/unitree_ros2_example' returned '0': CMAKE_PREFIX_PATH=/home/utec/humanoid_ws/install/unitree_hg:/home/utec/humanoid_ws/install/unitree_go:/home/utec/humanoid_ws/install/unitree_api:/home/utec/humanoid_ws/install/unitree_ros2_example:/home/utec/humanoid_ws/install/h1_2_interface:/home/utec/humanoid_ws/install/h1_2_description:/home/utec/humanoid_ws/install/pycodes_h1:/home/utec/humanoid_ws/install/h1_2_model:/opt/ros/humble /usr/bin/cmake --build /home/utec/humanoid_ws/build/unitree_ros2_example -- -j8 -l8
[2.406s] DEBUG:colcon.colcon_core.event_handler.log_command:Invoking command in '/home/utec/humanoid_ws/build/unitree_ros2_example': CMAKE_PREFIX_PATH=/home/utec/humanoid_ws/install/unitree_hg:/home/utec/humanoid_ws/install/unitree_go:/home/utec/humanoid_ws/install/unitree_api:/home/utec/humanoid_ws/install/unitree_ros2_example:/home/utec/humanoid_ws/install/h1_2_interface:/home/utec/humanoid_ws/install/h1_2_description:/home/utec/humanoid_ws/install/pycodes_h1:/home/utec/humanoid_ws/install/h1_2_model:/opt/ros/humble /usr/bin/cmake --install /home/utec/humanoid_ws/build/unitree_ros2_example
[2.427s] Level 1:colcon.colcon_core.environment:create_environment_scripts_only(unitree_ros2_example)
[2.428s] Level 1:colcon.colcon_core.environment:checking '/home/utec/humanoid_ws/install/unitree_ros2_example' for CMake module files
[2.428s] Level 1:colcon.colcon_core.environment:checking '/home/utec/humanoid_ws/install/unitree_ros2_example' for CMake config files
[2.429s] Level 1:colcon.colcon_core.shell:create_environment_hook('unitree_ros2_example', 'cmake_prefix_path')
[2.429s] INFO:colcon.colcon_core.shell:Creating environment hook '/home/utec/humanoid_ws/install/unitree_ros2_example/share/unitree_ros2_example/hook/cmake_prefix_path.ps1'
[2.430s] DEBUG:colcon.colcon_core.event_handler.log_command:Invoked command in '/home/utec/humanoid_ws/build/unitree_ros2_example' returned '0': CMAKE_PREFIX_PATH=/home/utec/humanoid_ws/install/unitree_hg:/home/utec/humanoid_ws/install/unitree_go:/home/utec/humanoid_ws/install/unitree_api:/home/utec/humanoid_ws/install/unitree_ros2_example:/home/utec/humanoid_ws/install/h1_2_interface:/home/utec/humanoid_ws/install/h1_2_description:/home/utec/humanoid_ws/install/pycodes_h1:/home/utec/humanoid_ws/install/h1_2_model:/opt/ros/humble /usr/bin/cmake --install /home/utec/humanoid_ws/build/unitree_ros2_example
[2.431s] INFO:colcon.colcon_core.shell:Creating environment descriptor '/home/utec/humanoid_ws/install/unitree_ros2_example/share/unitree_ros2_example/hook/cmake_prefix_path.dsv'
[2.432s] INFO:colcon.colcon_core.shell:Creating environment hook '/home/utec/humanoid_ws/install/unitree_ros2_example/share/unitree_ros2_example/hook/cmake_prefix_path.sh'
[2.433s] Level 1:colcon.colcon_core.environment:checking '/home/utec/humanoid_ws/install/unitree_ros2_example/lib'
[2.433s] Level 1:colcon.colcon_core.environment:checking '/home/utec/humanoid_ws/install/unitree_ros2_example/bin'
[2.433s] Level 1:colcon.colcon_core.shell:create_environment_hook('unitree_ros2_example', 'path')
[2.434s] INFO:colcon.colcon_core.shell:Creating environment hook '/home/utec/humanoid_ws/install/unitree_ros2_example/share/unitree_ros2_example/hook/path.ps1'
[2.434s] INFO:colcon.colcon_core.shell:Creating environment descriptor '/home/utec/humanoid_ws/install/unitree_ros2_example/share/unitree_ros2_example/hook/path.dsv'
[2.435s] INFO:colcon.colcon_core.shell:Creating environment hook '/home/utec/humanoid_ws/install/unitree_ros2_example/share/unitree_ros2_example/hook/path.sh'
[2.435s] Level 1:colcon.colcon_core.environment:checking '/home/utec/humanoid_ws/install/unitree_ros2_example/lib/pkgconfig/unitree_ros2_example.pc'
[2.436s] Level 1:colcon.colcon_core.environment:checking '/home/utec/humanoid_ws/install/unitree_ros2_example/lib/python3.10/site-packages'
[2.436s] Level 1:colcon.colcon_core.environment:checking '/home/utec/humanoid_ws/install/unitree_ros2_example/bin'
[2.436s] Level 1:colcon.colcon_core.shell:create_environment_hook('unitree_ros2_example', 'pythonscriptspath')
[2.437s] INFO:colcon.colcon_core.shell:Creating environment hook '/home/utec/humanoid_ws/install/unitree_ros2_example/share/unitree_ros2_example/hook/pythonscriptspath.ps1'
[2.437s] INFO:colcon.colcon_core.shell:Creating environment descriptor '/home/utec/humanoid_ws/install/unitree_ros2_example/share/unitree_ros2_example/hook/pythonscriptspath.dsv'
[2.438s] INFO:colcon.colcon_core.shell:Creating environment hook '/home/utec/humanoid_ws/install/unitree_ros2_example/share/unitree_ros2_example/hook/pythonscriptspath.sh'
[2.439s] INFO:colcon.colcon_core.shell:Creating package script '/home/utec/humanoid_ws/install/unitree_ros2_example/share/unitree_ros2_example/package.ps1'
[2.440s] INFO:colcon.colcon_core.shell:Creating package descriptor '/home/utec/humanoid_ws/install/unitree_ros2_example/share/unitree_ros2_example/package.dsv'
[2.440s] INFO:colcon.colcon_core.shell:Creating package script '/home/utec/humanoid_ws/install/unitree_ros2_example/share/unitree_ros2_example/package.sh'
[2.441s] INFO:colcon.colcon_core.shell:Creating package script '/home/utec/humanoid_ws/install/unitree_ros2_example/share/unitree_ros2_example/package.bash'
[2.441s] INFO:colcon.colcon_core.shell:Creating package script '/home/utec/humanoid_ws/install/unitree_ros2_example/share/unitree_ros2_example/package.zsh'
[2.442s] Level 1:colcon.colcon_core.environment:create_file_with_runtime_dependencies(/home/utec/humanoid_ws/install/unitree_ros2_example/share/colcon-core/packages/unitree_ros2_example)
[2.443s] Level 1:colcon.colcon_core.environment:create_environment_scripts_only(unitree_ros2_example)
[2.443s] Level 1:colcon.colcon_core.environment:checking '/home/utec/humanoid_ws/install/unitree_ros2_example' for CMake module files
[2.444s] Level 1:colcon.colcon_core.environment:checking '/home/utec/humanoid_ws/install/unitree_ros2_example' for CMake config files
[2.444s] Level 1:colcon.colcon_core.shell:create_environment_hook('unitree_ros2_example', 'cmake_prefix_path')
[2.444s] INFO:colcon.colcon_core.shell:Creating environment hook '/home/utec/humanoid_ws/install/unitree_ros2_example/share/unitree_ros2_example/hook/cmake_prefix_path.ps1'
[2.445s] INFO:colcon.colcon_core.shell:Creating environment descriptor '/home/utec/humanoid_ws/install/unitree_ros2_example/share/unitree_ros2_example/hook/cmake_prefix_path.dsv'
[2.446s] INFO:colcon.colcon_core.shell:Creating environment hook '/home/utec/humanoid_ws/install/unitree_ros2_example/share/unitree_ros2_example/hook/cmake_prefix_path.sh'
[2.447s] Level 1:colcon.colcon_core.environment:checking '/home/utec/humanoid_ws/install/unitree_ros2_example/lib'
[2.447s] Level 1:colcon.colcon_core.environment:checking '/home/utec/humanoid_ws/install/unitree_ros2_example/bin'
[2.447s] Level 1:colcon.colcon_core.shell:create_environment_hook('unitree_ros2_example', 'path')
[2.447s] INFO:colcon.colcon_core.shell:Creating environment hook '/home/utec/humanoid_ws/install/unitree_ros2_example/share/unitree_ros2_example/hook/path.ps1'
[2.448s] INFO:colcon.colcon_core.shell:Creating environment descriptor '/home/utec/humanoid_ws/install/unitree_ros2_example/share/unitree_ros2_example/hook/path.dsv'
[2.448s] INFO:colcon.colcon_core.shell:Creating environment hook '/home/utec/humanoid_ws/install/unitree_ros2_example/share/unitree_ros2_example/hook/path.sh'
[2.449s] Level 1:colcon.colcon_core.environment:checking '/home/utec/humanoid_ws/install/unitree_ros2_example/lib/pkgconfig/unitree_ros2_example.pc'
[2.449s] Level 1:colcon.colcon_core.environment:checking '/home/utec/humanoid_ws/install/unitree_ros2_example/lib/python3.10/site-packages'
[2.450s] Level 1:colcon.colcon_core.environment:checking '/home/utec/humanoid_ws/install/unitree_ros2_example/bin'
[2.450s] Level 1:colcon.colcon_core.shell:create_environment_hook('unitree_ros2_example', 'pythonscriptspath')
[2.450s] INFO:colcon.colcon_core.shell:Creating environment hook '/home/utec/humanoid_ws/install/unitree_ros2_example/share/unitree_ros2_example/hook/pythonscriptspath.ps1'
[2.451s] INFO:colcon.colcon_core.shell:Creating environment descriptor '/home/utec/humanoid_ws/install/unitree_ros2_example/share/unitree_ros2_example/hook/pythonscriptspath.dsv'
[2.452s] INFO:colcon.colcon_core.shell:Creating environment hook '/home/utec/humanoid_ws/install/unitree_ros2_example/share/unitree_ros2_example/hook/pythonscriptspath.sh'
[2.453s] INFO:colcon.colcon_core.shell:Creating package script '/home/utec/humanoid_ws/install/unitree_ros2_example/share/unitree_ros2_example/package.ps1'
[2.454s] INFO:colcon.colcon_core.shell:Creating package descriptor '/home/utec/humanoid_ws/install/unitree_ros2_example/share/unitree_ros2_example/package.dsv'
[2.455s] INFO:colcon.colcon_core.shell:Creating package script '/home/utec/humanoid_ws/install/unitree_ros2_example/share/unitree_ros2_example/package.sh'
[2.456s] INFO:colcon.colcon_core.shell:Creating package script '/home/utec/humanoid_ws/install/unitree_ros2_example/share/unitree_ros2_example/package.bash'
[2.457s] INFO:colcon.colcon_core.shell:Creating package script '/home/utec/humanoid_ws/install/unitree_ros2_example/share/unitree_ros2_example/package.zsh'
[2.458s] Level 1:colcon.colcon_core.environment:create_file_with_runtime_dependencies(/home/utec/humanoid_ws/install/unitree_ros2_example/share/colcon-core/packages/unitree_ros2_example)
[2.471s] Level 1:colcon.colcon_core.environment:checking '/home/utec/humanoid_ws/install/h1_2_model' for CMake module files
[2.472s] DEBUG:colcon.colcon_core.event_handler.log_command:Invoked command in '/home/utec/humanoid_ws/src/h1_2_utec/h1_2_model' returned '0': CMAKE_PREFIX_PATH=/home/utec/humanoid_ws/install/h1_2_description:/home/utec/humanoid_ws/install/unitree_ros2_example:/home/utec/humanoid_ws/install/h1_2_interface:/home/utec/humanoid_ws/install/unitree_hg:/home/utec/humanoid_ws/install/unitree_go:/home/utec/humanoid_ws/install/unitree_api PYTHONPATH=/home/utec/humanoid_ws/build/h1_2_model/prefix_override:/usr/lib/python3/dist-packages/colcon_core/task/python/colcon_distutils_commands:/home/utec/humanoid_ws/install/h1_2_model/lib/python3.10/site-packages:${PYTHONPATH} /usr/bin/python3 -W ignore:setup.py install is deprecated -W ignore:easy_install command is deprecated setup.py egg_info --egg-base ../../../build/h1_2_model build --build-base /home/utec/humanoid_ws/build/h1_2_model/build install --record /home/utec/humanoid_ws/build/h1_2_model/install.log --single-version-externally-managed install_data
[2.475s] Level 1:colcon.colcon_core.environment:checking '/home/utec/humanoid_ws/install/h1_2_model' for CMake config files
[2.477s] Level 1:colcon.colcon_core.environment:checking '/home/utec/humanoid_ws/install/h1_2_model/lib'
[2.477s] Level 1:colcon.colcon_core.environment:checking '/home/utec/humanoid_ws/install/h1_2_model/bin'
[2.477s] Level 1:colcon.colcon_core.environment:checking '/home/utec/humanoid_ws/install/h1_2_model/lib/pkgconfig/h1_2_model.pc'
[2.478s] Level 1:colcon.colcon_core.environment:checking '/home/utec/humanoid_ws/install/h1_2_model/lib/python3.10/site-packages'
[2.478s] Level 1:colcon.colcon_core.shell:create_environment_hook('h1_2_model', 'pythonpath')
[2.478s] INFO:colcon.colcon_core.shell:Creating environment hook '/home/utec/humanoid_ws/install/h1_2_model/share/h1_2_model/hook/pythonpath.ps1'
[2.481s] INFO:colcon.colcon_core.shell:Creating environment descriptor '/home/utec/humanoid_ws/install/h1_2_model/share/h1_2_model/hook/pythonpath.dsv'
[2.482s] INFO:colcon.colcon_core.shell:Creating environment hook '/home/utec/humanoid_ws/install/h1_2_model/share/h1_2_model/hook/pythonpath.sh'
[2.484s] Level 1:colcon.colcon_core.environment:checking '/home/utec/humanoid_ws/install/h1_2_model/bin'
[2.484s] Level 1:colcon.colcon_core.environment:create_environment_scripts_only(h1_2_model)
[2.485s] INFO:colcon.colcon_core.shell:Creating package script '/home/utec/humanoid_ws/install/h1_2_model/share/h1_2_model/package.ps1'
[2.486s] INFO:colcon.colcon_core.shell:Creating package descriptor '/home/utec/humanoid_ws/install/h1_2_model/share/h1_2_model/package.dsv'
[2.487s] INFO:colcon.colcon_core.shell:Creating package script '/home/utec/humanoid_ws/install/h1_2_model/share/h1_2_model/package.sh'
[2.488s] INFO:colcon.colcon_core.shell:Creating package script '/home/utec/humanoid_ws/install/h1_2_model/share/h1_2_model/package.bash'
[2.488s] INFO:colcon.colcon_core.shell:Creating package script '/home/utec/humanoid_ws/install/h1_2_model/share/h1_2_model/package.zsh'
[2.489s] Level 1:colcon.colcon_core.environment:create_file_with_runtime_dependencies(/home/utec/humanoid_ws/install/h1_2_model/share/colcon-core/packages/h1_2_model)
[2.561s] DEBUG:colcon.colcon_core.event_handler.log_command:Invoking command in '/home/utec/humanoid_ws/src/pycodes_h1': CMAKE_PREFIX_PATH=/home/utec/humanoid_ws/install/unitree_hg:/home/utec/humanoid_ws/install/unitree_ros2_example:/home/utec/humanoid_ws/install/h1_2_interface:/home/utec/humanoid_ws/install/unitree_go:/home/utec/humanoid_ws/install/unitree_api:/home/utec/humanoid_ws/install/h1_2_description PYTHONPATH=/home/utec/humanoid_ws/build/pycodes_h1/prefix_override:/usr/lib/python3/dist-packages/colcon_core/task/python/colcon_distutils_commands:/home/utec/humanoid_ws/install/pycodes_h1/lib/python3.10/site-packages:${PYTHONPATH} /usr/bin/python3 -W ignore:setup.py install is deprecated -W ignore:easy_install command is deprecated setup.py egg_info --egg-base ../../build/pycodes_h1 build --build-base /home/utec/humanoid_ws/build/pycodes_h1/build install --record /home/utec/humanoid_ws/build/pycodes_h1/install.log --single-version-externally-managed install_data
[3.048s] Level 1:colcon.colcon_core.environment:checking '/home/utec/humanoid_ws/install/pycodes_h1' for CMake module files
[3.049s] DEBUG:colcon.colcon_core.event_handler.log_command:Invoked command in '/home/utec/humanoid_ws/src/pycodes_h1' returned '0': CMAKE_PREFIX_PATH=/home/utec/humanoid_ws/install/unitree_hg:/home/utec/humanoid_ws/install/unitree_ros2_example:/home/utec/humanoid_ws/install/h1_2_interface:/home/utec/humanoid_ws/install/unitree_go:/home/utec/humanoid_ws/install/unitree_api:/home/utec/humanoid_ws/install/h1_2_description PYTHONPATH=/home/utec/humanoid_ws/build/pycodes_h1/prefix_override:/usr/lib/python3/dist-packages/colcon_core/task/python/colcon_distutils_commands:/home/utec/humanoid_ws/install/pycodes_h1/lib/python3.10/site-packages:${PYTHONPATH} /usr/bin/python3 -W ignore:setup.py install is deprecated -W ignore:easy_install command is deprecated setup.py egg_info --egg-base ../../build/pycodes_h1 build --build-base /home/utec/humanoid_ws/build/pycodes_h1/build install --record /home/utec/humanoid_ws/build/pycodes_h1/install.log --single-version-externally-managed install_data
[3.049s] Level 1:colcon.colcon_core.environment:checking '/home/utec/humanoid_ws/install/pycodes_h1' for CMake config files
[3.050s] Level 1:colcon.colcon_core.environment:checking '/home/utec/humanoid_ws/install/pycodes_h1/lib'
[3.050s] Level 1:colcon.colcon_core.environment:checking '/home/utec/humanoid_ws/install/pycodes_h1/bin'
[3.050s] Level 1:colcon.colcon_core.environment:checking '/home/utec/humanoid_ws/install/pycodes_h1/lib/pkgconfig/pycodes_h1.pc'
[3.050s] Level 1:colcon.colcon_core.environment:checking '/home/utec/humanoid_ws/install/pycodes_h1/lib/python3.10/site-packages'
[3.050s] Level 1:colcon.colcon_core.shell:create_environment_hook('pycodes_h1', 'pythonpath')
[3.050s] INFO:colcon.colcon_core.shell:Creating environment hook '/home/utec/humanoid_ws/install/pycodes_h1/share/pycodes_h1/hook/pythonpath.ps1'
[3.051s] INFO:colcon.colcon_core.shell:Creating environment descriptor '/home/utec/humanoid_ws/install/pycodes_h1/share/pycodes_h1/hook/pythonpath.dsv'
[3.051s] INFO:colcon.colcon_core.shell:Creating environment hook '/home/utec/humanoid_ws/install/pycodes_h1/share/pycodes_h1/hook/pythonpath.sh'
[3.052s] Level 1:colcon.colcon_core.environment:checking '/home/utec/humanoid_ws/install/pycodes_h1/bin'
[3.052s] Level 1:colcon.colcon_core.environment:create_environment_scripts_only(pycodes_h1)
[3.053s] INFO:colcon.colcon_core.shell:Creating package script '/home/utec/humanoid_ws/install/pycodes_h1/share/pycodes_h1/package.ps1'
[3.054s] INFO:colcon.colcon_core.shell:Creating package descriptor '/home/utec/humanoid_ws/install/pycodes_h1/share/pycodes_h1/package.dsv'
[3.055s] INFO:colcon.colcon_core.shell:Creating package script '/home/utec/humanoid_ws/install/pycodes_h1/share/pycodes_h1/package.sh'
[3.056s] INFO:colcon.colcon_core.shell:Creating package script '/home/utec/humanoid_ws/install/pycodes_h1/share/pycodes_h1/package.bash'
[3.056s] INFO:colcon.colcon_core.shell:Creating package script '/home/utec/humanoid_ws/install/pycodes_h1/share/pycodes_h1/package.zsh'
[3.057s] Level 1:colcon.colcon_core.environment:create_file_with_runtime_dependencies(/home/utec/humanoid_ws/install/pycodes_h1/share/colcon-core/packages/pycodes_h1)
[3.057s] DEBUG:colcon.colcon_parallel_executor.executor.parallel:closing loop
[3.058s] DEBUG:colcon.colcon_parallel_executor.executor.parallel:loop closed
[3.058s] DEBUG:colcon.colcon_parallel_executor.executor.parallel:run_until_complete finished with '0'
[3.058s] DEBUG:colcon.colcon_core.event_reactor:joining thread
[3.063s] INFO:colcon.colcon_core.plugin_system:Skipping extension 'colcon_notification.desktop_notification.terminal_notifier': Not used on non-Darwin systems
[3.063s] INFO:colcon.colcon_core.plugin_system:Skipping extension 'colcon_notification.desktop_notification.win32': Not used on non-Windows systems
[3.063s] INFO:colcon.colcon_notification.desktop_notification:Sending desktop notification using 'notify2'
[3.074s] DEBUG:colcon.colcon_core.event_reactor:joined thread
[3.075s] INFO:colcon.colcon_core.shell:Creating prefix script '/home/utec/humanoid_ws/install/local_setup.ps1'
[3.076s] INFO:colcon.colcon_core.shell:Creating prefix util module '/home/utec/humanoid_ws/install/_local_setup_util_ps1.py'
[3.079s] INFO:colcon.colcon_core.shell:Creating prefix chain script '/home/utec/humanoid_ws/install/setup.ps1'
[3.081s] INFO:colcon.colcon_core.shell:Creating prefix script '/home/utec/humanoid_ws/install/local_setup.sh'
[3.082s] INFO:colcon.colcon_core.shell:Creating prefix util module '/home/utec/humanoid_ws/install/_local_setup_util_sh.py'
[3.082s] INFO:colcon.colcon_core.shell:Creating prefix chain script '/home/utec/humanoid_ws/install/setup.sh'
[3.085s] INFO:colcon.colcon_core.shell:Creating prefix script '/home/utec/humanoid_ws/install/local_setup.bash'
[3.086s] INFO:colcon.colcon_core.shell:Creating prefix chain script '/home/utec/humanoid_ws/install/setup.bash'
[3.089s] INFO:colcon.colcon_core.shell:Creating prefix script '/home/utec/humanoid_ws/install/local_setup.zsh'
[3.090s] INFO:colcon.colcon_core.shell:Creating prefix chain script '/home/utec/humanoid_ws/install/setup.zsh'
