[0.082s] DEBUG:colcon:Command line arguments: ['/usr/bin/colcon', 'build']
[0.082s] DEBUG:colcon:Parsed command line arguments: Namespace(log_base=None, log_level=None, verb_name='build', build_base='build', install_base='install', merge_install=False, symlink_install=False, test_result_base=None, continue_on_error=False, executor='parallel', parallel_workers=8, event_handlers=None, ignore_user_meta=False, metas=['./colcon.meta'], base_paths=['.'], packages_ignore=None, packages_ignore_regex=None, paths=None, packages_up_to=None, packages_up_to_regex=None, packages_above=None, packages_above_and_dependencies=None, packages_above_depth=None, packages_select_by_dep=None, packages_skip_by_dep=None, packages_skip_up_to=None, packages_select_build_failed=False, packages_skip_build_finished=False, packages_select_test_failures=False, packages_skip_test_passed=False, packages_select=None, packages_skip=None, packages_select_regex=None, packages_skip_regex=None, packages_start=None, packages_end=None, allow_overriding=[], cmake_args=None, cmake_target=None, cmake_target_skip_unavailable=False, cmake_clean_cache=False, cmake_clean_first=False, cmake_force_configure=False, ament_cmake_args=None, catkin_cmake_args=None, catkin_skip_building_tests=False, verb_parser=<colcon_defaults.argument_parser.defaults.DefaultArgumentsDecorator object at 0x748675f663e0>, verb_extension=<colcon_core.verb.build.BuildVerb object at 0x748675f65ea0>, main=<bound method BuildVerb.main of <colcon_core.verb.build.BuildVerb object at 0x748675f65ea0>>)
[0.222s] Level 1:colcon.colcon_core.package_discovery:discover_packages(colcon_meta) check parameters
[0.222s] Level 1:colcon.colcon_core.package_discovery:discover_packages(recursive) check parameters
[0.222s] Level 1:colcon.colcon_core.package_discovery:discover_packages(ignore) check parameters
[0.222s] Level 1:colcon.colcon_core.package_discovery:discover_packages(path) check parameters
[0.222s] Level 1:colcon.colcon_core.package_discovery:discover_packages(colcon_meta) discover
[0.222s] Level 1:colcon.colcon_core.package_discovery:discover_packages(recursive) discover
[0.222s] INFO:colcon.colcon_core.package_discovery:Crawling recursively for packages in '/home/utec/humanoid_ws'
[0.222s] Level 1:colcon.colcon_core.package_identification:_identify(.) by extensions ['ignore', 'ignore_ament_install']
[0.222s] Level 1:colcon.colcon_core.package_identification:_identify(.) by extension 'ignore'
[0.222s] Level 1:colcon.colcon_core.package_identification:_identify(.) by extension 'ignore_ament_install'
[0.223s] Level 1:colcon.colcon_core.package_identification:_identify(.) by extensions ['colcon_pkg']
[0.223s] Level 1:colcon.colcon_core.package_identification:_identify(.) by extension 'colcon_pkg'
[0.223s] Level 1:colcon.colcon_core.package_identification:_identify(.) by extensions ['colcon_meta']
[0.223s] Level 1:colcon.colcon_core.package_identification:_identify(.) by extension 'colcon_meta'
[0.223s] Level 1:colcon.colcon_core.package_identification:_identify(.) by extensions ['ros']
[0.223s] Level 1:colcon.colcon_core.package_identification:_identify(.) by extension 'ros'
[0.231s] Level 1:colcon.colcon_core.package_identification:_identify(.) by extensions ['cmake', 'python']
[0.231s] Level 1:colcon.colcon_core.package_identification:_identify(.) by extension 'cmake'
[0.231s] Level 1:colcon.colcon_core.package_identification:_identify(.) by extension 'python'
[0.231s] Level 1:colcon.colcon_core.package_identification:_identify(.) by extensions ['python_setup_py']
[0.231s] Level 1:colcon.colcon_core.package_identification:_identify(.) by extension 'python_setup_py'
[0.231s] Level 1:colcon.colcon_core.package_identification:_identify(build) by extensions ['ignore', 'ignore_ament_install']
[0.231s] Level 1:colcon.colcon_core.package_identification:_identify(build) by extension 'ignore'
[0.231s] Level 1:colcon.colcon_core.package_identification:_identify(build) ignored
[0.231s] Level 1:colcon.colcon_core.package_identification:_identify(install) by extensions ['ignore', 'ignore_ament_install']
[0.231s] Level 1:colcon.colcon_core.package_identification:_identify(install) by extension 'ignore'
[0.231s] Level 1:colcon.colcon_core.package_identification:_identify(install) ignored
[0.231s] Level 1:colcon.colcon_core.package_identification:_identify(log) by extensions ['ignore', 'ignore_ament_install']
[0.231s] Level 1:colcon.colcon_core.package_identification:_identify(log) by extension 'ignore'
[0.231s] Level 1:colcon.colcon_core.package_identification:_identify(log) ignored
[0.231s] Level 1:colcon.colcon_core.package_identification:_identify(src) by extensions ['ignore', 'ignore_ament_install']
[0.231s] Level 1:colcon.colcon_core.package_identification:_identify(src) by extension 'ignore'
[0.231s] Level 1:colcon.colcon_core.package_identification:_identify(src) by extension 'ignore_ament_install'
[0.232s] Level 1:colcon.colcon_core.package_identification:_identify(src) by extensions ['colcon_pkg']
[0.232s] Level 1:colcon.colcon_core.package_identification:_identify(src) by extension 'colcon_pkg'
[0.232s] Level 1:colcon.colcon_core.package_identification:_identify(src) by extensions ['colcon_meta']
[0.232s] Level 1:colcon.colcon_core.package_identification:_identify(src) by extension 'colcon_meta'
[0.232s] Level 1:colcon.colcon_core.package_identification:_identify(src) by extensions ['ros']
[0.232s] Level 1:colcon.colcon_core.package_identification:_identify(src) by extension 'ros'
[0.232s] Level 1:colcon.colcon_core.package_identification:_identify(src) by extensions ['cmake', 'python']
[0.232s] Level 1:colcon.colcon_core.package_identification:_identify(src) by extension 'cmake'
[0.232s] Level 1:colcon.colcon_core.package_identification:_identify(src) by extension 'python'
[0.232s] Level 1:colcon.colcon_core.package_identification:_identify(src) by extensions ['python_setup_py']
[0.232s] Level 1:colcon.colcon_core.package_identification:_identify(src) by extension 'python_setup_py'
[0.232s] Level 1:colcon.colcon_core.package_identification:_identify(src/h1_2_algoritms) by extensions ['ignore', 'ignore_ament_install']
[0.232s] Level 1:colcon.colcon_core.package_identification:_identify(src/h1_2_algoritms) by extension 'ignore'
[0.232s] Level 1:colcon.colcon_core.package_identification:_identify(src/h1_2_algoritms) by extension 'ignore_ament_install'
[0.232s] Level 1:colcon.colcon_core.package_identification:_identify(src/h1_2_algoritms) by extensions ['colcon_pkg']
[0.232s] Level 1:colcon.colcon_core.package_identification:_identify(src/h1_2_algoritms) by extension 'colcon_pkg'
[0.232s] Level 1:colcon.colcon_core.package_identification:_identify(src/h1_2_algoritms) by extensions ['colcon_meta']
[0.232s] Level 1:colcon.colcon_core.package_identification:_identify(src/h1_2_algoritms) by extension 'colcon_meta'
[0.232s] Level 1:colcon.colcon_core.package_identification:_identify(src/h1_2_algoritms) by extensions ['ros']
[0.232s] Level 1:colcon.colcon_core.package_identification:_identify(src/h1_2_algoritms) by extension 'ros'
[0.234s] DEBUG:colcon.colcon_core.package_identification:Package 'src/h1_2_algoritms' with type 'ros.ament_python' and name 'h1_2_algoritms'
[0.234s] Level 1:colcon.colcon_core.package_identification:_identify(src/h1_2_utec) by extensions ['ignore', 'ignore_ament_install']
[0.234s] Level 1:colcon.colcon_core.package_identification:_identify(src/h1_2_utec) by extension 'ignore'
[0.235s] Level 1:colcon.colcon_core.package_identification:_identify(src/h1_2_utec) by extension 'ignore_ament_install'
[0.235s] Level 1:colcon.colcon_core.package_identification:_identify(src/h1_2_utec) by extensions ['colcon_pkg']
[0.235s] Level 1:colcon.colcon_core.package_identification:_identify(src/h1_2_utec) by extension 'colcon_pkg'
[0.235s] Level 1:colcon.colcon_core.package_identification:_identify(src/h1_2_utec) by extensions ['colcon_meta']
[0.235s] Level 1:colcon.colcon_core.package_identification:_identify(src/h1_2_utec) by extension 'colcon_meta'
[0.235s] Level 1:colcon.colcon_core.package_identification:_identify(src/h1_2_utec) by extensions ['ros']
[0.235s] Level 1:colcon.colcon_core.package_identification:_identify(src/h1_2_utec) by extension 'ros'
[0.235s] Level 1:colcon.colcon_core.package_identification:_identify(src/h1_2_utec) by extensions ['cmake', 'python']
[0.235s] Level 1:colcon.colcon_core.package_identification:_identify(src/h1_2_utec) by extension 'cmake'
[0.235s] Level 1:colcon.colcon_core.package_identification:_identify(src/h1_2_utec) by extension 'python'
[0.235s] Level 1:colcon.colcon_core.package_identification:_identify(src/h1_2_utec) by extensions ['python_setup_py']
[0.235s] Level 1:colcon.colcon_core.package_identification:_identify(src/h1_2_utec) by extension 'python_setup_py'
[0.235s] Level 1:colcon.colcon_core.package_identification:_identify(src/h1_2_utec/h1_2_description) by extensions ['ignore', 'ignore_ament_install']
[0.235s] Level 1:colcon.colcon_core.package_identification:_identify(src/h1_2_utec/h1_2_description) by extension 'ignore'
[0.235s] Level 1:colcon.colcon_core.package_identification:_identify(src/h1_2_utec/h1_2_description) by extension 'ignore_ament_install'
[0.235s] Level 1:colcon.colcon_core.package_identification:_identify(src/h1_2_utec/h1_2_description) by extensions ['colcon_pkg']
[0.235s] Level 1:colcon.colcon_core.package_identification:_identify(src/h1_2_utec/h1_2_description) by extension 'colcon_pkg'
[0.235s] Level 1:colcon.colcon_core.package_identification:_identify(src/h1_2_utec/h1_2_description) by extensions ['colcon_meta']
[0.235s] Level 1:colcon.colcon_core.package_identification:_identify(src/h1_2_utec/h1_2_description) by extension 'colcon_meta'
[0.235s] Level 1:colcon.colcon_core.package_identification:_identify(src/h1_2_utec/h1_2_description) by extensions ['ros']
[0.235s] Level 1:colcon.colcon_core.package_identification:_identify(src/h1_2_utec/h1_2_description) by extension 'ros'
[0.236s] DEBUG:colcon.colcon_core.package_identification:Package 'src/h1_2_utec/h1_2_description' with type 'ros.ament_cmake' and name 'h1_2_description'
[0.236s] Level 1:colcon.colcon_core.package_identification:_identify(src/h1_2_utec/h1_2_interface) by extensions ['ignore', 'ignore_ament_install']
[0.236s] Level 1:colcon.colcon_core.package_identification:_identify(src/h1_2_utec/h1_2_interface) by extension 'ignore'
[0.236s] Level 1:colcon.colcon_core.package_identification:_identify(src/h1_2_utec/h1_2_interface) by extension 'ignore_ament_install'
[0.236s] Level 1:colcon.colcon_core.package_identification:_identify(src/h1_2_utec/h1_2_interface) by extensions ['colcon_pkg']
[0.236s] Level 1:colcon.colcon_core.package_identification:_identify(src/h1_2_utec/h1_2_interface) by extension 'colcon_pkg'
[0.236s] Level 1:colcon.colcon_core.package_identification:_identify(src/h1_2_utec/h1_2_interface) by extensions ['colcon_meta']
[0.236s] Level 1:colcon.colcon_core.package_identification:_identify(src/h1_2_utec/h1_2_interface) by extension 'colcon_meta'
[0.236s] Level 1:colcon.colcon_core.package_identification:_identify(src/h1_2_utec/h1_2_interface) by extensions ['ros']
[0.236s] Level 1:colcon.colcon_core.package_identification:_identify(src/h1_2_utec/h1_2_interface) by extension 'ros'
[0.237s] DEBUG:colcon.colcon_core.package_identification:Package 'src/h1_2_utec/h1_2_interface' with type 'ros.ament_cmake' and name 'h1_2_interface'
[0.237s] Level 1:colcon.colcon_core.package_identification:_identify(src/h1_2_utec/h1_2_model) by extensions ['ignore', 'ignore_ament_install']
[0.237s] Level 1:colcon.colcon_core.package_identification:_identify(src/h1_2_utec/h1_2_model) by extension 'ignore'
[0.237s] Level 1:colcon.colcon_core.package_identification:_identify(src/h1_2_utec/h1_2_model) by extension 'ignore_ament_install'
[0.238s] Level 1:colcon.colcon_core.package_identification:_identify(src/h1_2_utec/h1_2_model) by extensions ['colcon_pkg']
[0.238s] Level 1:colcon.colcon_core.package_identification:_identify(src/h1_2_utec/h1_2_model) by extension 'colcon_pkg'
[0.238s] Level 1:colcon.colcon_core.package_identification:_identify(src/h1_2_utec/h1_2_model) by extensions ['colcon_meta']
[0.238s] Level 1:colcon.colcon_core.package_identification:_identify(src/h1_2_utec/h1_2_model) by extension 'colcon_meta'
[0.238s] Level 1:colcon.colcon_core.package_identification:_identify(src/h1_2_utec/h1_2_model) by extensions ['ros']
[0.238s] Level 1:colcon.colcon_core.package_identification:_identify(src/h1_2_utec/h1_2_model) by extension 'ros'
[0.239s] DEBUG:colcon.colcon_core.package_identification:Package 'src/h1_2_utec/h1_2_model' with type 'ros.ament_python' and name 'h1_2_model'
[0.239s] Level 1:colcon.colcon_core.package_identification:_identify(src/pycodes_h1) by extensions ['ignore', 'ignore_ament_install']
[0.239s] Level 1:colcon.colcon_core.package_identification:_identify(src/pycodes_h1) by extension 'ignore'
[0.240s] Level 1:colcon.colcon_core.package_identification:_identify(src/pycodes_h1) by extension 'ignore_ament_install'
[0.240s] Level 1:colcon.colcon_core.package_identification:_identify(src/pycodes_h1) by extensions ['colcon_pkg']
[0.240s] Level 1:colcon.colcon_core.package_identification:_identify(src/pycodes_h1) by extension 'colcon_pkg'
[0.240s] Level 1:colcon.colcon_core.package_identification:_identify(src/pycodes_h1) by extensions ['colcon_meta']
[0.240s] Level 1:colcon.colcon_core.package_identification:_identify(src/pycodes_h1) by extension 'colcon_meta'
[0.240s] Level 1:colcon.colcon_core.package_identification:_identify(src/pycodes_h1) by extensions ['ros']
[0.240s] Level 1:colcon.colcon_core.package_identification:_identify(src/pycodes_h1) by extension 'ros'
[0.240s] DEBUG:colcon.colcon_core.package_identification:Package 'src/pycodes_h1' with type 'ros.ament_python' and name 'pycodes_h1'
[0.240s] Level 1:colcon.colcon_core.package_identification:_identify(src/unitree_ros2) by extensions ['ignore', 'ignore_ament_install']
[0.240s] Level 1:colcon.colcon_core.package_identification:_identify(src/unitree_ros2) by extension 'ignore'
[0.240s] Level 1:colcon.colcon_core.package_identification:_identify(src/unitree_ros2) by extension 'ignore_ament_install'
[0.240s] Level 1:colcon.colcon_core.package_identification:_identify(src/unitree_ros2) by extensions ['colcon_pkg']
[0.240s] Level 1:colcon.colcon_core.package_identification:_identify(src/unitree_ros2) by extension 'colcon_pkg'
[0.240s] Level 1:colcon.colcon_core.package_identification:_identify(src/unitree_ros2) by extensions ['colcon_meta']
[0.241s] Level 1:colcon.colcon_core.package_identification:_identify(src/unitree_ros2) by extension 'colcon_meta'
[0.241s] Level 1:colcon.colcon_core.package_identification:_identify(src/unitree_ros2) by extensions ['ros']
[0.241s] Level 1:colcon.colcon_core.package_identification:_identify(src/unitree_ros2) by extension 'ros'
[0.241s] Level 1:colcon.colcon_core.package_identification:_identify(src/unitree_ros2) by extensions ['cmake', 'python']
[0.241s] Level 1:colcon.colcon_core.package_identification:_identify(src/unitree_ros2) by extension 'cmake'
[0.241s] Level 1:colcon.colcon_core.package_identification:_identify(src/unitree_ros2) by extension 'python'
[0.241s] Level 1:colcon.colcon_core.package_identification:_identify(src/unitree_ros2) by extensions ['python_setup_py']
[0.241s] Level 1:colcon.colcon_core.package_identification:_identify(src/unitree_ros2) by extension 'python_setup_py'
[0.241s] Level 1:colcon.colcon_core.package_identification:_identify(src/unitree_ros2/build) by extensions ['ignore', 'ignore_ament_install']
[0.241s] Level 1:colcon.colcon_core.package_identification:_identify(src/unitree_ros2/build) by extension 'ignore'
[0.241s] Level 1:colcon.colcon_core.package_identification:_identify(src/unitree_ros2/build) ignored
[0.241s] Level 1:colcon.colcon_core.package_identification:_identify(src/unitree_ros2/cyclonedds_ws) by extensions ['ignore', 'ignore_ament_install']
[0.241s] Level 1:colcon.colcon_core.package_identification:_identify(src/unitree_ros2/cyclonedds_ws) by extension 'ignore'
[0.241s] Level 1:colcon.colcon_core.package_identification:_identify(src/unitree_ros2/cyclonedds_ws) by extension 'ignore_ament_install'
[0.241s] Level 1:colcon.colcon_core.package_identification:_identify(src/unitree_ros2/cyclonedds_ws) by extensions ['colcon_pkg']
[0.241s] Level 1:colcon.colcon_core.package_identification:_identify(src/unitree_ros2/cyclonedds_ws) by extension 'colcon_pkg'
[0.241s] Level 1:colcon.colcon_core.package_identification:_identify(src/unitree_ros2/cyclonedds_ws) by extensions ['colcon_meta']
[0.241s] Level 1:colcon.colcon_core.package_identification:_identify(src/unitree_ros2/cyclonedds_ws) by extension 'colcon_meta'
[0.241s] Level 1:colcon.colcon_core.package_identification:_identify(src/unitree_ros2/cyclonedds_ws) by extensions ['ros']
[0.241s] Level 1:colcon.colcon_core.package_identification:_identify(src/unitree_ros2/cyclonedds_ws) by extension 'ros'
[0.241s] Level 1:colcon.colcon_core.package_identification:_identify(src/unitree_ros2/cyclonedds_ws) by extensions ['cmake', 'python']
[0.241s] Level 1:colcon.colcon_core.package_identification:_identify(src/unitree_ros2/cyclonedds_ws) by extension 'cmake'
[0.241s] Level 1:colcon.colcon_core.package_identification:_identify(src/unitree_ros2/cyclonedds_ws) by extension 'python'
[0.241s] Level 1:colcon.colcon_core.package_identification:_identify(src/unitree_ros2/cyclonedds_ws) by extensions ['python_setup_py']
[0.241s] Level 1:colcon.colcon_core.package_identification:_identify(src/unitree_ros2/cyclonedds_ws) by extension 'python_setup_py'
[0.241s] Level 1:colcon.colcon_core.package_identification:_identify(src/unitree_ros2/cyclonedds_ws/build) by extensions ['ignore', 'ignore_ament_install']
[0.241s] Level 1:colcon.colcon_core.package_identification:_identify(src/unitree_ros2/cyclonedds_ws/build) by extension 'ignore'
[0.242s] Level 1:colcon.colcon_core.package_identification:_identify(src/unitree_ros2/cyclonedds_ws/build) ignored
[0.242s] Level 1:colcon.colcon_core.package_identification:_identify(src/unitree_ros2/cyclonedds_ws/install) by extensions ['ignore', 'ignore_ament_install']
[0.242s] Level 1:colcon.colcon_core.package_identification:_identify(src/unitree_ros2/cyclonedds_ws/install) by extension 'ignore'
[0.242s] Level 1:colcon.colcon_core.package_identification:_identify(src/unitree_ros2/cyclonedds_ws/install) ignored
[0.242s] Level 1:colcon.colcon_core.package_identification:_identify(src/unitree_ros2/cyclonedds_ws/log) by extensions ['ignore', 'ignore_ament_install']
[0.242s] Level 1:colcon.colcon_core.package_identification:_identify(src/unitree_ros2/cyclonedds_ws/log) by extension 'ignore'
[0.242s] Level 1:colcon.colcon_core.package_identification:_identify(src/unitree_ros2/cyclonedds_ws/log) ignored
[0.242s] Level 1:colcon.colcon_core.package_identification:_identify(src/unitree_ros2/cyclonedds_ws/src) by extensions ['ignore', 'ignore_ament_install']
[0.242s] Level 1:colcon.colcon_core.package_identification:_identify(src/unitree_ros2/cyclonedds_ws/src) by extension 'ignore'
[0.242s] Level 1:colcon.colcon_core.package_identification:_identify(src/unitree_ros2/cyclonedds_ws/src) by extension 'ignore_ament_install'
[0.242s] Level 1:colcon.colcon_core.package_identification:_identify(src/unitree_ros2/cyclonedds_ws/src) by extensions ['colcon_pkg']
[0.242s] Level 1:colcon.colcon_core.package_identification:_identify(src/unitree_ros2/cyclonedds_ws/src) by extension 'colcon_pkg'
[0.242s] Level 1:colcon.colcon_core.package_identification:_identify(src/unitree_ros2/cyclonedds_ws/src) by extensions ['colcon_meta']
[0.242s] Level 1:colcon.colcon_core.package_identification:_identify(src/unitree_ros2/cyclonedds_ws/src) by extension 'colcon_meta'
[0.242s] Level 1:colcon.colcon_core.package_identification:_identify(src/unitree_ros2/cyclonedds_ws/src) by extensions ['ros']
[0.242s] Level 1:colcon.colcon_core.package_identification:_identify(src/unitree_ros2/cyclonedds_ws/src) by extension 'ros'
[0.242s] Level 1:colcon.colcon_core.package_identification:_identify(src/unitree_ros2/cyclonedds_ws/src) by extensions ['cmake', 'python']
[0.242s] Level 1:colcon.colcon_core.package_identification:_identify(src/unitree_ros2/cyclonedds_ws/src) by extension 'cmake'
[0.242s] Level 1:colcon.colcon_core.package_identification:_identify(src/unitree_ros2/cyclonedds_ws/src) by extension 'python'
[0.242s] Level 1:colcon.colcon_core.package_identification:_identify(src/unitree_ros2/cyclonedds_ws/src) by extensions ['python_setup_py']
[0.242s] Level 1:colcon.colcon_core.package_identification:_identify(src/unitree_ros2/cyclonedds_ws/src) by extension 'python_setup_py'
[0.242s] Level 1:colcon.colcon_core.package_identification:_identify(src/unitree_ros2/cyclonedds_ws/src/unitree) by extensions ['ignore', 'ignore_ament_install']
[0.242s] Level 1:colcon.colcon_core.package_identification:_identify(src/unitree_ros2/cyclonedds_ws/src/unitree) by extension 'ignore'
[0.242s] Level 1:colcon.colcon_core.package_identification:_identify(src/unitree_ros2/cyclonedds_ws/src/unitree) by extension 'ignore_ament_install'
[0.242s] Level 1:colcon.colcon_core.package_identification:_identify(src/unitree_ros2/cyclonedds_ws/src/unitree) by extensions ['colcon_pkg']
[0.242s] Level 1:colcon.colcon_core.package_identification:_identify(src/unitree_ros2/cyclonedds_ws/src/unitree) by extension 'colcon_pkg'
[0.243s] Level 1:colcon.colcon_core.package_identification:_identify(src/unitree_ros2/cyclonedds_ws/src/unitree) by extensions ['colcon_meta']
[0.243s] Level 1:colcon.colcon_core.package_identification:_identify(src/unitree_ros2/cyclonedds_ws/src/unitree) by extension 'colcon_meta'
[0.243s] Level 1:colcon.colcon_core.package_identification:_identify(src/unitree_ros2/cyclonedds_ws/src/unitree) by extensions ['ros']
[0.243s] Level 1:colcon.colcon_core.package_identification:_identify(src/unitree_ros2/cyclonedds_ws/src/unitree) by extension 'ros'
[0.243s] Level 1:colcon.colcon_core.package_identification:_identify(src/unitree_ros2/cyclonedds_ws/src/unitree) by extensions ['cmake', 'python']
[0.243s] Level 1:colcon.colcon_core.package_identification:_identify(src/unitree_ros2/cyclonedds_ws/src/unitree) by extension 'cmake'
[0.243s] Level 1:colcon.colcon_core.package_identification:_identify(src/unitree_ros2/cyclonedds_ws/src/unitree) by extension 'python'
[0.243s] Level 1:colcon.colcon_core.package_identification:_identify(src/unitree_ros2/cyclonedds_ws/src/unitree) by extensions ['python_setup_py']
[0.243s] Level 1:colcon.colcon_core.package_identification:_identify(src/unitree_ros2/cyclonedds_ws/src/unitree) by extension 'python_setup_py'
[0.243s] Level 1:colcon.colcon_core.package_identification:_identify(src/unitree_ros2/cyclonedds_ws/src/unitree/unitree_api) by extensions ['ignore', 'ignore_ament_install']
[0.243s] Level 1:colcon.colcon_core.package_identification:_identify(src/unitree_ros2/cyclonedds_ws/src/unitree/unitree_api) by extension 'ignore'
[0.243s] Level 1:colcon.colcon_core.package_identification:_identify(src/unitree_ros2/cyclonedds_ws/src/unitree/unitree_api) by extension 'ignore_ament_install'
[0.243s] Level 1:colcon.colcon_core.package_identification:_identify(src/unitree_ros2/cyclonedds_ws/src/unitree/unitree_api) by extensions ['colcon_pkg']
[0.243s] Level 1:colcon.colcon_core.package_identification:_identify(src/unitree_ros2/cyclonedds_ws/src/unitree/unitree_api) by extension 'colcon_pkg'
[0.243s] Level 1:colcon.colcon_core.package_identification:_identify(src/unitree_ros2/cyclonedds_ws/src/unitree/unitree_api) by extensions ['colcon_meta']
[0.243s] Level 1:colcon.colcon_core.package_identification:_identify(src/unitree_ros2/cyclonedds_ws/src/unitree/unitree_api) by extension 'colcon_meta'
[0.243s] Level 1:colcon.colcon_core.package_identification:_identify(src/unitree_ros2/cyclonedds_ws/src/unitree/unitree_api) by extensions ['ros']
[0.243s] Level 1:colcon.colcon_core.package_identification:_identify(src/unitree_ros2/cyclonedds_ws/src/unitree/unitree_api) by extension 'ros'
[0.244s] DEBUG:colcon.colcon_core.package_identification:Package 'src/unitree_ros2/cyclonedds_ws/src/unitree/unitree_api' with type 'ros.ament_cmake' and name 'unitree_api'
[0.244s] Level 1:colcon.colcon_core.package_identification:_identify(src/unitree_ros2/cyclonedds_ws/src/unitree/unitree_go) by extensions ['ignore', 'ignore_ament_install']
[0.244s] Level 1:colcon.colcon_core.package_identification:_identify(src/unitree_ros2/cyclonedds_ws/src/unitree/unitree_go) by extension 'ignore'
[0.244s] Level 1:colcon.colcon_core.package_identification:_identify(src/unitree_ros2/cyclonedds_ws/src/unitree/unitree_go) by extension 'ignore_ament_install'
[0.244s] Level 1:colcon.colcon_core.package_identification:_identify(src/unitree_ros2/cyclonedds_ws/src/unitree/unitree_go) by extensions ['colcon_pkg']
[0.244s] Level 1:colcon.colcon_core.package_identification:_identify(src/unitree_ros2/cyclonedds_ws/src/unitree/unitree_go) by extension 'colcon_pkg'
[0.244s] Level 1:colcon.colcon_core.package_identification:_identify(src/unitree_ros2/cyclonedds_ws/src/unitree/unitree_go) by extensions ['colcon_meta']
[0.244s] Level 1:colcon.colcon_core.package_identification:_identify(src/unitree_ros2/cyclonedds_ws/src/unitree/unitree_go) by extension 'colcon_meta'
[0.244s] Level 1:colcon.colcon_core.package_identification:_identify(src/unitree_ros2/cyclonedds_ws/src/unitree/unitree_go) by extensions ['ros']
[0.244s] Level 1:colcon.colcon_core.package_identification:_identify(src/unitree_ros2/cyclonedds_ws/src/unitree/unitree_go) by extension 'ros'
[0.244s] DEBUG:colcon.colcon_core.package_identification:Package 'src/unitree_ros2/cyclonedds_ws/src/unitree/unitree_go' with type 'ros.ament_cmake' and name 'unitree_go'
[0.244s] Level 1:colcon.colcon_core.package_identification:_identify(src/unitree_ros2/cyclonedds_ws/src/unitree/unitree_hg) by extensions ['ignore', 'ignore_ament_install']
[0.244s] Level 1:colcon.colcon_core.package_identification:_identify(src/unitree_ros2/cyclonedds_ws/src/unitree/unitree_hg) by extension 'ignore'
[0.245s] Level 1:colcon.colcon_core.package_identification:_identify(src/unitree_ros2/cyclonedds_ws/src/unitree/unitree_hg) by extension 'ignore_ament_install'
[0.245s] Level 1:colcon.colcon_core.package_identification:_identify(src/unitree_ros2/cyclonedds_ws/src/unitree/unitree_hg) by extensions ['colcon_pkg']
[0.245s] Level 1:colcon.colcon_core.package_identification:_identify(src/unitree_ros2/cyclonedds_ws/src/unitree/unitree_hg) by extension 'colcon_pkg'
[0.245s] Level 1:colcon.colcon_core.package_identification:_identify(src/unitree_ros2/cyclonedds_ws/src/unitree/unitree_hg) by extensions ['colcon_meta']
[0.245s] Level 1:colcon.colcon_core.package_identification:_identify(src/unitree_ros2/cyclonedds_ws/src/unitree/unitree_hg) by extension 'colcon_meta'
[0.245s] Level 1:colcon.colcon_core.package_identification:_identify(src/unitree_ros2/cyclonedds_ws/src/unitree/unitree_hg) by extensions ['ros']
[0.245s] Level 1:colcon.colcon_core.package_identification:_identify(src/unitree_ros2/cyclonedds_ws/src/unitree/unitree_hg) by extension 'ros'
[0.245s] DEBUG:colcon.colcon_core.package_identification:Package 'src/unitree_ros2/cyclonedds_ws/src/unitree/unitree_hg' with type 'ros.ament_cmake' and name 'unitree_hg'
[0.245s] Level 1:colcon.colcon_core.package_identification:_identify(src/unitree_ros2/docs) by extensions ['ignore', 'ignore_ament_install']
[0.245s] Level 1:colcon.colcon_core.package_identification:_identify(src/unitree_ros2/docs) by extension 'ignore'
[0.245s] Level 1:colcon.colcon_core.package_identification:_identify(src/unitree_ros2/docs) by extension 'ignore_ament_install'
[0.245s] Level 1:colcon.colcon_core.package_identification:_identify(src/unitree_ros2/docs) by extensions ['colcon_pkg']
[0.245s] Level 1:colcon.colcon_core.package_identification:_identify(src/unitree_ros2/docs) by extension 'colcon_pkg'
[0.245s] Level 1:colcon.colcon_core.package_identification:_identify(src/unitree_ros2/docs) by extensions ['colcon_meta']
[0.245s] Level 1:colcon.colcon_core.package_identification:_identify(src/unitree_ros2/docs) by extension 'colcon_meta'
[0.246s] Level 1:colcon.colcon_core.package_identification:_identify(src/unitree_ros2/docs) by extensions ['ros']
[0.246s] Level 1:colcon.colcon_core.package_identification:_identify(src/unitree_ros2/docs) by extension 'ros'
[0.246s] Level 1:colcon.colcon_core.package_identification:_identify(src/unitree_ros2/docs) by extensions ['cmake', 'python']
[0.246s] Level 1:colcon.colcon_core.package_identification:_identify(src/unitree_ros2/docs) by extension 'cmake'
[0.246s] Level 1:colcon.colcon_core.package_identification:_identify(src/unitree_ros2/docs) by extension 'python'
[0.246s] Level 1:colcon.colcon_core.package_identification:_identify(src/unitree_ros2/docs) by extensions ['python_setup_py']
[0.246s] Level 1:colcon.colcon_core.package_identification:_identify(src/unitree_ros2/docs) by extension 'python_setup_py'
[0.246s] Level 1:colcon.colcon_core.package_identification:_identify(src/unitree_ros2/docs/image) by extensions ['ignore', 'ignore_ament_install']
[0.246s] Level 1:colcon.colcon_core.package_identification:_identify(src/unitree_ros2/docs/image) by extension 'ignore'
[0.246s] Level 1:colcon.colcon_core.package_identification:_identify(src/unitree_ros2/docs/image) by extension 'ignore_ament_install'
[0.246s] Level 1:colcon.colcon_core.package_identification:_identify(src/unitree_ros2/docs/image) by extensions ['colcon_pkg']
[0.246s] Level 1:colcon.colcon_core.package_identification:_identify(src/unitree_ros2/docs/image) by extension 'colcon_pkg'
[0.246s] Level 1:colcon.colcon_core.package_identification:_identify(src/unitree_ros2/docs/image) by extensions ['colcon_meta']
[0.246s] Level 1:colcon.colcon_core.package_identification:_identify(src/unitree_ros2/docs/image) by extension 'colcon_meta'
[0.246s] Level 1:colcon.colcon_core.package_identification:_identify(src/unitree_ros2/docs/image) by extensions ['ros']
[0.246s] Level 1:colcon.colcon_core.package_identification:_identify(src/unitree_ros2/docs/image) by extension 'ros'
[0.246s] Level 1:colcon.colcon_core.package_identification:_identify(src/unitree_ros2/docs/image) by extensions ['cmake', 'python']
[0.246s] Level 1:colcon.colcon_core.package_identification:_identify(src/unitree_ros2/docs/image) by extension 'cmake'
[0.246s] Level 1:colcon.colcon_core.package_identification:_identify(src/unitree_ros2/docs/image) by extension 'python'
[0.246s] Level 1:colcon.colcon_core.package_identification:_identify(src/unitree_ros2/docs/image) by extensions ['python_setup_py']
[0.246s] Level 1:colcon.colcon_core.package_identification:_identify(src/unitree_ros2/docs/image) by extension 'python_setup_py'
[0.246s] Level 1:colcon.colcon_core.package_identification:_identify(src/unitree_ros2/example) by extensions ['ignore', 'ignore_ament_install']
[0.246s] Level 1:colcon.colcon_core.package_identification:_identify(src/unitree_ros2/example) by extension 'ignore'
[0.246s] Level 1:colcon.colcon_core.package_identification:_identify(src/unitree_ros2/example) by extension 'ignore_ament_install'
[0.246s] Level 1:colcon.colcon_core.package_identification:_identify(src/unitree_ros2/example) by extensions ['colcon_pkg']
[0.246s] Level 1:colcon.colcon_core.package_identification:_identify(src/unitree_ros2/example) by extension 'colcon_pkg'
[0.246s] Level 1:colcon.colcon_core.package_identification:_identify(src/unitree_ros2/example) by extensions ['colcon_meta']
[0.246s] Level 1:colcon.colcon_core.package_identification:_identify(src/unitree_ros2/example) by extension 'colcon_meta'
[0.246s] Level 1:colcon.colcon_core.package_identification:_identify(src/unitree_ros2/example) by extensions ['ros']
[0.246s] Level 1:colcon.colcon_core.package_identification:_identify(src/unitree_ros2/example) by extension 'ros'
[0.247s] Level 1:colcon.colcon_core.package_identification:_identify(src/unitree_ros2/example) by extensions ['cmake', 'python']
[0.247s] Level 1:colcon.colcon_core.package_identification:_identify(src/unitree_ros2/example) by extension 'cmake'
[0.247s] Level 1:colcon.colcon_core.package_identification:_identify(src/unitree_ros2/example) by extension 'python'
[0.247s] Level 1:colcon.colcon_core.package_identification:_identify(src/unitree_ros2/example) by extensions ['python_setup_py']
[0.247s] Level 1:colcon.colcon_core.package_identification:_identify(src/unitree_ros2/example) by extension 'python_setup_py'
[0.247s] Level 1:colcon.colcon_core.package_identification:_identify(src/unitree_ros2/example/build) by extensions ['ignore', 'ignore_ament_install']
[0.247s] Level 1:colcon.colcon_core.package_identification:_identify(src/unitree_ros2/example/build) by extension 'ignore'
[0.247s] Level 1:colcon.colcon_core.package_identification:_identify(src/unitree_ros2/example/build) ignored
[0.247s] Level 1:colcon.colcon_core.package_identification:_identify(src/unitree_ros2/example/install) by extensions ['ignore', 'ignore_ament_install']
[0.247s] Level 1:colcon.colcon_core.package_identification:_identify(src/unitree_ros2/example/install) by extension 'ignore'
[0.247s] Level 1:colcon.colcon_core.package_identification:_identify(src/unitree_ros2/example/install) ignored
[0.247s] Level 1:colcon.colcon_core.package_identification:_identify(src/unitree_ros2/example/log) by extensions ['ignore', 'ignore_ament_install']
[0.247s] Level 1:colcon.colcon_core.package_identification:_identify(src/unitree_ros2/example/log) by extension 'ignore'
[0.247s] Level 1:colcon.colcon_core.package_identification:_identify(src/unitree_ros2/example/log) ignored
[0.247s] Level 1:colcon.colcon_core.package_identification:_identify(src/unitree_ros2/example/src) by extensions ['ignore', 'ignore_ament_install']
[0.247s] Level 1:colcon.colcon_core.package_identification:_identify(src/unitree_ros2/example/src) by extension 'ignore'
[0.247s] Level 1:colcon.colcon_core.package_identification:_identify(src/unitree_ros2/example/src) by extension 'ignore_ament_install'
[0.247s] Level 1:colcon.colcon_core.package_identification:_identify(src/unitree_ros2/example/src) by extensions ['colcon_pkg']
[0.247s] Level 1:colcon.colcon_core.package_identification:_identify(src/unitree_ros2/example/src) by extension 'colcon_pkg'
[0.247s] Level 1:colcon.colcon_core.package_identification:_identify(src/unitree_ros2/example/src) by extensions ['colcon_meta']
[0.247s] Level 1:colcon.colcon_core.package_identification:_identify(src/unitree_ros2/example/src) by extension 'colcon_meta'
[0.247s] Level 1:colcon.colcon_core.package_identification:_identify(src/unitree_ros2/example/src) by extensions ['ros']
[0.247s] Level 1:colcon.colcon_core.package_identification:_identify(src/unitree_ros2/example/src) by extension 'ros'
[0.248s] DEBUG:colcon.colcon_core.package_identification:Package 'src/unitree_ros2/example/src' with type 'ros.ament_cmake' and name 'unitree_ros2_example'
[0.248s] Level 1:colcon.colcon_core.package_identification:_identify(src/unitree_ros2/install) by extensions ['ignore', 'ignore_ament_install']
[0.248s] Level 1:colcon.colcon_core.package_identification:_identify(src/unitree_ros2/install) by extension 'ignore'
[0.248s] Level 1:colcon.colcon_core.package_identification:_identify(src/unitree_ros2/install) ignored
[0.248s] Level 1:colcon.colcon_core.package_identification:_identify(src/unitree_ros2/log) by extensions ['ignore', 'ignore_ament_install']
[0.248s] Level 1:colcon.colcon_core.package_identification:_identify(src/unitree_ros2/log) by extension 'ignore'
[0.248s] Level 1:colcon.colcon_core.package_identification:_identify(src/unitree_ros2/log) ignored
[0.248s] Level 1:colcon.colcon_core.package_discovery:discover_packages(recursive) using defaults
[0.248s] Level 1:colcon.colcon_core.package_discovery:discover_packages(ignore) discover
[0.248s] Level 1:colcon.colcon_core.package_discovery:discover_packages(ignore) using defaults
[0.248s] Level 1:colcon.colcon_core.package_discovery:discover_packages(path) discover
[0.248s] Level 1:colcon.colcon_core.package_discovery:discover_packages(path) using defaults
[0.276s] Level 1:colcon.colcon_core.package_discovery:discover_packages(prefix_path) check parameters
[0.276s] Level 1:colcon.colcon_core.package_discovery:discover_packages(prefix_path) discover
[0.278s] DEBUG:colcon.colcon_installed_package_information.package_discovery:Found 9 installed packages in /home/utec/humanoid_ws/install
[0.279s] DEBUG:colcon.colcon_installed_package_information.package_discovery:Found 433 installed packages in /opt/ros/humble
[0.281s] Level 1:colcon.colcon_core.package_discovery:discover_packages(prefix_path) using defaults
[0.322s] Level 5:colcon.colcon_core.verb:set package 'h1_2_algoritms' build argument 'cmake_args' from command line to 'None'
[0.322s] Level 5:colcon.colcon_core.verb:set package 'h1_2_algoritms' build argument 'cmake_target' from command line to 'None'
[0.322s] Level 5:colcon.colcon_core.verb:set package 'h1_2_algoritms' build argument 'cmake_target_skip_unavailable' from command line to 'False'
[0.322s] Level 5:colcon.colcon_core.verb:set package 'h1_2_algoritms' build argument 'cmake_clean_cache' from command line to 'False'
[0.322s] Level 5:colcon.colcon_core.verb:set package 'h1_2_algoritms' build argument 'cmake_clean_first' from command line to 'False'
[0.322s] Level 5:colcon.colcon_core.verb:set package 'h1_2_algoritms' build argument 'cmake_force_configure' from command line to 'False'
[0.322s] Level 5:colcon.colcon_core.verb:set package 'h1_2_algoritms' build argument 'ament_cmake_args' from command line to 'None'
[0.322s] Level 5:colcon.colcon_core.verb:set package 'h1_2_algoritms' build argument 'catkin_cmake_args' from command line to 'None'
[0.322s] Level 5:colcon.colcon_core.verb:set package 'h1_2_algoritms' build argument 'catkin_skip_building_tests' from command line to 'False'
[0.322s] DEBUG:colcon.colcon_core.verb:Building package 'h1_2_algoritms' with the following arguments: {'ament_cmake_args': None, 'build_base': '/home/utec/humanoid_ws/build/h1_2_algoritms', 'catkin_cmake_args': None, 'catkin_skip_building_tests': False, 'cmake_args': None, 'cmake_clean_cache': False, 'cmake_clean_first': False, 'cmake_force_configure': False, 'cmake_target': None, 'cmake_target_skip_unavailable': False, 'install_base': '/home/utec/humanoid_ws/install/h1_2_algoritms', 'merge_install': False, 'path': '/home/utec/humanoid_ws/src/h1_2_algoritms', 'symlink_install': False, 'test_result_base': None}
[0.322s] Level 5:colcon.colcon_core.verb:set package 'h1_2_description' build argument 'cmake_args' from command line to 'None'
[0.322s] Level 5:colcon.colcon_core.verb:set package 'h1_2_description' build argument 'cmake_target' from command line to 'None'
[0.322s] Level 5:colcon.colcon_core.verb:set package 'h1_2_description' build argument 'cmake_target_skip_unavailable' from command line to 'False'
[0.322s] Level 5:colcon.colcon_core.verb:set package 'h1_2_description' build argument 'cmake_clean_cache' from command line to 'False'
[0.322s] Level 5:colcon.colcon_core.verb:set package 'h1_2_description' build argument 'cmake_clean_first' from command line to 'False'
[0.322s] Level 5:colcon.colcon_core.verb:set package 'h1_2_description' build argument 'cmake_force_configure' from command line to 'False'
[0.322s] Level 5:colcon.colcon_core.verb:set package 'h1_2_description' build argument 'ament_cmake_args' from command line to 'None'
[0.322s] Level 5:colcon.colcon_core.verb:set package 'h1_2_description' build argument 'catkin_cmake_args' from command line to 'None'
[0.322s] Level 5:colcon.colcon_core.verb:set package 'h1_2_description' build argument 'catkin_skip_building_tests' from command line to 'False'
[0.322s] DEBUG:colcon.colcon_core.verb:Building package 'h1_2_description' with the following arguments: {'ament_cmake_args': None, 'build_base': '/home/utec/humanoid_ws/build/h1_2_description', 'catkin_cmake_args': None, 'catkin_skip_building_tests': False, 'cmake_args': None, 'cmake_clean_cache': False, 'cmake_clean_first': False, 'cmake_force_configure': False, 'cmake_target': None, 'cmake_target_skip_unavailable': False, 'install_base': '/home/utec/humanoid_ws/install/h1_2_description', 'merge_install': False, 'path': '/home/utec/humanoid_ws/src/h1_2_utec/h1_2_description', 'symlink_install': False, 'test_result_base': None}
[0.323s] Level 5:colcon.colcon_core.verb:set package 'unitree_api' build argument 'cmake_args' from command line to 'None'
[0.323s] Level 5:colcon.colcon_core.verb:set package 'unitree_api' build argument 'cmake_target' from command line to 'None'
[0.323s] Level 5:colcon.colcon_core.verb:set package 'unitree_api' build argument 'cmake_target_skip_unavailable' from command line to 'False'
[0.323s] Level 5:colcon.colcon_core.verb:set package 'unitree_api' build argument 'cmake_clean_cache' from command line to 'False'
[0.323s] Level 5:colcon.colcon_core.verb:set package 'unitree_api' build argument 'cmake_clean_first' from command line to 'False'
[0.323s] Level 5:colcon.colcon_core.verb:set package 'unitree_api' build argument 'cmake_force_configure' from command line to 'False'
[0.323s] Level 5:colcon.colcon_core.verb:set package 'unitree_api' build argument 'ament_cmake_args' from command line to 'None'
[0.323s] Level 5:colcon.colcon_core.verb:set package 'unitree_api' build argument 'catkin_cmake_args' from command line to 'None'
[0.323s] Level 5:colcon.colcon_core.verb:set package 'unitree_api' build argument 'catkin_skip_building_tests' from command line to 'False'
[0.323s] DEBUG:colcon.colcon_core.verb:Building package 'unitree_api' with the following arguments: {'ament_cmake_args': None, 'build_base': '/home/utec/humanoid_ws/build/unitree_api', 'catkin_cmake_args': None, 'catkin_skip_building_tests': False, 'cmake_args': None, 'cmake_clean_cache': False, 'cmake_clean_first': False, 'cmake_force_configure': False, 'cmake_target': None, 'cmake_target_skip_unavailable': False, 'install_base': '/home/utec/humanoid_ws/install/unitree_api', 'merge_install': False, 'path': '/home/utec/humanoid_ws/src/unitree_ros2/cyclonedds_ws/src/unitree/unitree_api', 'symlink_install': False, 'test_result_base': None}
[0.323s] Level 5:colcon.colcon_core.verb:set package 'unitree_go' build argument 'cmake_args' from command line to 'None'
[0.323s] Level 5:colcon.colcon_core.verb:set package 'unitree_go' build argument 'cmake_target' from command line to 'None'
[0.323s] Level 5:colcon.colcon_core.verb:set package 'unitree_go' build argument 'cmake_target_skip_unavailable' from command line to 'False'
[0.323s] Level 5:colcon.colcon_core.verb:set package 'unitree_go' build argument 'cmake_clean_cache' from command line to 'False'
[0.323s] Level 5:colcon.colcon_core.verb:set package 'unitree_go' build argument 'cmake_clean_first' from command line to 'False'
[0.323s] Level 5:colcon.colcon_core.verb:set package 'unitree_go' build argument 'cmake_force_configure' from command line to 'False'
[0.323s] Level 5:colcon.colcon_core.verb:set package 'unitree_go' build argument 'ament_cmake_args' from command line to 'None'
[0.323s] Level 5:colcon.colcon_core.verb:set package 'unitree_go' build argument 'catkin_cmake_args' from command line to 'None'
[0.323s] Level 5:colcon.colcon_core.verb:set package 'unitree_go' build argument 'catkin_skip_building_tests' from command line to 'False'
[0.323s] DEBUG:colcon.colcon_core.verb:Building package 'unitree_go' with the following arguments: {'ament_cmake_args': None, 'build_base': '/home/utec/humanoid_ws/build/unitree_go', 'catkin_cmake_args': None, 'catkin_skip_building_tests': False, 'cmake_args': None, 'cmake_clean_cache': False, 'cmake_clean_first': False, 'cmake_force_configure': False, 'cmake_target': None, 'cmake_target_skip_unavailable': False, 'install_base': '/home/utec/humanoid_ws/install/unitree_go', 'merge_install': False, 'path': '/home/utec/humanoid_ws/src/unitree_ros2/cyclonedds_ws/src/unitree/unitree_go', 'symlink_install': False, 'test_result_base': None}
[0.323s] Level 5:colcon.colcon_core.verb:set package 'unitree_hg' build argument 'cmake_args' from command line to 'None'
[0.323s] Level 5:colcon.colcon_core.verb:set package 'unitree_hg' build argument 'cmake_target' from command line to 'None'
[0.324s] Level 5:colcon.colcon_core.verb:set package 'unitree_hg' build argument 'cmake_target_skip_unavailable' from command line to 'False'
[0.324s] Level 5:colcon.colcon_core.verb:set package 'unitree_hg' build argument 'cmake_clean_cache' from command line to 'False'
[0.324s] Level 5:colcon.colcon_core.verb:set package 'unitree_hg' build argument 'cmake_clean_first' from command line to 'False'
[0.324s] Level 5:colcon.colcon_core.verb:set package 'unitree_hg' build argument 'cmake_force_configure' from command line to 'False'
[0.324s] Level 5:colcon.colcon_core.verb:set package 'unitree_hg' build argument 'ament_cmake_args' from command line to 'None'
[0.324s] Level 5:colcon.colcon_core.verb:set package 'unitree_hg' build argument 'catkin_cmake_args' from command line to 'None'
[0.324s] Level 5:colcon.colcon_core.verb:set package 'unitree_hg' build argument 'catkin_skip_building_tests' from command line to 'False'
[0.324s] DEBUG:colcon.colcon_core.verb:Building package 'unitree_hg' with the following arguments: {'ament_cmake_args': None, 'build_base': '/home/utec/humanoid_ws/build/unitree_hg', 'catkin_cmake_args': None, 'catkin_skip_building_tests': False, 'cmake_args': None, 'cmake_clean_cache': False, 'cmake_clean_first': False, 'cmake_force_configure': False, 'cmake_target': None, 'cmake_target_skip_unavailable': False, 'install_base': '/home/utec/humanoid_ws/install/unitree_hg', 'merge_install': False, 'path': '/home/utec/humanoid_ws/src/unitree_ros2/cyclonedds_ws/src/unitree/unitree_hg', 'symlink_install': False, 'test_result_base': None}
[0.324s] Level 5:colcon.colcon_core.verb:set package 'h1_2_interface' build argument 'cmake_args' from command line to 'None'
[0.324s] Level 5:colcon.colcon_core.verb:set package 'h1_2_interface' build argument 'cmake_target' from command line to 'None'
[0.324s] Level 5:colcon.colcon_core.verb:set package 'h1_2_interface' build argument 'cmake_target_skip_unavailable' from command line to 'False'
[0.324s] Level 5:colcon.colcon_core.verb:set package 'h1_2_interface' build argument 'cmake_clean_cache' from command line to 'False'
[0.324s] Level 5:colcon.colcon_core.verb:set package 'h1_2_interface' build argument 'cmake_clean_first' from command line to 'False'
[0.324s] Level 5:colcon.colcon_core.verb:set package 'h1_2_interface' build argument 'cmake_force_configure' from command line to 'False'
[0.324s] Level 5:colcon.colcon_core.verb:set package 'h1_2_interface' build argument 'ament_cmake_args' from command line to 'None'
[0.324s] Level 5:colcon.colcon_core.verb:set package 'h1_2_interface' build argument 'catkin_cmake_args' from command line to 'None'
[0.324s] Level 5:colcon.colcon_core.verb:set package 'h1_2_interface' build argument 'catkin_skip_building_tests' from command line to 'False'
[0.324s] DEBUG:colcon.colcon_core.verb:Building package 'h1_2_interface' with the following arguments: {'ament_cmake_args': None, 'build_base': '/home/utec/humanoid_ws/build/h1_2_interface', 'catkin_cmake_args': None, 'catkin_skip_building_tests': False, 'cmake_args': None, 'cmake_clean_cache': False, 'cmake_clean_first': False, 'cmake_force_configure': False, 'cmake_target': None, 'cmake_target_skip_unavailable': False, 'install_base': '/home/utec/humanoid_ws/install/h1_2_interface', 'merge_install': False, 'path': '/home/utec/humanoid_ws/src/h1_2_utec/h1_2_interface', 'symlink_install': False, 'test_result_base': None}
[0.324s] Level 5:colcon.colcon_core.verb:set package 'h1_2_model' build argument 'cmake_args' from command line to 'None'
[0.324s] Level 5:colcon.colcon_core.verb:set package 'h1_2_model' build argument 'cmake_target' from command line to 'None'
[0.324s] Level 5:colcon.colcon_core.verb:set package 'h1_2_model' build argument 'cmake_target_skip_unavailable' from command line to 'False'
[0.324s] Level 5:colcon.colcon_core.verb:set package 'h1_2_model' build argument 'cmake_clean_cache' from command line to 'False'
[0.324s] Level 5:colcon.colcon_core.verb:set package 'h1_2_model' build argument 'cmake_clean_first' from command line to 'False'
[0.324s] Level 5:colcon.colcon_core.verb:set package 'h1_2_model' build argument 'cmake_force_configure' from command line to 'False'
[0.324s] Level 5:colcon.colcon_core.verb:set package 'h1_2_model' build argument 'ament_cmake_args' from command line to 'None'
[0.324s] Level 5:colcon.colcon_core.verb:set package 'h1_2_model' build argument 'catkin_cmake_args' from command line to 'None'
[0.324s] Level 5:colcon.colcon_core.verb:set package 'h1_2_model' build argument 'catkin_skip_building_tests' from command line to 'False'
[0.324s] DEBUG:colcon.colcon_core.verb:Building package 'h1_2_model' with the following arguments: {'ament_cmake_args': None, 'build_base': '/home/utec/humanoid_ws/build/h1_2_model', 'catkin_cmake_args': None, 'catkin_skip_building_tests': False, 'cmake_args': None, 'cmake_clean_cache': False, 'cmake_clean_first': False, 'cmake_force_configure': False, 'cmake_target': None, 'cmake_target_skip_unavailable': False, 'install_base': '/home/utec/humanoid_ws/install/h1_2_model', 'merge_install': False, 'path': '/home/utec/humanoid_ws/src/h1_2_utec/h1_2_model', 'symlink_install': False, 'test_result_base': None}
[0.325s] Level 5:colcon.colcon_core.verb:set package 'pycodes_h1' build argument 'cmake_args' from command line to 'None'
[0.325s] Level 5:colcon.colcon_core.verb:set package 'pycodes_h1' build argument 'cmake_target' from command line to 'None'
[0.325s] Level 5:colcon.colcon_core.verb:set package 'pycodes_h1' build argument 'cmake_target_skip_unavailable' from command line to 'False'
[0.325s] Level 5:colcon.colcon_core.verb:set package 'pycodes_h1' build argument 'cmake_clean_cache' from command line to 'False'
[0.325s] Level 5:colcon.colcon_core.verb:set package 'pycodes_h1' build argument 'cmake_clean_first' from command line to 'False'
[0.325s] Level 5:colcon.colcon_core.verb:set package 'pycodes_h1' build argument 'cmake_force_configure' from command line to 'False'
[0.325s] Level 5:colcon.colcon_core.verb:set package 'pycodes_h1' build argument 'ament_cmake_args' from command line to 'None'
[0.325s] Level 5:colcon.colcon_core.verb:set package 'pycodes_h1' build argument 'catkin_cmake_args' from command line to 'None'
[0.325s] Level 5:colcon.colcon_core.verb:set package 'pycodes_h1' build argument 'catkin_skip_building_tests' from command line to 'False'
[0.325s] DEBUG:colcon.colcon_core.verb:Building package 'pycodes_h1' with the following arguments: {'ament_cmake_args': None, 'build_base': '/home/utec/humanoid_ws/build/pycodes_h1', 'catkin_cmake_args': None, 'catkin_skip_building_tests': False, 'cmake_args': None, 'cmake_clean_cache': False, 'cmake_clean_first': False, 'cmake_force_configure': False, 'cmake_target': None, 'cmake_target_skip_unavailable': False, 'install_base': '/home/utec/humanoid_ws/install/pycodes_h1', 'merge_install': False, 'path': '/home/utec/humanoid_ws/src/pycodes_h1', 'symlink_install': False, 'test_result_base': None}
[0.325s] Level 5:colcon.colcon_core.verb:set package 'unitree_ros2_example' build argument 'cmake_args' from command line to 'None'
[0.325s] Level 5:colcon.colcon_core.verb:set package 'unitree_ros2_example' build argument 'cmake_target' from command line to 'None'
[0.325s] Level 5:colcon.colcon_core.verb:set package 'unitree_ros2_example' build argument 'cmake_target_skip_unavailable' from command line to 'False'
[0.325s] Level 5:colcon.colcon_core.verb:set package 'unitree_ros2_example' build argument 'cmake_clean_cache' from command line to 'False'
[0.325s] Level 5:colcon.colcon_core.verb:set package 'unitree_ros2_example' build argument 'cmake_clean_first' from command line to 'False'
[0.325s] Level 5:colcon.colcon_core.verb:set package 'unitree_ros2_example' build argument 'cmake_force_configure' from command line to 'False'
[0.325s] Level 5:colcon.colcon_core.verb:set package 'unitree_ros2_example' build argument 'ament_cmake_args' from command line to 'None'
[0.325s] Level 5:colcon.colcon_core.verb:set package 'unitree_ros2_example' build argument 'catkin_cmake_args' from command line to 'None'
[0.325s] Level 5:colcon.colcon_core.verb:set package 'unitree_ros2_example' build argument 'catkin_skip_building_tests' from command line to 'False'
[0.325s] DEBUG:colcon.colcon_core.verb:Building package 'unitree_ros2_example' with the following arguments: {'ament_cmake_args': None, 'build_base': '/home/utec/humanoid_ws/build/unitree_ros2_example', 'catkin_cmake_args': None, 'catkin_skip_building_tests': False, 'cmake_args': None, 'cmake_clean_cache': False, 'cmake_clean_first': False, 'cmake_force_configure': False, 'cmake_target': None, 'cmake_target_skip_unavailable': False, 'install_base': '/home/utec/humanoid_ws/install/unitree_ros2_example', 'merge_install': False, 'path': '/home/utec/humanoid_ws/src/unitree_ros2/example/src', 'symlink_install': False, 'test_result_base': None}
[0.325s] INFO:colcon.colcon_core.executor:Executing jobs using 'parallel' executor
[0.326s] DEBUG:colcon.colcon_parallel_executor.executor.parallel:run_until_complete
[0.327s] INFO:colcon.colcon_ros.task.ament_cmake.build:Building ROS package in '/home/utec/humanoid_ws/src/unitree_ros2/cyclonedds_ws/src/unitree/unitree_hg' with build type 'ament_cmake'
[0.327s] INFO:colcon.colcon_cmake.task.cmake.build:Building CMake package in '/home/utec/humanoid_ws/src/unitree_ros2/cyclonedds_ws/src/unitree/unitree_hg'
[0.328s] INFO:colcon.colcon_core.plugin_system:Skipping extension 'colcon_core.shell.bat': Not used on non-Windows systems
[0.329s] INFO:colcon.colcon_core.shell:Skip shell extension 'powershell' for command environment: Not usable outside of PowerShell
[0.329s] DEBUG:colcon.colcon_core.shell:Skip shell extension 'dsv' for command environment
[0.333s] INFO:colcon.colcon_ros.task.ament_cmake.build:Building ROS package in '/home/utec/humanoid_ws/src/h1_2_utec/h1_2_description' with build type 'ament_cmake'
[0.333s] INFO:colcon.colcon_cmake.task.cmake.build:Building CMake package in '/home/utec/humanoid_ws/src/h1_2_utec/h1_2_description'
[0.333s] INFO:colcon.colcon_core.shell:Skip shell extension 'powershell' for command environment: Not usable outside of PowerShell
[0.334s] DEBUG:colcon.colcon_core.shell:Skip shell extension 'dsv' for command environment
[0.337s] INFO:colcon.colcon_ros.task.ament_cmake.build:Building ROS package in '/home/utec/humanoid_ws/src/unitree_ros2/cyclonedds_ws/src/unitree/unitree_api' with build type 'ament_cmake'
[0.337s] INFO:colcon.colcon_cmake.task.cmake.build:Building CMake package in '/home/utec/humanoid_ws/src/unitree_ros2/cyclonedds_ws/src/unitree/unitree_api'
[0.337s] INFO:colcon.colcon_core.shell:Skip shell extension 'powershell' for command environment: Not usable outside of PowerShell
[0.338s] DEBUG:colcon.colcon_core.shell:Skip shell extension 'dsv' for command environment
[0.342s] INFO:colcon.colcon_ros.task.ament_cmake.build:Building ROS package in '/home/utec/humanoid_ws/src/unitree_ros2/cyclonedds_ws/src/unitree/unitree_go' with build type 'ament_cmake'
[0.342s] INFO:colcon.colcon_cmake.task.cmake.build:Building CMake package in '/home/utec/humanoid_ws/src/unitree_ros2/cyclonedds_ws/src/unitree/unitree_go'
[0.342s] INFO:colcon.colcon_core.shell:Skip shell extension 'powershell' for command environment: Not usable outside of PowerShell
[0.343s] DEBUG:colcon.colcon_core.shell:Skip shell extension 'dsv' for command environment
[0.346s] INFO:colcon.colcon_ros.task.ament_python.build:Building ROS package in '/home/utec/humanoid_ws/src/h1_2_algoritms' with build type 'ament_python'
[0.346s] Level 1:colcon.colcon_core.shell:create_environment_hook('h1_2_algoritms', 'ament_prefix_path')
[0.346s] INFO:colcon.colcon_core.shell:Creating environment hook '/home/utec/humanoid_ws/install/h1_2_algoritms/share/h1_2_algoritms/hook/ament_prefix_path.ps1'
[0.347s] INFO:colcon.colcon_core.shell:Creating environment descriptor '/home/utec/humanoid_ws/install/h1_2_algoritms/share/h1_2_algoritms/hook/ament_prefix_path.dsv'
[0.347s] INFO:colcon.colcon_core.shell:Creating environment hook '/home/utec/humanoid_ws/install/h1_2_algoritms/share/h1_2_algoritms/hook/ament_prefix_path.sh'
[0.348s] INFO:colcon.colcon_core.shell:Skip shell extension 'powershell' for command environment: Not usable outside of PowerShell
[0.348s] DEBUG:colcon.colcon_core.shell:Skip shell extension 'dsv' for command environment
[0.353s] DEBUG:colcon.colcon_core.event_handler.log_command:Invoking command in '/home/utec/humanoid_ws/build/unitree_hg': CMAKE_PREFIX_PATH=${CMAKE_PREFIX_PATH}:/home/utec/humanoid_ws/install/h1_2_algoritms:/home/utec/humanoid_ws/install/pycodes_h1:/home/utec/humanoid_ws/install/h1_2_model:/opt/ros/humble /usr/bin/cmake --build /home/utec/humanoid_ws/build/unitree_hg -- -j8 -l8
[0.358s] DEBUG:colcon.colcon_core.event_handler.log_command:Invoking command in '/home/utec/humanoid_ws/build/h1_2_description': CMAKE_PREFIX_PATH=${CMAKE_PREFIX_PATH}:/home/utec/humanoid_ws/install/h1_2_algoritms:/home/utec/humanoid_ws/install/pycodes_h1:/home/utec/humanoid_ws/install/h1_2_model:/opt/ros/humble /usr/bin/cmake --build /home/utec/humanoid_ws/build/h1_2_description -- -j8 -l8
[0.360s] DEBUG:colcon.colcon_core.event_handler.log_command:Invoking command in '/home/utec/humanoid_ws/build/unitree_api': CMAKE_PREFIX_PATH=${CMAKE_PREFIX_PATH}:/home/utec/humanoid_ws/install/h1_2_algoritms:/home/utec/humanoid_ws/install/pycodes_h1:/home/utec/humanoid_ws/install/h1_2_model:/opt/ros/humble /usr/bin/cmake --build /home/utec/humanoid_ws/build/unitree_api -- -j8 -l8
[0.366s] DEBUG:colcon.colcon_core.event_handler.log_command:Invoking command in '/home/utec/humanoid_ws/build/unitree_go': CMAKE_PREFIX_PATH=${CMAKE_PREFIX_PATH}:/home/utec/humanoid_ws/install/h1_2_algoritms:/home/utec/humanoid_ws/install/pycodes_h1:/home/utec/humanoid_ws/install/h1_2_model:/opt/ros/humble /usr/bin/cmake --build /home/utec/humanoid_ws/build/unitree_go -- -j8 -l8
[0.869s] INFO:colcon.colcon_core.task.python.build:Building Python package in '/home/utec/humanoid_ws/src/h1_2_algoritms'
[0.869s] INFO:colcon.colcon_core.shell:Skip shell extension 'powershell' for command environment: Not usable outside of PowerShell
[0.869s] DEBUG:colcon.colcon_core.shell:Skip shell extension 'dsv' for command environment
[0.886s] DEBUG:colcon.colcon_core.event_handler.log_command:Invoked command in '/home/utec/humanoid_ws/build/h1_2_description' returned '0': CMAKE_PREFIX_PATH=${CMAKE_PREFIX_PATH}:/home/utec/humanoid_ws/install/h1_2_algoritms:/home/utec/humanoid_ws/install/pycodes_h1:/home/utec/humanoid_ws/install/h1_2_model:/opt/ros/humble /usr/bin/cmake --build /home/utec/humanoid_ws/build/h1_2_description -- -j8 -l8
[0.903s] DEBUG:colcon.colcon_core.event_handler.log_command:Invoking command in '/home/utec/humanoid_ws/build/h1_2_description': CMAKE_PREFIX_PATH=${CMAKE_PREFIX_PATH}:/home/utec/humanoid_ws/install/h1_2_algoritms:/home/utec/humanoid_ws/install/pycodes_h1:/home/utec/humanoid_ws/install/h1_2_model:/opt/ros/humble /usr/bin/cmake --install /home/utec/humanoid_ws/build/h1_2_description
[0.935s] Level 1:colcon.colcon_core.environment:create_environment_scripts_only(h1_2_description)
[0.943s] Level 1:colcon.colcon_core.environment:checking '/home/utec/humanoid_ws/install/h1_2_description' for CMake module files
[0.945s] Level 1:colcon.colcon_core.environment:checking '/home/utec/humanoid_ws/install/h1_2_description' for CMake config files
[0.946s] Level 1:colcon.colcon_core.shell:create_environment_hook('h1_2_description', 'cmake_prefix_path')
[0.946s] INFO:colcon.colcon_core.shell:Creating environment hook '/home/utec/humanoid_ws/install/h1_2_description/share/h1_2_description/hook/cmake_prefix_path.ps1'
[0.952s] INFO:colcon.colcon_core.shell:Creating environment descriptor '/home/utec/humanoid_ws/install/h1_2_description/share/h1_2_description/hook/cmake_prefix_path.dsv'
[0.953s] INFO:colcon.colcon_core.shell:Creating environment hook '/home/utec/humanoid_ws/install/h1_2_description/share/h1_2_description/hook/cmake_prefix_path.sh'
[0.955s] Level 1:colcon.colcon_core.environment:checking '/home/utec/humanoid_ws/install/h1_2_description/bin'
[0.955s] Level 1:colcon.colcon_core.environment:checking '/home/utec/humanoid_ws/install/h1_2_description/lib/pkgconfig/h1_2_description.pc'
[0.956s] Level 1:colcon.colcon_core.environment:checking '/home/utec/humanoid_ws/install/h1_2_description/lib/python3.10/site-packages'
[0.956s] Level 1:colcon.colcon_core.environment:checking '/home/utec/humanoid_ws/install/h1_2_description/bin'
[0.957s] INFO:colcon.colcon_core.shell:Creating package script '/home/utec/humanoid_ws/install/h1_2_description/share/h1_2_description/package.ps1'
[0.959s] DEBUG:colcon.colcon_core.event_handler.log_command:Invoked command in '/home/utec/humanoid_ws/build/h1_2_description' returned '0': CMAKE_PREFIX_PATH=${CMAKE_PREFIX_PATH}:/home/utec/humanoid_ws/install/h1_2_algoritms:/home/utec/humanoid_ws/install/pycodes_h1:/home/utec/humanoid_ws/install/h1_2_model:/opt/ros/humble /usr/bin/cmake --install /home/utec/humanoid_ws/build/h1_2_description
[0.960s] INFO:colcon.colcon_core.shell:Creating package descriptor '/home/utec/humanoid_ws/install/h1_2_description/share/h1_2_description/package.dsv'
[0.961s] INFO:colcon.colcon_core.shell:Creating package script '/home/utec/humanoid_ws/install/h1_2_description/share/h1_2_description/package.sh'
[0.962s] INFO:colcon.colcon_core.shell:Creating package script '/home/utec/humanoid_ws/install/h1_2_description/share/h1_2_description/package.bash'
[0.964s] INFO:colcon.colcon_core.shell:Creating package script '/home/utec/humanoid_ws/install/h1_2_description/share/h1_2_description/package.zsh'
[0.965s] Level 1:colcon.colcon_core.environment:create_file_with_runtime_dependencies(/home/utec/humanoid_ws/install/h1_2_description/share/colcon-core/packages/h1_2_description)
[0.966s] Level 1:colcon.colcon_core.environment:create_environment_scripts_only(h1_2_description)
[0.966s] Level 1:colcon.colcon_core.environment:checking '/home/utec/humanoid_ws/install/h1_2_description' for CMake module files
[0.967s] Level 1:colcon.colcon_core.environment:checking '/home/utec/humanoid_ws/install/h1_2_description' for CMake config files
[0.967s] Level 1:colcon.colcon_core.shell:create_environment_hook('h1_2_description', 'cmake_prefix_path')
[0.968s] INFO:colcon.colcon_core.shell:Creating environment hook '/home/utec/humanoid_ws/install/h1_2_description/share/h1_2_description/hook/cmake_prefix_path.ps1'
[0.968s] INFO:colcon.colcon_core.shell:Creating environment descriptor '/home/utec/humanoid_ws/install/h1_2_description/share/h1_2_description/hook/cmake_prefix_path.dsv'
[0.969s] INFO:colcon.colcon_core.shell:Creating environment hook '/home/utec/humanoid_ws/install/h1_2_description/share/h1_2_description/hook/cmake_prefix_path.sh'
[0.970s] Level 1:colcon.colcon_core.environment:checking '/home/utec/humanoid_ws/install/h1_2_description/bin'
[0.970s] Level 1:colcon.colcon_core.environment:checking '/home/utec/humanoid_ws/install/h1_2_description/lib/pkgconfig/h1_2_description.pc'
[0.970s] Level 1:colcon.colcon_core.environment:checking '/home/utec/humanoid_ws/install/h1_2_description/lib/python3.10/site-packages'
[0.971s] Level 1:colcon.colcon_core.environment:checking '/home/utec/humanoid_ws/install/h1_2_description/bin'
[0.971s] INFO:colcon.colcon_core.shell:Creating package script '/home/utec/humanoid_ws/install/h1_2_description/share/h1_2_description/package.ps1'
[0.972s] INFO:colcon.colcon_core.shell:Creating package descriptor '/home/utec/humanoid_ws/install/h1_2_description/share/h1_2_description/package.dsv'
[0.973s] INFO:colcon.colcon_core.shell:Creating package script '/home/utec/humanoid_ws/install/h1_2_description/share/h1_2_description/package.sh'
[0.974s] INFO:colcon.colcon_core.shell:Creating package script '/home/utec/humanoid_ws/install/h1_2_description/share/h1_2_description/package.bash'
[0.975s] INFO:colcon.colcon_core.shell:Creating package script '/home/utec/humanoid_ws/install/h1_2_description/share/h1_2_description/package.zsh'
[0.976s] Level 1:colcon.colcon_core.environment:create_file_with_runtime_dependencies(/home/utec/humanoid_ws/install/h1_2_description/share/colcon-core/packages/h1_2_description)
[0.976s] INFO:colcon.colcon_ros.task.ament_python.build:Building ROS package in '/home/utec/humanoid_ws/src/h1_2_utec/h1_2_model' with build type 'ament_python'
[0.976s] Level 1:colcon.colcon_core.shell:create_environment_hook('h1_2_model', 'ament_prefix_path')
[0.977s] INFO:colcon.colcon_core.shell:Creating environment hook '/home/utec/humanoid_ws/install/h1_2_model/share/h1_2_model/hook/ament_prefix_path.ps1'
[0.978s] INFO:colcon.colcon_core.shell:Creating environment descriptor '/home/utec/humanoid_ws/install/h1_2_model/share/h1_2_model/hook/ament_prefix_path.dsv'
[0.979s] INFO:colcon.colcon_core.shell:Creating environment hook '/home/utec/humanoid_ws/install/h1_2_model/share/h1_2_model/hook/ament_prefix_path.sh'
[0.980s] INFO:colcon.colcon_core.shell:Skip shell extension 'powershell' for command environment: Not usable outside of PowerShell
[0.980s] DEBUG:colcon.colcon_core.shell:Skip shell extension 'dsv' for command environment
[1.288s] INFO:colcon.colcon_core.task.python.build:Building Python package in '/home/utec/humanoid_ws/src/h1_2_utec/h1_2_model'
[1.288s] INFO:colcon.colcon_core.shell:Skip shell extension 'powershell' for command environment: Not usable outside of PowerShell
[1.288s] DEBUG:colcon.colcon_core.shell:Skip shell extension 'dsv' for command environment
[1.293s] DEBUG:colcon.colcon_core.event_handler.log_command:Invoked command in '/home/utec/humanoid_ws/build/unitree_hg' returned '0': CMAKE_PREFIX_PATH=${CMAKE_PREFIX_PATH}:/home/utec/humanoid_ws/install/h1_2_algoritms:/home/utec/humanoid_ws/install/pycodes_h1:/home/utec/humanoid_ws/install/h1_2_model:/opt/ros/humble /usr/bin/cmake --build /home/utec/humanoid_ws/build/unitree_hg -- -j8 -l8
[1.295s] DEBUG:colcon.colcon_core.event_handler.log_command:Invoking command in '/home/utec/humanoid_ws/build/unitree_hg': CMAKE_PREFIX_PATH=${CMAKE_PREFIX_PATH}:/home/utec/humanoid_ws/install/h1_2_algoritms:/home/utec/humanoid_ws/install/pycodes_h1:/home/utec/humanoid_ws/install/h1_2_model:/opt/ros/humble /usr/bin/cmake --install /home/utec/humanoid_ws/build/unitree_hg
[1.296s] DEBUG:colcon.colcon_core.event_handler.log_command:Invoked command in '/home/utec/humanoid_ws/build/unitree_go' returned '0': CMAKE_PREFIX_PATH=${CMAKE_PREFIX_PATH}:/home/utec/humanoid_ws/install/h1_2_algoritms:/home/utec/humanoid_ws/install/pycodes_h1:/home/utec/humanoid_ws/install/h1_2_model:/opt/ros/humble /usr/bin/cmake --build /home/utec/humanoid_ws/build/unitree_go -- -j8 -l8
[1.298s] DEBUG:colcon.colcon_core.event_handler.log_command:Invoking command in '/home/utec/humanoid_ws/build/unitree_go': CMAKE_PREFIX_PATH=${CMAKE_PREFIX_PATH}:/home/utec/humanoid_ws/install/h1_2_algoritms:/home/utec/humanoid_ws/install/pycodes_h1:/home/utec/humanoid_ws/install/h1_2_model:/opt/ros/humble /usr/bin/cmake --install /home/utec/humanoid_ws/build/unitree_go
[1.298s] DEBUG:colcon.colcon_core.event_handler.log_command:Invoked command in '/home/utec/humanoid_ws/build/unitree_api' returned '0': CMAKE_PREFIX_PATH=${CMAKE_PREFIX_PATH}:/home/utec/humanoid_ws/install/h1_2_algoritms:/home/utec/humanoid_ws/install/pycodes_h1:/home/utec/humanoid_ws/install/h1_2_model:/opt/ros/humble /usr/bin/cmake --build /home/utec/humanoid_ws/build/unitree_api -- -j8 -l8
[1.300s] DEBUG:colcon.colcon_core.event_handler.log_command:Invoking command in '/home/utec/humanoid_ws/build/unitree_api': CMAKE_PREFIX_PATH=${CMAKE_PREFIX_PATH}:/home/utec/humanoid_ws/install/h1_2_algoritms:/home/utec/humanoid_ws/install/pycodes_h1:/home/utec/humanoid_ws/install/h1_2_model:/opt/ros/humble /usr/bin/cmake --install /home/utec/humanoid_ws/build/unitree_api
[1.402s] Level 1:colcon.colcon_core.environment:create_environment_scripts_only(unitree_hg)
[1.402s] Level 1:colcon.colcon_core.environment:checking '/home/utec/humanoid_ws/install/unitree_hg' for CMake module files
[1.405s] Level 1:colcon.colcon_core.environment:checking '/home/utec/humanoid_ws/install/unitree_hg' for CMake config files
[1.409s] Level 1:colcon.colcon_core.shell:create_environment_hook('unitree_hg', 'cmake_prefix_path')
[1.410s] INFO:colcon.colcon_core.shell:Creating environment hook '/home/utec/humanoid_ws/install/unitree_hg/share/unitree_hg/hook/cmake_prefix_path.ps1'
[1.412s] INFO:colcon.colcon_core.shell:Creating environment descriptor '/home/utec/humanoid_ws/install/unitree_hg/share/unitree_hg/hook/cmake_prefix_path.dsv'
[1.413s] INFO:colcon.colcon_core.shell:Creating environment hook '/home/utec/humanoid_ws/install/unitree_hg/share/unitree_hg/hook/cmake_prefix_path.sh'
[1.416s] Level 1:colcon.colcon_core.environment:checking '/home/utec/humanoid_ws/install/unitree_hg/lib'
[1.420s] Level 1:colcon.colcon_core.shell:create_environment_hook('unitree_hg', 'ld_library_path_lib')
[1.421s] INFO:colcon.colcon_core.shell:Creating environment hook '/home/utec/humanoid_ws/install/unitree_hg/share/unitree_hg/hook/ld_library_path_lib.ps1'
[1.425s] INFO:colcon.colcon_core.shell:Creating environment descriptor '/home/utec/humanoid_ws/install/unitree_hg/share/unitree_hg/hook/ld_library_path_lib.dsv'
[1.426s] INFO:colcon.colcon_core.shell:Creating environment hook '/home/utec/humanoid_ws/install/unitree_hg/share/unitree_hg/hook/ld_library_path_lib.sh'
[1.427s] Level 1:colcon.colcon_core.environment:checking '/home/utec/humanoid_ws/install/unitree_hg/bin'
[1.427s] Level 1:colcon.colcon_core.environment:checking '/home/utec/humanoid_ws/install/unitree_hg/lib/pkgconfig/unitree_hg.pc'
[1.427s] Level 1:colcon.colcon_core.environment:checking '/home/utec/humanoid_ws/install/unitree_hg/lib/python3.10/site-packages'
[1.427s] Level 1:colcon.colcon_core.environment:checking '/home/utec/humanoid_ws/install/unitree_hg/bin'
[1.428s] INFO:colcon.colcon_core.shell:Creating package script '/home/utec/humanoid_ws/install/unitree_hg/share/unitree_hg/package.ps1'
[1.430s] INFO:colcon.colcon_core.shell:Creating package descriptor '/home/utec/humanoid_ws/install/unitree_hg/share/unitree_hg/package.dsv'
[1.432s] INFO:colcon.colcon_core.shell:Creating package script '/home/utec/humanoid_ws/install/unitree_hg/share/unitree_hg/package.sh'
[1.434s] INFO:colcon.colcon_core.shell:Creating package script '/home/utec/humanoid_ws/install/unitree_hg/share/unitree_hg/package.bash'
[1.436s] INFO:colcon.colcon_core.shell:Creating package script '/home/utec/humanoid_ws/install/unitree_hg/share/unitree_hg/package.zsh'
[1.444s] Level 1:colcon.colcon_core.environment:create_file_with_runtime_dependencies(/home/utec/humanoid_ws/install/unitree_hg/share/colcon-core/packages/unitree_hg)
[1.448s] Level 1:colcon.colcon_core.environment:create_environment_scripts_only(unitree_hg)
[1.449s] Level 1:colcon.colcon_core.environment:checking '/home/utec/humanoid_ws/install/unitree_hg' for CMake module files
[1.455s] Level 1:colcon.colcon_core.environment:checking '/home/utec/humanoid_ws/install/unitree_hg' for CMake config files
[1.461s] Level 1:colcon.colcon_core.shell:create_environment_hook('unitree_hg', 'cmake_prefix_path')
[1.461s] INFO:colcon.colcon_core.shell:Creating environment hook '/home/utec/humanoid_ws/install/unitree_hg/share/unitree_hg/hook/cmake_prefix_path.ps1'
[1.463s] INFO:colcon.colcon_core.shell:Creating environment descriptor '/home/utec/humanoid_ws/install/unitree_hg/share/unitree_hg/hook/cmake_prefix_path.dsv'
[1.465s] INFO:colcon.colcon_core.shell:Creating environment hook '/home/utec/humanoid_ws/install/unitree_hg/share/unitree_hg/hook/cmake_prefix_path.sh'
[1.471s] Level 1:colcon.colcon_core.environment:checking '/home/utec/humanoid_ws/install/unitree_hg/lib'
[1.471s] Level 1:colcon.colcon_core.shell:create_environment_hook('unitree_hg', 'ld_library_path_lib')
[1.471s] INFO:colcon.colcon_core.shell:Creating environment hook '/home/utec/humanoid_ws/install/unitree_hg/share/unitree_hg/hook/ld_library_path_lib.ps1'
[1.472s] INFO:colcon.colcon_core.shell:Creating environment descriptor '/home/utec/humanoid_ws/install/unitree_hg/share/unitree_hg/hook/ld_library_path_lib.dsv'
[1.473s] INFO:colcon.colcon_core.shell:Creating environment hook '/home/utec/humanoid_ws/install/unitree_hg/share/unitree_hg/hook/ld_library_path_lib.sh'
[1.473s] DEBUG:colcon.colcon_core.event_handler.log_command:Invoking command in '/home/utec/humanoid_ws/src/h1_2_algoritms': PYTHONPATH=/home/utec/humanoid_ws/build/h1_2_algoritms/prefix_override:/usr/lib/python3/dist-packages/colcon_core/task/python/colcon_distutils_commands:/home/utec/humanoid_ws/install/h1_2_algoritms/lib/python3.10/site-packages:${PYTHONPATH} /usr/bin/python3 -W ignore:setup.py install is deprecated -W ignore:easy_install command is deprecated setup.py egg_info --egg-base ../../build/h1_2_algoritms build --build-base /home/utec/humanoid_ws/build/h1_2_algoritms/build install --record /home/utec/humanoid_ws/build/h1_2_algoritms/install.log --single-version-externally-managed install_data
[1.474s] Level 1:colcon.colcon_core.environment:checking '/home/utec/humanoid_ws/install/unitree_hg/bin'
[1.474s] Level 1:colcon.colcon_core.environment:checking '/home/utec/humanoid_ws/install/unitree_hg/lib/pkgconfig/unitree_hg.pc'
[1.475s] Level 1:colcon.colcon_core.environment:checking '/home/utec/humanoid_ws/install/unitree_hg/lib/python3.10/site-packages'
[1.475s] Level 1:colcon.colcon_core.environment:checking '/home/utec/humanoid_ws/install/unitree_hg/bin'
[1.476s] INFO:colcon.colcon_core.shell:Creating package script '/home/utec/humanoid_ws/install/unitree_hg/share/unitree_hg/package.ps1'
[1.481s] INFO:colcon.colcon_core.shell:Creating package descriptor '/home/utec/humanoid_ws/install/unitree_hg/share/unitree_hg/package.dsv'
[1.485s] INFO:colcon.colcon_core.shell:Creating package script '/home/utec/humanoid_ws/install/unitree_hg/share/unitree_hg/package.sh'
[1.488s] INFO:colcon.colcon_core.shell:Creating package script '/home/utec/humanoid_ws/install/unitree_hg/share/unitree_hg/package.bash'
[1.490s] INFO:colcon.colcon_core.shell:Creating package script '/home/utec/humanoid_ws/install/unitree_hg/share/unitree_hg/package.zsh'
[1.491s] DEBUG:colcon.colcon_core.event_handler.log_command:Invoked command in '/home/utec/humanoid_ws/build/unitree_hg' returned '0': CMAKE_PREFIX_PATH=${CMAKE_PREFIX_PATH}:/home/utec/humanoid_ws/install/h1_2_algoritms:/home/utec/humanoid_ws/install/pycodes_h1:/home/utec/humanoid_ws/install/h1_2_model:/opt/ros/humble /usr/bin/cmake --install /home/utec/humanoid_ws/build/unitree_hg
[1.491s] Level 1:colcon.colcon_core.environment:create_file_with_runtime_dependencies(/home/utec/humanoid_ws/install/unitree_hg/share/colcon-core/packages/unitree_hg)
[1.492s] INFO:colcon.colcon_ros.task.ament_cmake.build:Building ROS package in '/home/utec/humanoid_ws/src/h1_2_utec/h1_2_interface' with build type 'ament_cmake'
[1.492s] INFO:colcon.colcon_cmake.task.cmake.build:Building CMake package in '/home/utec/humanoid_ws/src/h1_2_utec/h1_2_interface'
[1.492s] INFO:colcon.colcon_core.shell:Skip shell extension 'powershell' for command environment: Not usable outside of PowerShell
[1.493s] DEBUG:colcon.colcon_core.shell:Skip shell extension 'dsv' for command environment
[1.498s] INFO:colcon.colcon_ros.task.ament_python.build:Building ROS package in '/home/utec/humanoid_ws/src/pycodes_h1' with build type 'ament_python'
[1.498s] Level 1:colcon.colcon_core.shell:create_environment_hook('pycodes_h1', 'ament_prefix_path')
[1.499s] INFO:colcon.colcon_core.shell:Creating environment hook '/home/utec/humanoid_ws/install/pycodes_h1/share/pycodes_h1/hook/ament_prefix_path.ps1'
[1.499s] INFO:colcon.colcon_core.shell:Creating environment descriptor '/home/utec/humanoid_ws/install/pycodes_h1/share/pycodes_h1/hook/ament_prefix_path.dsv'
[1.500s] INFO:colcon.colcon_core.shell:Creating environment hook '/home/utec/humanoid_ws/install/pycodes_h1/share/pycodes_h1/hook/ament_prefix_path.sh'
[1.501s] INFO:colcon.colcon_core.shell:Skip shell extension 'powershell' for command environment: Not usable outside of PowerShell
[1.501s] DEBUG:colcon.colcon_core.shell:Skip shell extension 'dsv' for command environment
[1.506s] Level 1:colcon.colcon_core.environment:create_environment_scripts_only(unitree_api)
[1.507s] Level 1:colcon.colcon_core.environment:checking '/home/utec/humanoid_ws/install/unitree_api' for CMake module files
[1.508s] DEBUG:colcon.colcon_core.event_handler.log_command:Invoked command in '/home/utec/humanoid_ws/build/unitree_api' returned '0': CMAKE_PREFIX_PATH=${CMAKE_PREFIX_PATH}:/home/utec/humanoid_ws/install/h1_2_algoritms:/home/utec/humanoid_ws/install/pycodes_h1:/home/utec/humanoid_ws/install/h1_2_model:/opt/ros/humble /usr/bin/cmake --install /home/utec/humanoid_ws/build/unitree_api
[1.508s] Level 1:colcon.colcon_core.environment:checking '/home/utec/humanoid_ws/install/unitree_api' for CMake config files
[1.509s] Level 1:colcon.colcon_core.shell:create_environment_hook('unitree_api', 'cmake_prefix_path')
[1.509s] INFO:colcon.colcon_core.shell:Creating environment hook '/home/utec/humanoid_ws/install/unitree_api/share/unitree_api/hook/cmake_prefix_path.ps1'
[1.510s] INFO:colcon.colcon_core.shell:Creating environment descriptor '/home/utec/humanoid_ws/install/unitree_api/share/unitree_api/hook/cmake_prefix_path.dsv'
[1.511s] INFO:colcon.colcon_core.shell:Creating environment hook '/home/utec/humanoid_ws/install/unitree_api/share/unitree_api/hook/cmake_prefix_path.sh'
[1.511s] Level 1:colcon.colcon_core.environment:checking '/home/utec/humanoid_ws/install/unitree_api/lib'
[1.511s] Level 1:colcon.colcon_core.shell:create_environment_hook('unitree_api', 'ld_library_path_lib')
[1.512s] INFO:colcon.colcon_core.shell:Creating environment hook '/home/utec/humanoid_ws/install/unitree_api/share/unitree_api/hook/ld_library_path_lib.ps1'
[1.512s] INFO:colcon.colcon_core.shell:Creating environment descriptor '/home/utec/humanoid_ws/install/unitree_api/share/unitree_api/hook/ld_library_path_lib.dsv'
[1.513s] INFO:colcon.colcon_core.shell:Creating environment hook '/home/utec/humanoid_ws/install/unitree_api/share/unitree_api/hook/ld_library_path_lib.sh'
[1.513s] Level 1:colcon.colcon_core.environment:checking '/home/utec/humanoid_ws/install/unitree_api/bin'
[1.513s] Level 1:colcon.colcon_core.environment:checking '/home/utec/humanoid_ws/install/unitree_api/lib/pkgconfig/unitree_api.pc'
[1.513s] Level 1:colcon.colcon_core.environment:checking '/home/utec/humanoid_ws/install/unitree_api/lib/python3.10/site-packages'
[1.514s] Level 1:colcon.colcon_core.environment:checking '/home/utec/humanoid_ws/install/unitree_api/bin'
[1.514s] INFO:colcon.colcon_core.shell:Creating package script '/home/utec/humanoid_ws/install/unitree_api/share/unitree_api/package.ps1'
[1.515s] INFO:colcon.colcon_core.shell:Creating package descriptor '/home/utec/humanoid_ws/install/unitree_api/share/unitree_api/package.dsv'
[1.516s] INFO:colcon.colcon_core.shell:Creating package script '/home/utec/humanoid_ws/install/unitree_api/share/unitree_api/package.sh'
[1.516s] INFO:colcon.colcon_core.shell:Creating package script '/home/utec/humanoid_ws/install/unitree_api/share/unitree_api/package.bash'
[1.517s] INFO:colcon.colcon_core.shell:Creating package script '/home/utec/humanoid_ws/install/unitree_api/share/unitree_api/package.zsh'
[1.517s] Level 1:colcon.colcon_core.environment:create_file_with_runtime_dependencies(/home/utec/humanoid_ws/install/unitree_api/share/colcon-core/packages/unitree_api)
[1.518s] Level 1:colcon.colcon_core.environment:create_environment_scripts_only(unitree_api)
[1.519s] Level 1:colcon.colcon_core.environment:checking '/home/utec/humanoid_ws/install/unitree_api' for CMake module files
[1.520s] Level 1:colcon.colcon_core.environment:checking '/home/utec/humanoid_ws/install/unitree_api' for CMake config files
[1.520s] Level 1:colcon.colcon_core.shell:create_environment_hook('unitree_api', 'cmake_prefix_path')
[1.520s] INFO:colcon.colcon_core.shell:Creating environment hook '/home/utec/humanoid_ws/install/unitree_api/share/unitree_api/hook/cmake_prefix_path.ps1'
[1.521s] INFO:colcon.colcon_core.shell:Creating environment descriptor '/home/utec/humanoid_ws/install/unitree_api/share/unitree_api/hook/cmake_prefix_path.dsv'
[1.522s] INFO:colcon.colcon_core.shell:Creating environment hook '/home/utec/humanoid_ws/install/unitree_api/share/unitree_api/hook/cmake_prefix_path.sh'
[1.523s] Level 1:colcon.colcon_core.environment:checking '/home/utec/humanoid_ws/install/unitree_api/lib'
[1.523s] Level 1:colcon.colcon_core.shell:create_environment_hook('unitree_api', 'ld_library_path_lib')
[1.523s] INFO:colcon.colcon_core.shell:Creating environment hook '/home/utec/humanoid_ws/install/unitree_api/share/unitree_api/hook/ld_library_path_lib.ps1'
[1.524s] INFO:colcon.colcon_core.shell:Creating environment descriptor '/home/utec/humanoid_ws/install/unitree_api/share/unitree_api/hook/ld_library_path_lib.dsv'
[1.524s] INFO:colcon.colcon_core.shell:Creating environment hook '/home/utec/humanoid_ws/install/unitree_api/share/unitree_api/hook/ld_library_path_lib.sh'
[1.525s] Level 1:colcon.colcon_core.environment:checking '/home/utec/humanoid_ws/install/unitree_api/bin'
[1.525s] Level 1:colcon.colcon_core.environment:checking '/home/utec/humanoid_ws/install/unitree_api/lib/pkgconfig/unitree_api.pc'
[1.525s] Level 1:colcon.colcon_core.environment:checking '/home/utec/humanoid_ws/install/unitree_api/lib/python3.10/site-packages'
[1.526s] Level 1:colcon.colcon_core.environment:checking '/home/utec/humanoid_ws/install/unitree_api/bin'
[1.526s] INFO:colcon.colcon_core.shell:Creating package script '/home/utec/humanoid_ws/install/unitree_api/share/unitree_api/package.ps1'
[1.527s] INFO:colcon.colcon_core.shell:Creating package descriptor '/home/utec/humanoid_ws/install/unitree_api/share/unitree_api/package.dsv'
[1.527s] INFO:colcon.colcon_core.shell:Creating package script '/home/utec/humanoid_ws/install/unitree_api/share/unitree_api/package.sh'
[1.528s] INFO:colcon.colcon_core.shell:Creating package script '/home/utec/humanoid_ws/install/unitree_api/share/unitree_api/package.bash'
[1.528s] INFO:colcon.colcon_core.shell:Creating package script '/home/utec/humanoid_ws/install/unitree_api/share/unitree_api/package.zsh'
[1.529s] Level 1:colcon.colcon_core.environment:create_file_with_runtime_dependencies(/home/utec/humanoid_ws/install/unitree_api/share/colcon-core/packages/unitree_api)
[1.530s] Level 1:colcon.colcon_core.environment:create_environment_scripts_only(unitree_go)
[1.530s] Level 1:colcon.colcon_core.environment:checking '/home/utec/humanoid_ws/install/unitree_go' for CMake module files
[1.531s] Level 1:colcon.colcon_core.environment:checking '/home/utec/humanoid_ws/install/unitree_go' for CMake config files
[1.532s] DEBUG:colcon.colcon_core.event_handler.log_command:Invoked command in '/home/utec/humanoid_ws/build/unitree_go' returned '0': CMAKE_PREFIX_PATH=${CMAKE_PREFIX_PATH}:/home/utec/humanoid_ws/install/h1_2_algoritms:/home/utec/humanoid_ws/install/pycodes_h1:/home/utec/humanoid_ws/install/h1_2_model:/opt/ros/humble /usr/bin/cmake --install /home/utec/humanoid_ws/build/unitree_go
[1.532s] Level 1:colcon.colcon_core.shell:create_environment_hook('unitree_go', 'cmake_prefix_path')
[1.532s] INFO:colcon.colcon_core.shell:Creating environment hook '/home/utec/humanoid_ws/install/unitree_go/share/unitree_go/hook/cmake_prefix_path.ps1'
[1.533s] INFO:colcon.colcon_core.shell:Creating environment descriptor '/home/utec/humanoid_ws/install/unitree_go/share/unitree_go/hook/cmake_prefix_path.dsv'
[1.533s] INFO:colcon.colcon_core.shell:Creating environment hook '/home/utec/humanoid_ws/install/unitree_go/share/unitree_go/hook/cmake_prefix_path.sh'
[1.534s] Level 1:colcon.colcon_core.environment:checking '/home/utec/humanoid_ws/install/unitree_go/lib'
[1.534s] Level 1:colcon.colcon_core.shell:create_environment_hook('unitree_go', 'ld_library_path_lib')
[1.535s] INFO:colcon.colcon_core.shell:Creating environment hook '/home/utec/humanoid_ws/install/unitree_go/share/unitree_go/hook/ld_library_path_lib.ps1'
[1.535s] INFO:colcon.colcon_core.shell:Creating environment descriptor '/home/utec/humanoid_ws/install/unitree_go/share/unitree_go/hook/ld_library_path_lib.dsv'
[1.536s] INFO:colcon.colcon_core.shell:Creating environment hook '/home/utec/humanoid_ws/install/unitree_go/share/unitree_go/hook/ld_library_path_lib.sh'
[1.536s] Level 1:colcon.colcon_core.environment:checking '/home/utec/humanoid_ws/install/unitree_go/bin'
[1.536s] Level 1:colcon.colcon_core.environment:checking '/home/utec/humanoid_ws/install/unitree_go/lib/pkgconfig/unitree_go.pc'
[1.536s] Level 1:colcon.colcon_core.environment:checking '/home/utec/humanoid_ws/install/unitree_go/lib/python3.10/site-packages'
[1.537s] Level 1:colcon.colcon_core.environment:checking '/home/utec/humanoid_ws/install/unitree_go/bin'
[1.537s] INFO:colcon.colcon_core.shell:Creating package script '/home/utec/humanoid_ws/install/unitree_go/share/unitree_go/package.ps1'
[1.538s] INFO:colcon.colcon_core.shell:Creating package descriptor '/home/utec/humanoid_ws/install/unitree_go/share/unitree_go/package.dsv'
[1.539s] INFO:colcon.colcon_core.shell:Creating package script '/home/utec/humanoid_ws/install/unitree_go/share/unitree_go/package.sh'
[1.539s] INFO:colcon.colcon_core.shell:Creating package script '/home/utec/humanoid_ws/install/unitree_go/share/unitree_go/package.bash'
[1.540s] INFO:colcon.colcon_core.shell:Creating package script '/home/utec/humanoid_ws/install/unitree_go/share/unitree_go/package.zsh'
[1.540s] Level 1:colcon.colcon_core.environment:create_file_with_runtime_dependencies(/home/utec/humanoid_ws/install/unitree_go/share/colcon-core/packages/unitree_go)
[1.541s] Level 1:colcon.colcon_core.environment:create_environment_scripts_only(unitree_go)
[1.541s] Level 1:colcon.colcon_core.environment:checking '/home/utec/humanoid_ws/install/unitree_go' for CMake module files
[1.542s] Level 1:colcon.colcon_core.environment:checking '/home/utec/humanoid_ws/install/unitree_go' for CMake config files
[1.543s] Level 1:colcon.colcon_core.shell:create_environment_hook('unitree_go', 'cmake_prefix_path')
[1.543s] INFO:colcon.colcon_core.shell:Creating environment hook '/home/utec/humanoid_ws/install/unitree_go/share/unitree_go/hook/cmake_prefix_path.ps1'
[1.544s] INFO:colcon.colcon_core.shell:Creating environment descriptor '/home/utec/humanoid_ws/install/unitree_go/share/unitree_go/hook/cmake_prefix_path.dsv'
[1.544s] INFO:colcon.colcon_core.shell:Creating environment hook '/home/utec/humanoid_ws/install/unitree_go/share/unitree_go/hook/cmake_prefix_path.sh'
[1.545s] Level 1:colcon.colcon_core.environment:checking '/home/utec/humanoid_ws/install/unitree_go/lib'
[1.545s] Level 1:colcon.colcon_core.shell:create_environment_hook('unitree_go', 'ld_library_path_lib')
[1.545s] INFO:colcon.colcon_core.shell:Creating environment hook '/home/utec/humanoid_ws/install/unitree_go/share/unitree_go/hook/ld_library_path_lib.ps1'
[1.546s] INFO:colcon.colcon_core.shell:Creating environment descriptor '/home/utec/humanoid_ws/install/unitree_go/share/unitree_go/hook/ld_library_path_lib.dsv'
[1.547s] INFO:colcon.colcon_core.shell:Creating environment hook '/home/utec/humanoid_ws/install/unitree_go/share/unitree_go/hook/ld_library_path_lib.sh'
[1.548s] Level 1:colcon.colcon_core.environment:checking '/home/utec/humanoid_ws/install/unitree_go/bin'
[1.548s] Level 1:colcon.colcon_core.environment:checking '/home/utec/humanoid_ws/install/unitree_go/lib/pkgconfig/unitree_go.pc'
[1.548s] Level 1:colcon.colcon_core.environment:checking '/home/utec/humanoid_ws/install/unitree_go/lib/python3.10/site-packages'
[1.549s] Level 1:colcon.colcon_core.environment:checking '/home/utec/humanoid_ws/install/unitree_go/bin'
[1.550s] INFO:colcon.colcon_core.shell:Creating package script '/home/utec/humanoid_ws/install/unitree_go/share/unitree_go/package.ps1'
[1.550s] INFO:colcon.colcon_core.shell:Creating package descriptor '/home/utec/humanoid_ws/install/unitree_go/share/unitree_go/package.dsv'
[1.551s] INFO:colcon.colcon_core.shell:Creating package script '/home/utec/humanoid_ws/install/unitree_go/share/unitree_go/package.sh'
[1.552s] INFO:colcon.colcon_core.shell:Creating package script '/home/utec/humanoid_ws/install/unitree_go/share/unitree_go/package.bash'
[1.552s] INFO:colcon.colcon_core.shell:Creating package script '/home/utec/humanoid_ws/install/unitree_go/share/unitree_go/package.zsh'
[1.553s] Level 1:colcon.colcon_core.environment:create_file_with_runtime_dependencies(/home/utec/humanoid_ws/install/unitree_go/share/colcon-core/packages/unitree_go)
[1.554s] INFO:colcon.colcon_ros.task.ament_cmake.build:Building ROS package in '/home/utec/humanoid_ws/src/unitree_ros2/example/src' with build type 'ament_cmake'
[1.554s] INFO:colcon.colcon_cmake.task.cmake.build:Building CMake package in '/home/utec/humanoid_ws/src/unitree_ros2/example/src'
[1.554s] INFO:colcon.colcon_core.shell:Skip shell extension 'powershell' for command environment: Not usable outside of PowerShell
[1.554s] DEBUG:colcon.colcon_core.shell:Skip shell extension 'dsv' for command environment
[1.565s] DEBUG:colcon.colcon_core.event_handler.log_command:Invoking command in '/home/utec/humanoid_ws/build/h1_2_interface': CMAKE_PREFIX_PATH=/home/utec/humanoid_ws/install/unitree_hg:/home/utec/humanoid_ws/install/unitree_ros2_example:/home/utec/humanoid_ws/install/h1_2_interface:/home/utec/humanoid_ws/install/unitree_go:/home/utec/humanoid_ws/install/unitree_api:/home/utec/humanoid_ws/install/h1_2_description:/home/utec/humanoid_ws/install/h1_2_algoritms:/home/utec/humanoid_ws/install/pycodes_h1:/home/utec/humanoid_ws/install/h1_2_model:/opt/ros/humble /usr/bin/cmake --build /home/utec/humanoid_ws/build/h1_2_interface -- -j8 -l8
[1.880s] INFO:colcon.colcon_core.task.python.build:Building Python package in '/home/utec/humanoid_ws/src/pycodes_h1'
[1.881s] INFO:colcon.colcon_core.shell:Skip shell extension 'powershell' for command environment: Not usable outside of PowerShell
[1.881s] DEBUG:colcon.colcon_core.shell:Skip shell extension 'dsv' for command environment
[1.895s] DEBUG:colcon.colcon_core.event_handler.log_command:Invoking command in '/home/utec/humanoid_ws/build/unitree_ros2_example': CMAKE_PREFIX_PATH=/home/utec/humanoid_ws/install/unitree_hg:/home/utec/humanoid_ws/install/unitree_go:/home/utec/humanoid_ws/install/unitree_api:/home/utec/humanoid_ws/install/unitree_ros2_example:/home/utec/humanoid_ws/install/h1_2_interface:/home/utec/humanoid_ws/install/h1_2_description:/home/utec/humanoid_ws/install/h1_2_algoritms:/home/utec/humanoid_ws/install/pycodes_h1:/home/utec/humanoid_ws/install/h1_2_model:/opt/ros/humble /usr/bin/cmake --build /home/utec/humanoid_ws/build/unitree_ros2_example -- -j8 -l8
[1.897s] DEBUG:colcon.colcon_core.event_handler.log_command:Invoking command in '/home/utec/humanoid_ws/src/h1_2_utec/h1_2_model': CMAKE_PREFIX_PATH=/home/utec/humanoid_ws/install/h1_2_description:/home/utec/humanoid_ws/install/unitree_ros2_example:/home/utec/humanoid_ws/install/h1_2_interface:/home/utec/humanoid_ws/install/unitree_hg:/home/utec/humanoid_ws/install/unitree_go:/home/utec/humanoid_ws/install/unitree_api PYTHONPATH=/home/utec/humanoid_ws/build/h1_2_model/prefix_override:/usr/lib/python3/dist-packages/colcon_core/task/python/colcon_distutils_commands:/home/utec/humanoid_ws/install/h1_2_model/lib/python3.10/site-packages:${PYTHONPATH} /usr/bin/python3 -W ignore:setup.py install is deprecated -W ignore:easy_install command is deprecated setup.py egg_info --egg-base ../../../build/h1_2_model build --build-base /home/utec/humanoid_ws/build/h1_2_model/build install --record /home/utec/humanoid_ws/build/h1_2_model/install.log --single-version-externally-managed install_data
[1.898s] DEBUG:colcon.colcon_core.event_handler.log_command:Invoked command in '/home/utec/humanoid_ws/build/h1_2_interface' returned '0': CMAKE_PREFIX_PATH=/home/utec/humanoid_ws/install/unitree_hg:/home/utec/humanoid_ws/install/unitree_ros2_example:/home/utec/humanoid_ws/install/h1_2_interface:/home/utec/humanoid_ws/install/unitree_go:/home/utec/humanoid_ws/install/unitree_api:/home/utec/humanoid_ws/install/h1_2_description:/home/utec/humanoid_ws/install/h1_2_algoritms:/home/utec/humanoid_ws/install/pycodes_h1:/home/utec/humanoid_ws/install/h1_2_model:/opt/ros/humble /usr/bin/cmake --build /home/utec/humanoid_ws/build/h1_2_interface -- -j8 -l8
[1.900s] DEBUG:colcon.colcon_core.event_handler.log_command:Invoking command in '/home/utec/humanoid_ws/build/h1_2_interface': CMAKE_PREFIX_PATH=/home/utec/humanoid_ws/install/unitree_hg:/home/utec/humanoid_ws/install/unitree_ros2_example:/home/utec/humanoid_ws/install/h1_2_interface:/home/utec/humanoid_ws/install/unitree_go:/home/utec/humanoid_ws/install/unitree_api:/home/utec/humanoid_ws/install/h1_2_description:/home/utec/humanoid_ws/install/h1_2_algoritms:/home/utec/humanoid_ws/install/pycodes_h1:/home/utec/humanoid_ws/install/h1_2_model:/opt/ros/humble /usr/bin/cmake --install /home/utec/humanoid_ws/build/h1_2_interface
[1.911s] Level 1:colcon.colcon_core.environment:checking '/home/utec/humanoid_ws/install/h1_2_algoritms' for CMake module files
[1.911s] Level 1:colcon.colcon_core.environment:checking '/home/utec/humanoid_ws/install/h1_2_algoritms' for CMake config files
[1.912s] Level 1:colcon.colcon_core.environment:checking '/home/utec/humanoid_ws/install/h1_2_algoritms/lib'
[1.912s] Level 1:colcon.colcon_core.environment:checking '/home/utec/humanoid_ws/install/h1_2_algoritms/bin'
[1.912s] Level 1:colcon.colcon_core.environment:checking '/home/utec/humanoid_ws/install/h1_2_algoritms/lib/pkgconfig/h1_2_algoritms.pc'
[1.912s] Level 1:colcon.colcon_core.environment:checking '/home/utec/humanoid_ws/install/h1_2_algoritms/lib/python3.10/site-packages'
[1.912s] Level 1:colcon.colcon_core.shell:create_environment_hook('h1_2_algoritms', 'pythonpath')
[1.912s] INFO:colcon.colcon_core.shell:Creating environment hook '/home/utec/humanoid_ws/install/h1_2_algoritms/share/h1_2_algoritms/hook/pythonpath.ps1'
[1.913s] DEBUG:colcon.colcon_core.event_handler.log_command:Invoked command in '/home/utec/humanoid_ws/src/h1_2_algoritms' returned '0': PYTHONPATH=/home/utec/humanoid_ws/build/h1_2_algoritms/prefix_override:/usr/lib/python3/dist-packages/colcon_core/task/python/colcon_distutils_commands:/home/utec/humanoid_ws/install/h1_2_algoritms/lib/python3.10/site-packages:${PYTHONPATH} /usr/bin/python3 -W ignore:setup.py install is deprecated -W ignore:easy_install command is deprecated setup.py egg_info --egg-base ../../build/h1_2_algoritms build --build-base /home/utec/humanoid_ws/build/h1_2_algoritms/build install --record /home/utec/humanoid_ws/build/h1_2_algoritms/install.log --single-version-externally-managed install_data
[1.913s] INFO:colcon.colcon_core.shell:Creating environment descriptor '/home/utec/humanoid_ws/install/h1_2_algoritms/share/h1_2_algoritms/hook/pythonpath.dsv'
[1.914s] INFO:colcon.colcon_core.shell:Creating environment hook '/home/utec/humanoid_ws/install/h1_2_algoritms/share/h1_2_algoritms/hook/pythonpath.sh'
[1.915s] Level 1:colcon.colcon_core.environment:checking '/home/utec/humanoid_ws/install/h1_2_algoritms/bin'
[1.915s] Level 1:colcon.colcon_core.environment:create_environment_scripts_only(h1_2_algoritms)
[1.916s] INFO:colcon.colcon_core.shell:Creating package script '/home/utec/humanoid_ws/install/h1_2_algoritms/share/h1_2_algoritms/package.ps1'
[1.916s] INFO:colcon.colcon_core.shell:Creating package descriptor '/home/utec/humanoid_ws/install/h1_2_algoritms/share/h1_2_algoritms/package.dsv'
[1.917s] INFO:colcon.colcon_core.shell:Creating package script '/home/utec/humanoid_ws/install/h1_2_algoritms/share/h1_2_algoritms/package.sh'
[1.917s] INFO:colcon.colcon_core.shell:Creating package script '/home/utec/humanoid_ws/install/h1_2_algoritms/share/h1_2_algoritms/package.bash'
[1.917s] INFO:colcon.colcon_core.shell:Creating package script '/home/utec/humanoid_ws/install/h1_2_algoritms/share/h1_2_algoritms/package.zsh'
[1.918s] Level 1:colcon.colcon_core.environment:create_file_with_runtime_dependencies(/home/utec/humanoid_ws/install/h1_2_algoritms/share/colcon-core/packages/h1_2_algoritms)
[1.919s] Level 1:colcon.colcon_core.environment:create_environment_scripts_only(h1_2_interface)
[1.919s] Level 1:colcon.colcon_core.environment:checking '/home/utec/humanoid_ws/install/h1_2_interface' for CMake module files
[1.920s] DEBUG:colcon.colcon_core.event_handler.log_command:Invoked command in '/home/utec/humanoid_ws/build/h1_2_interface' returned '0': CMAKE_PREFIX_PATH=/home/utec/humanoid_ws/install/unitree_hg:/home/utec/humanoid_ws/install/unitree_ros2_example:/home/utec/humanoid_ws/install/h1_2_interface:/home/utec/humanoid_ws/install/unitree_go:/home/utec/humanoid_ws/install/unitree_api:/home/utec/humanoid_ws/install/h1_2_description:/home/utec/humanoid_ws/install/h1_2_algoritms:/home/utec/humanoid_ws/install/pycodes_h1:/home/utec/humanoid_ws/install/h1_2_model:/opt/ros/humble /usr/bin/cmake --install /home/utec/humanoid_ws/build/h1_2_interface
[1.920s] Level 1:colcon.colcon_core.environment:checking '/home/utec/humanoid_ws/install/h1_2_interface' for CMake config files
[1.920s] Level 1:colcon.colcon_core.shell:create_environment_hook('h1_2_interface', 'cmake_prefix_path')
[1.921s] INFO:colcon.colcon_core.shell:Creating environment hook '/home/utec/humanoid_ws/install/h1_2_interface/share/h1_2_interface/hook/cmake_prefix_path.ps1'
[1.921s] INFO:colcon.colcon_core.shell:Creating environment descriptor '/home/utec/humanoid_ws/install/h1_2_interface/share/h1_2_interface/hook/cmake_prefix_path.dsv'
[1.922s] INFO:colcon.colcon_core.shell:Creating environment hook '/home/utec/humanoid_ws/install/h1_2_interface/share/h1_2_interface/hook/cmake_prefix_path.sh'
[1.923s] Level 1:colcon.colcon_core.environment:checking '/home/utec/humanoid_ws/install/h1_2_interface/lib'
[1.923s] Level 1:colcon.colcon_core.environment:checking '/home/utec/humanoid_ws/install/h1_2_interface/bin'
[1.923s] Level 1:colcon.colcon_core.environment:checking '/home/utec/humanoid_ws/install/h1_2_interface/lib/pkgconfig/h1_2_interface.pc'
[1.923s] Level 1:colcon.colcon_core.environment:checking '/home/utec/humanoid_ws/install/h1_2_interface/lib/python3.10/site-packages'
[1.924s] Level 1:colcon.colcon_core.environment:checking '/home/utec/humanoid_ws/install/h1_2_interface/bin'
[1.924s] INFO:colcon.colcon_core.shell:Creating package script '/home/utec/humanoid_ws/install/h1_2_interface/share/h1_2_interface/package.ps1'
[1.925s] INFO:colcon.colcon_core.shell:Creating package descriptor '/home/utec/humanoid_ws/install/h1_2_interface/share/h1_2_interface/package.dsv'
[1.925s] INFO:colcon.colcon_core.shell:Creating package script '/home/utec/humanoid_ws/install/h1_2_interface/share/h1_2_interface/package.sh'
[1.926s] INFO:colcon.colcon_core.shell:Creating package script '/home/utec/humanoid_ws/install/h1_2_interface/share/h1_2_interface/package.bash'
[1.926s] INFO:colcon.colcon_core.shell:Creating package script '/home/utec/humanoid_ws/install/h1_2_interface/share/h1_2_interface/package.zsh'
[1.927s] Level 1:colcon.colcon_core.environment:create_file_with_runtime_dependencies(/home/utec/humanoid_ws/install/h1_2_interface/share/colcon-core/packages/h1_2_interface)
[1.928s] Level 1:colcon.colcon_core.environment:create_environment_scripts_only(h1_2_interface)
[1.928s] Level 1:colcon.colcon_core.environment:checking '/home/utec/humanoid_ws/install/h1_2_interface' for CMake module files
[1.929s] Level 1:colcon.colcon_core.environment:checking '/home/utec/humanoid_ws/install/h1_2_interface' for CMake config files
[1.929s] Level 1:colcon.colcon_core.shell:create_environment_hook('h1_2_interface', 'cmake_prefix_path')
[1.930s] INFO:colcon.colcon_core.shell:Creating environment hook '/home/utec/humanoid_ws/install/h1_2_interface/share/h1_2_interface/hook/cmake_prefix_path.ps1'
[1.930s] INFO:colcon.colcon_core.shell:Creating environment descriptor '/home/utec/humanoid_ws/install/h1_2_interface/share/h1_2_interface/hook/cmake_prefix_path.dsv'
[1.931s] INFO:colcon.colcon_core.shell:Creating environment hook '/home/utec/humanoid_ws/install/h1_2_interface/share/h1_2_interface/hook/cmake_prefix_path.sh'
[1.932s] Level 1:colcon.colcon_core.environment:checking '/home/utec/humanoid_ws/install/h1_2_interface/lib'
[1.932s] Level 1:colcon.colcon_core.environment:checking '/home/utec/humanoid_ws/install/h1_2_interface/bin'
[1.932s] Level 1:colcon.colcon_core.environment:checking '/home/utec/humanoid_ws/install/h1_2_interface/lib/pkgconfig/h1_2_interface.pc'
[1.933s] Level 1:colcon.colcon_core.environment:checking '/home/utec/humanoid_ws/install/h1_2_interface/lib/python3.10/site-packages'
[1.933s] Level 1:colcon.colcon_core.environment:checking '/home/utec/humanoid_ws/install/h1_2_interface/bin'
[1.935s] INFO:colcon.colcon_core.shell:Creating package script '/home/utec/humanoid_ws/install/h1_2_interface/share/h1_2_interface/package.ps1'
[1.938s] INFO:colcon.colcon_core.shell:Creating package descriptor '/home/utec/humanoid_ws/install/h1_2_interface/share/h1_2_interface/package.dsv'
[1.939s] INFO:colcon.colcon_core.shell:Creating package script '/home/utec/humanoid_ws/install/h1_2_interface/share/h1_2_interface/package.sh'
[1.940s] INFO:colcon.colcon_core.shell:Creating package script '/home/utec/humanoid_ws/install/h1_2_interface/share/h1_2_interface/package.bash'
[1.942s] INFO:colcon.colcon_core.shell:Creating package script '/home/utec/humanoid_ws/install/h1_2_interface/share/h1_2_interface/package.zsh'
[1.943s] Level 1:colcon.colcon_core.environment:create_file_with_runtime_dependencies(/home/utec/humanoid_ws/install/h1_2_interface/share/colcon-core/packages/h1_2_interface)
[2.233s] DEBUG:colcon.colcon_core.event_handler.log_command:Invoked command in '/home/utec/humanoid_ws/build/unitree_ros2_example' returned '0': CMAKE_PREFIX_PATH=/home/utec/humanoid_ws/install/unitree_hg:/home/utec/humanoid_ws/install/unitree_go:/home/utec/humanoid_ws/install/unitree_api:/home/utec/humanoid_ws/install/unitree_ros2_example:/home/utec/humanoid_ws/install/h1_2_interface:/home/utec/humanoid_ws/install/h1_2_description:/home/utec/humanoid_ws/install/h1_2_algoritms:/home/utec/humanoid_ws/install/pycodes_h1:/home/utec/humanoid_ws/install/h1_2_model:/opt/ros/humble /usr/bin/cmake --build /home/utec/humanoid_ws/build/unitree_ros2_example -- -j8 -l8
[2.234s] DEBUG:colcon.colcon_core.event_handler.log_command:Invoking command in '/home/utec/humanoid_ws/build/unitree_ros2_example': CMAKE_PREFIX_PATH=/home/utec/humanoid_ws/install/unitree_hg:/home/utec/humanoid_ws/install/unitree_go:/home/utec/humanoid_ws/install/unitree_api:/home/utec/humanoid_ws/install/unitree_ros2_example:/home/utec/humanoid_ws/install/h1_2_interface:/home/utec/humanoid_ws/install/h1_2_description:/home/utec/humanoid_ws/install/h1_2_algoritms:/home/utec/humanoid_ws/install/pycodes_h1:/home/utec/humanoid_ws/install/h1_2_model:/opt/ros/humble /usr/bin/cmake --install /home/utec/humanoid_ws/build/unitree_ros2_example
[2.257s] Level 1:colcon.colcon_core.environment:create_environment_scripts_only(unitree_ros2_example)
[2.258s] Level 1:colcon.colcon_core.environment:checking '/home/utec/humanoid_ws/install/unitree_ros2_example' for CMake module files
[2.259s] DEBUG:colcon.colcon_core.event_handler.log_command:Invoked command in '/home/utec/humanoid_ws/build/unitree_ros2_example' returned '0': CMAKE_PREFIX_PATH=/home/utec/humanoid_ws/install/unitree_hg:/home/utec/humanoid_ws/install/unitree_go:/home/utec/humanoid_ws/install/unitree_api:/home/utec/humanoid_ws/install/unitree_ros2_example:/home/utec/humanoid_ws/install/h1_2_interface:/home/utec/humanoid_ws/install/h1_2_description:/home/utec/humanoid_ws/install/h1_2_algoritms:/home/utec/humanoid_ws/install/pycodes_h1:/home/utec/humanoid_ws/install/h1_2_model:/opt/ros/humble /usr/bin/cmake --install /home/utec/humanoid_ws/build/unitree_ros2_example
[2.260s] Level 1:colcon.colcon_core.environment:checking '/home/utec/humanoid_ws/install/unitree_ros2_example' for CMake config files
[2.260s] Level 1:colcon.colcon_core.shell:create_environment_hook('unitree_ros2_example', 'cmake_prefix_path')
[2.260s] INFO:colcon.colcon_core.shell:Creating environment hook '/home/utec/humanoid_ws/install/unitree_ros2_example/share/unitree_ros2_example/hook/cmake_prefix_path.ps1'
[2.261s] INFO:colcon.colcon_core.shell:Creating environment descriptor '/home/utec/humanoid_ws/install/unitree_ros2_example/share/unitree_ros2_example/hook/cmake_prefix_path.dsv'
[2.262s] INFO:colcon.colcon_core.shell:Creating environment hook '/home/utec/humanoid_ws/install/unitree_ros2_example/share/unitree_ros2_example/hook/cmake_prefix_path.sh'
[2.262s] Level 1:colcon.colcon_core.environment:checking '/home/utec/humanoid_ws/install/unitree_ros2_example/lib'
[2.263s] Level 1:colcon.colcon_core.environment:checking '/home/utec/humanoid_ws/install/unitree_ros2_example/bin'
[2.263s] Level 1:colcon.colcon_core.shell:create_environment_hook('unitree_ros2_example', 'path')
[2.263s] INFO:colcon.colcon_core.shell:Creating environment hook '/home/utec/humanoid_ws/install/unitree_ros2_example/share/unitree_ros2_example/hook/path.ps1'
[2.264s] INFO:colcon.colcon_core.shell:Creating environment descriptor '/home/utec/humanoid_ws/install/unitree_ros2_example/share/unitree_ros2_example/hook/path.dsv'
[2.264s] INFO:colcon.colcon_core.shell:Creating environment hook '/home/utec/humanoid_ws/install/unitree_ros2_example/share/unitree_ros2_example/hook/path.sh'
[2.265s] Level 1:colcon.colcon_core.environment:checking '/home/utec/humanoid_ws/install/unitree_ros2_example/lib/pkgconfig/unitree_ros2_example.pc'
[2.265s] Level 1:colcon.colcon_core.environment:checking '/home/utec/humanoid_ws/install/unitree_ros2_example/lib/python3.10/site-packages'
[2.265s] Level 1:colcon.colcon_core.environment:checking '/home/utec/humanoid_ws/install/unitree_ros2_example/bin'
[2.266s] Level 1:colcon.colcon_core.shell:create_environment_hook('unitree_ros2_example', 'pythonscriptspath')
[2.266s] INFO:colcon.colcon_core.shell:Creating environment hook '/home/utec/humanoid_ws/install/unitree_ros2_example/share/unitree_ros2_example/hook/pythonscriptspath.ps1'
[2.267s] INFO:colcon.colcon_core.shell:Creating environment descriptor '/home/utec/humanoid_ws/install/unitree_ros2_example/share/unitree_ros2_example/hook/pythonscriptspath.dsv'
[2.267s] INFO:colcon.colcon_core.shell:Creating environment hook '/home/utec/humanoid_ws/install/unitree_ros2_example/share/unitree_ros2_example/hook/pythonscriptspath.sh'
[2.268s] INFO:colcon.colcon_core.shell:Creating package script '/home/utec/humanoid_ws/install/unitree_ros2_example/share/unitree_ros2_example/package.ps1'
[2.269s] INFO:colcon.colcon_core.shell:Creating package descriptor '/home/utec/humanoid_ws/install/unitree_ros2_example/share/unitree_ros2_example/package.dsv'
[2.270s] INFO:colcon.colcon_core.shell:Creating package script '/home/utec/humanoid_ws/install/unitree_ros2_example/share/unitree_ros2_example/package.sh'
[2.271s] INFO:colcon.colcon_core.shell:Creating package script '/home/utec/humanoid_ws/install/unitree_ros2_example/share/unitree_ros2_example/package.bash'
[2.271s] INFO:colcon.colcon_core.shell:Creating package script '/home/utec/humanoid_ws/install/unitree_ros2_example/share/unitree_ros2_example/package.zsh'
[2.272s] Level 1:colcon.colcon_core.environment:create_file_with_runtime_dependencies(/home/utec/humanoid_ws/install/unitree_ros2_example/share/colcon-core/packages/unitree_ros2_example)
[2.273s] Level 1:colcon.colcon_core.environment:create_environment_scripts_only(unitree_ros2_example)
[2.273s] Level 1:colcon.colcon_core.environment:checking '/home/utec/humanoid_ws/install/unitree_ros2_example' for CMake module files
[2.274s] Level 1:colcon.colcon_core.environment:checking '/home/utec/humanoid_ws/install/unitree_ros2_example' for CMake config files
[2.274s] Level 1:colcon.colcon_core.shell:create_environment_hook('unitree_ros2_example', 'cmake_prefix_path')
[2.275s] INFO:colcon.colcon_core.shell:Creating environment hook '/home/utec/humanoid_ws/install/unitree_ros2_example/share/unitree_ros2_example/hook/cmake_prefix_path.ps1'
[2.275s] INFO:colcon.colcon_core.shell:Creating environment descriptor '/home/utec/humanoid_ws/install/unitree_ros2_example/share/unitree_ros2_example/hook/cmake_prefix_path.dsv'
[2.276s] INFO:colcon.colcon_core.shell:Creating environment hook '/home/utec/humanoid_ws/install/unitree_ros2_example/share/unitree_ros2_example/hook/cmake_prefix_path.sh'
[2.276s] Level 1:colcon.colcon_core.environment:checking '/home/utec/humanoid_ws/install/unitree_ros2_example/lib'
[2.276s] Level 1:colcon.colcon_core.environment:checking '/home/utec/humanoid_ws/install/unitree_ros2_example/bin'
[2.277s] Level 1:colcon.colcon_core.shell:create_environment_hook('unitree_ros2_example', 'path')
[2.277s] INFO:colcon.colcon_core.shell:Creating environment hook '/home/utec/humanoid_ws/install/unitree_ros2_example/share/unitree_ros2_example/hook/path.ps1'
[2.277s] INFO:colcon.colcon_core.shell:Creating environment descriptor '/home/utec/humanoid_ws/install/unitree_ros2_example/share/unitree_ros2_example/hook/path.dsv'
[2.278s] INFO:colcon.colcon_core.shell:Creating environment hook '/home/utec/humanoid_ws/install/unitree_ros2_example/share/unitree_ros2_example/hook/path.sh'
[2.278s] Level 1:colcon.colcon_core.environment:checking '/home/utec/humanoid_ws/install/unitree_ros2_example/lib/pkgconfig/unitree_ros2_example.pc'
[2.279s] Level 1:colcon.colcon_core.environment:checking '/home/utec/humanoid_ws/install/unitree_ros2_example/lib/python3.10/site-packages'
[2.279s] Level 1:colcon.colcon_core.environment:checking '/home/utec/humanoid_ws/install/unitree_ros2_example/bin'
[2.279s] Level 1:colcon.colcon_core.shell:create_environment_hook('unitree_ros2_example', 'pythonscriptspath')
[2.280s] INFO:colcon.colcon_core.shell:Creating environment hook '/home/utec/humanoid_ws/install/unitree_ros2_example/share/unitree_ros2_example/hook/pythonscriptspath.ps1'
[2.280s] INFO:colcon.colcon_core.shell:Creating environment descriptor '/home/utec/humanoid_ws/install/unitree_ros2_example/share/unitree_ros2_example/hook/pythonscriptspath.dsv'
[2.281s] INFO:colcon.colcon_core.shell:Creating environment hook '/home/utec/humanoid_ws/install/unitree_ros2_example/share/unitree_ros2_example/hook/pythonscriptspath.sh'
[2.282s] INFO:colcon.colcon_core.shell:Creating package script '/home/utec/humanoid_ws/install/unitree_ros2_example/share/unitree_ros2_example/package.ps1'
[2.283s] INFO:colcon.colcon_core.shell:Creating package descriptor '/home/utec/humanoid_ws/install/unitree_ros2_example/share/unitree_ros2_example/package.dsv'
[2.284s] INFO:colcon.colcon_core.shell:Creating package script '/home/utec/humanoid_ws/install/unitree_ros2_example/share/unitree_ros2_example/package.sh'
[2.284s] INFO:colcon.colcon_core.shell:Creating package script '/home/utec/humanoid_ws/install/unitree_ros2_example/share/unitree_ros2_example/package.bash'
[2.285s] INFO:colcon.colcon_core.shell:Creating package script '/home/utec/humanoid_ws/install/unitree_ros2_example/share/unitree_ros2_example/package.zsh'
[2.285s] Level 1:colcon.colcon_core.environment:create_file_with_runtime_dependencies(/home/utec/humanoid_ws/install/unitree_ros2_example/share/colcon-core/packages/unitree_ros2_example)
[2.497s] Level 1:colcon.colcon_core.environment:checking '/home/utec/humanoid_ws/install/h1_2_model' for CMake module files
[2.497s] Level 1:colcon.colcon_core.environment:checking '/home/utec/humanoid_ws/install/h1_2_model' for CMake config files
[2.498s] Level 1:colcon.colcon_core.environment:checking '/home/utec/humanoid_ws/install/h1_2_model/lib'
[2.498s] Level 1:colcon.colcon_core.environment:checking '/home/utec/humanoid_ws/install/h1_2_model/bin'
[2.498s] Level 1:colcon.colcon_core.environment:checking '/home/utec/humanoid_ws/install/h1_2_model/lib/pkgconfig/h1_2_model.pc'
[2.499s] Level 1:colcon.colcon_core.environment:checking '/home/utec/humanoid_ws/install/h1_2_model/lib/python3.10/site-packages'
[2.499s] Level 1:colcon.colcon_core.shell:create_environment_hook('h1_2_model', 'pythonpath')
[2.499s] INFO:colcon.colcon_core.shell:Creating environment hook '/home/utec/humanoid_ws/install/h1_2_model/share/h1_2_model/hook/pythonpath.ps1'
[2.500s] DEBUG:colcon.colcon_core.event_handler.log_command:Invoked command in '/home/utec/humanoid_ws/src/h1_2_utec/h1_2_model' returned '0': CMAKE_PREFIX_PATH=/home/utec/humanoid_ws/install/h1_2_description:/home/utec/humanoid_ws/install/unitree_ros2_example:/home/utec/humanoid_ws/install/h1_2_interface:/home/utec/humanoid_ws/install/unitree_hg:/home/utec/humanoid_ws/install/unitree_go:/home/utec/humanoid_ws/install/unitree_api PYTHONPATH=/home/utec/humanoid_ws/build/h1_2_model/prefix_override:/usr/lib/python3/dist-packages/colcon_core/task/python/colcon_distutils_commands:/home/utec/humanoid_ws/install/h1_2_model/lib/python3.10/site-packages:${PYTHONPATH} /usr/bin/python3 -W ignore:setup.py install is deprecated -W ignore:easy_install command is deprecated setup.py egg_info --egg-base ../../../build/h1_2_model build --build-base /home/utec/humanoid_ws/build/h1_2_model/build install --record /home/utec/humanoid_ws/build/h1_2_model/install.log --single-version-externally-managed install_data
[2.501s] INFO:colcon.colcon_core.shell:Creating environment descriptor '/home/utec/humanoid_ws/install/h1_2_model/share/h1_2_model/hook/pythonpath.dsv'
[2.501s] INFO:colcon.colcon_core.shell:Creating environment hook '/home/utec/humanoid_ws/install/h1_2_model/share/h1_2_model/hook/pythonpath.sh'
[2.504s] Level 1:colcon.colcon_core.environment:checking '/home/utec/humanoid_ws/install/h1_2_model/bin'
[2.504s] Level 1:colcon.colcon_core.environment:create_environment_scripts_only(h1_2_model)
[2.505s] INFO:colcon.colcon_core.shell:Creating package script '/home/utec/humanoid_ws/install/h1_2_model/share/h1_2_model/package.ps1'
[2.507s] INFO:colcon.colcon_core.shell:Creating package descriptor '/home/utec/humanoid_ws/install/h1_2_model/share/h1_2_model/package.dsv'
[2.508s] INFO:colcon.colcon_core.shell:Creating package script '/home/utec/humanoid_ws/install/h1_2_model/share/h1_2_model/package.sh'
[2.511s] INFO:colcon.colcon_core.shell:Creating package script '/home/utec/humanoid_ws/install/h1_2_model/share/h1_2_model/package.bash'
[2.512s] INFO:colcon.colcon_core.shell:Creating package script '/home/utec/humanoid_ws/install/h1_2_model/share/h1_2_model/package.zsh'
[2.514s] Level 1:colcon.colcon_core.environment:create_file_with_runtime_dependencies(/home/utec/humanoid_ws/install/h1_2_model/share/colcon-core/packages/h1_2_model)
[2.596s] DEBUG:colcon.colcon_core.event_handler.log_command:Invoking command in '/home/utec/humanoid_ws/src/pycodes_h1': CMAKE_PREFIX_PATH=/home/utec/humanoid_ws/install/unitree_hg:/home/utec/humanoid_ws/install/unitree_ros2_example:/home/utec/humanoid_ws/install/h1_2_interface:/home/utec/humanoid_ws/install/unitree_go:/home/utec/humanoid_ws/install/unitree_api:/home/utec/humanoid_ws/install/h1_2_description PYTHONPATH=/home/utec/humanoid_ws/build/pycodes_h1/prefix_override:/usr/lib/python3/dist-packages/colcon_core/task/python/colcon_distutils_commands:/home/utec/humanoid_ws/install/pycodes_h1/lib/python3.10/site-packages:${PYTHONPATH} /usr/bin/python3 -W ignore:setup.py install is deprecated -W ignore:easy_install command is deprecated setup.py egg_info --egg-base ../../build/pycodes_h1 build --build-base /home/utec/humanoid_ws/build/pycodes_h1/build install --record /home/utec/humanoid_ws/build/pycodes_h1/install.log --single-version-externally-managed install_data
[3.012s] Level 1:colcon.colcon_core.environment:checking '/home/utec/humanoid_ws/install/pycodes_h1' for CMake module files
[3.013s] DEBUG:colcon.colcon_core.event_handler.log_command:Invoked command in '/home/utec/humanoid_ws/src/pycodes_h1' returned '0': CMAKE_PREFIX_PATH=/home/utec/humanoid_ws/install/unitree_hg:/home/utec/humanoid_ws/install/unitree_ros2_example:/home/utec/humanoid_ws/install/h1_2_interface:/home/utec/humanoid_ws/install/unitree_go:/home/utec/humanoid_ws/install/unitree_api:/home/utec/humanoid_ws/install/h1_2_description PYTHONPATH=/home/utec/humanoid_ws/build/pycodes_h1/prefix_override:/usr/lib/python3/dist-packages/colcon_core/task/python/colcon_distutils_commands:/home/utec/humanoid_ws/install/pycodes_h1/lib/python3.10/site-packages:${PYTHONPATH} /usr/bin/python3 -W ignore:setup.py install is deprecated -W ignore:easy_install command is deprecated setup.py egg_info --egg-base ../../build/pycodes_h1 build --build-base /home/utec/humanoid_ws/build/pycodes_h1/build install --record /home/utec/humanoid_ws/build/pycodes_h1/install.log --single-version-externally-managed install_data
[3.013s] Level 1:colcon.colcon_core.environment:checking '/home/utec/humanoid_ws/install/pycodes_h1' for CMake config files
[3.014s] Level 1:colcon.colcon_core.environment:checking '/home/utec/humanoid_ws/install/pycodes_h1/lib'
[3.014s] Level 1:colcon.colcon_core.environment:checking '/home/utec/humanoid_ws/install/pycodes_h1/bin'
[3.014s] Level 1:colcon.colcon_core.environment:checking '/home/utec/humanoid_ws/install/pycodes_h1/lib/pkgconfig/pycodes_h1.pc'
[3.014s] Level 1:colcon.colcon_core.environment:checking '/home/utec/humanoid_ws/install/pycodes_h1/lib/python3.10/site-packages'
[3.014s] Level 1:colcon.colcon_core.shell:create_environment_hook('pycodes_h1', 'pythonpath')
[3.015s] INFO:colcon.colcon_core.shell:Creating environment hook '/home/utec/humanoid_ws/install/pycodes_h1/share/pycodes_h1/hook/pythonpath.ps1'
[3.015s] INFO:colcon.colcon_core.shell:Creating environment descriptor '/home/utec/humanoid_ws/install/pycodes_h1/share/pycodes_h1/hook/pythonpath.dsv'
[3.016s] INFO:colcon.colcon_core.shell:Creating environment hook '/home/utec/humanoid_ws/install/pycodes_h1/share/pycodes_h1/hook/pythonpath.sh'
[3.017s] Level 1:colcon.colcon_core.environment:checking '/home/utec/humanoid_ws/install/pycodes_h1/bin'
[3.017s] Level 1:colcon.colcon_core.environment:create_environment_scripts_only(pycodes_h1)
[3.017s] INFO:colcon.colcon_core.shell:Creating package script '/home/utec/humanoid_ws/install/pycodes_h1/share/pycodes_h1/package.ps1'
[3.018s] INFO:colcon.colcon_core.shell:Creating package descriptor '/home/utec/humanoid_ws/install/pycodes_h1/share/pycodes_h1/package.dsv'
[3.018s] INFO:colcon.colcon_core.shell:Creating package script '/home/utec/humanoid_ws/install/pycodes_h1/share/pycodes_h1/package.sh'
[3.019s] INFO:colcon.colcon_core.shell:Creating package script '/home/utec/humanoid_ws/install/pycodes_h1/share/pycodes_h1/package.bash'
[3.019s] INFO:colcon.colcon_core.shell:Creating package script '/home/utec/humanoid_ws/install/pycodes_h1/share/pycodes_h1/package.zsh'
[3.020s] Level 1:colcon.colcon_core.environment:create_file_with_runtime_dependencies(/home/utec/humanoid_ws/install/pycodes_h1/share/colcon-core/packages/pycodes_h1)
[3.020s] DEBUG:colcon.colcon_parallel_executor.executor.parallel:closing loop
[3.021s] DEBUG:colcon.colcon_parallel_executor.executor.parallel:loop closed
[3.021s] DEBUG:colcon.colcon_parallel_executor.executor.parallel:run_until_complete finished with '0'
[3.021s] DEBUG:colcon.colcon_core.event_reactor:joining thread
[3.027s] INFO:colcon.colcon_core.plugin_system:Skipping extension 'colcon_notification.desktop_notification.terminal_notifier': Not used on non-Darwin systems
[3.027s] INFO:colcon.colcon_core.plugin_system:Skipping extension 'colcon_notification.desktop_notification.win32': Not used on non-Windows systems
[3.027s] INFO:colcon.colcon_notification.desktop_notification:Sending desktop notification using 'notify2'
[3.038s] DEBUG:colcon.colcon_core.event_reactor:joined thread
[3.039s] INFO:colcon.colcon_core.shell:Creating prefix script '/home/utec/humanoid_ws/install/local_setup.ps1'
[3.040s] INFO:colcon.colcon_core.shell:Creating prefix util module '/home/utec/humanoid_ws/install/_local_setup_util_ps1.py'
[3.041s] INFO:colcon.colcon_core.shell:Creating prefix chain script '/home/utec/humanoid_ws/install/setup.ps1'
[3.043s] INFO:colcon.colcon_core.shell:Creating prefix script '/home/utec/humanoid_ws/install/local_setup.sh'
[3.043s] INFO:colcon.colcon_core.shell:Creating prefix util module '/home/utec/humanoid_ws/install/_local_setup_util_sh.py'
[3.044s] INFO:colcon.colcon_core.shell:Creating prefix chain script '/home/utec/humanoid_ws/install/setup.sh'
[3.045s] INFO:colcon.colcon_core.shell:Creating prefix script '/home/utec/humanoid_ws/install/local_setup.bash'
[3.046s] INFO:colcon.colcon_core.shell:Creating prefix chain script '/home/utec/humanoid_ws/install/setup.bash'
[3.047s] INFO:colcon.colcon_core.shell:Creating prefix script '/home/utec/humanoid_ws/install/local_setup.zsh'
[3.048s] INFO:colcon.colcon_core.shell:Creating prefix chain script '/home/utec/humanoid_ws/install/setup.zsh'
